profile,iso_class_id,representative_hash,class_size,graph_hash
"(4,0,0,0)","(4,0,0,0):iso-00001",fcc1ebef9787b30c47d8bd47a0afa53140e32d0a056d2d3ca678ba5ec56fb815,2,fcc1ebef9787b30c47d8bd47a0afa53140e32d0a056d2d3ca678ba5ec56fb815
"(4,0,0,0)","(4,0,0,0):iso-00001",fcc1ebef9787b30c47d8bd47a0afa53140e32d0a056d2d3ca678ba5ec56fb815,2,e3109d7a1c54837cae575859b0fc036fbe8c1277795810cff715174c343d1d0e
"(4,0,0,0)","(4,0,0,0):iso-00002",50bfb6cfbe4149071ceda731d4539a93efb43767003d02cac5e651255a73b171,8,50bfb6cfbe4149071ceda731d4539a93efb43767003d02cac5e651255a73b171
"(4,0,0,0)","(4,0,0,0):iso-00002",50bfb6cfbe4149071ceda731d4539a93efb43767003d02cac5e651255a73b171,8,bdafb2216f888ae9a3f3ccea75458a9a78a05f487ad9f68097d4920baef65eb2
"(4,0,0,0)","(4,0,0,0):iso-00002",50bfb6cfbe4149071ceda731d4539a93efb43767003d02cac5e651255a73b171,8,4df2b11e4411cf3ba74a62e819e357a250ac976a438c46a3c0f4eb4d11c96518
"(4,0,0,0)","(4,0,0,0):iso-00002",50bfb6cfbe4149071ceda731d4539a93efb43767003d02cac5e651255a73b171,8,f6fc0261ab67d4a3464020506e3badb76899531257faf6bada482739e96bfcd7
"(4,0,0,0)","(4,0,0,0):iso-00002",50bfb6cfbe4149071ceda731d4539a93efb43767003d02cac5e651255a73b171,8,62e1a2e5ea577435e409e5f583835c227f0dd400b15594e973bd2101b4e87d68
"(4,0,0,0)","(4,0,0,0):iso-00002",50bfb6cfbe4149071ceda731d4539a93efb43767003d02cac5e651255a73b171,8,b9d44c640eab2aa12018548beb7e6d9f3c934978a2b13f20b5dfc4d19750e66e
"(4,0,0,0)","(4,0,0,0):iso-00002",50bfb6cfbe4149071ceda731d4539a93efb43767003d02cac5e651255a73b171,8,17780700709718bccc86c65b31396ffae4b7aee79da811e145ae7d49ccb985bd
"(4,0,0,0)","(4,0,0,0):iso-00002",50bfb6cfbe4149071ceda731d4539a93efb43767003d02cac5e651255a73b171,8,e758b99806ec7f253d761554d1a042ba5d0abac37b33cbd9c3aa048475c3dc0d
"(4,0,0,0)","(4,0,0,0):iso-00003",17ace8e2724be053be9cb590223e5791a67971d43dc7652492b570c7fdcc6770,1,17ace8e2724be053be9cb590223e5791a67971d43dc7652492b570c7fdcc6770
"(4,0,0,0)","(4,0,0,0):iso-00004",fcc715f29ac61e27d6e71cb38a062eca4c2fc3ea292761b5a8eeaabf577533cd,1,fcc715f29ac61e27d6e71cb38a062eca4c2fc3ea292761b5a8eeaabf577533cd
"(4,0,0,0)","(4,0,0,0):iso-00005",c3426e3b68f638cd51c5b4407a681824980d607d0b3481cd3801ee53425d9b5a,1,c3426e3b68f638cd51c5b4407a681824980d607d0b3481cd3801ee53425d9b5a
"(4,0,0,0)","(4,0,0,0):iso-00006",2dccabcf1da8c78195dcbd6320e95c52dc0c87c3acc4ad801ffb726f55f1eb5c,1,2dccabcf1da8c78195dcbd6320e95c52dc0c87c3acc4ad801ffb726f55f1eb5c
"(4,0,0,0)","(4,0,0,0):iso-00007",ec157217bb0cf631e78554c078325683f7a2381f905f28bd641c06dce40fc272,18,ec157217bb0cf631e78554c078325683f7a2381f905f28bd641c06dce40fc272
"(4,0,0,0)","(4,0,0,0):iso-00007",ec157217bb0cf631e78554c078325683f7a2381f905f28bd641c06dce40fc272,18,3aab9e32fc4d0569186ca644092de9669234c76496a9223e25d7a82d49a6974b
"(4,0,0,0)","(4,0,0,0):iso-00007",ec157217bb0cf631e78554c078325683f7a2381f905f28bd641c06dce40fc272,18,659cdbf9a33e2011ca31bcdd776171da4763ffd455ab6aa559a17ca33f407a67
"(4,0,0,0)","(4,0,0,0):iso-00007",ec157217bb0cf631e78554c078325683f7a2381f905f28bd641c06dce40fc272,18,0f46ba33ad39d2d63d8cd25098f59935fd1ccb7e614edc7a4a0b4a38a26e5a42
"(4,0,0,0)","(4,0,0,0):iso-00007",ec157217bb0cf631e78554c078325683f7a2381f905f28bd641c06dce40fc272,18,5ef1e293c4775819f5f0783f9f1917d2b6a2b54f0f465129f7c7679fe8b6a2b3
"(4,0,0,0)","(4,0,0,0):iso-00007",ec157217bb0cf631e78554c078325683f7a2381f905f28bd641c06dce40fc272,18,26b4d140ba05debf0946e5f4657d5e711d980e831cb75c81b3691bbd28eed169
"(4,0,0,0)","(4,0,0,0):iso-00007",ec157217bb0cf631e78554c078325683f7a2381f905f28bd641c06dce40fc272,18,0db88fe29dd9785ec77d66ecee1d8fa4b9690425b0f1c3e6f76ff6dc6025083a
"(4,0,0,0)","(4,0,0,0):iso-00007",ec157217bb0cf631e78554c078325683f7a2381f905f28bd641c06dce40fc272,18,0e18f3b03b77c81afc9ae68ba923cdf73cfb67c52abcfad74638c6d950493688
"(4,0,0,0)","(4,0,0,0):iso-00007",ec157217bb0cf631e78554c078325683f7a2381f905f28bd641c06dce40fc272,18,1f21ec7c33f52428b98625d59c04487f5ede01aa048d88945f179bc5fdb9cbb3
"(4,0,0,0)","(4,0,0,0):iso-00007",ec157217bb0cf631e78554c078325683f7a2381f905f28bd641c06dce40fc272,18,b6406259e48244ffac2a9e19aba6499b8923734359bde9f7264b04dd6ec8c28a
"(4,0,0,0)","(4,0,0,0):iso-00007",ec157217bb0cf631e78554c078325683f7a2381f905f28bd641c06dce40fc272,18,d02e86f2e4692bdfc30daae677fc8041d92578378510370debe6fdc6ff3038eb
"(4,0,0,0)","(4,0,0,0):iso-00007",ec157217bb0cf631e78554c078325683f7a2381f905f28bd641c06dce40fc272,18,7fa2db9ba9243404d39f159aeb2c33e64f7ff9d69cc241ed9a8844a90de547ce
"(4,0,0,0)","(4,0,0,0):iso-00007",ec157217bb0cf631e78554c078325683f7a2381f905f28bd641c06dce40fc272,18,88dea5fbc858c2f6072ae4145e4dac495576da7e4b2218ac4376c946b1187138
"(4,0,0,0)","(4,0,0,0):iso-00007",ec157217bb0cf631e78554c078325683f7a2381f905f28bd641c06dce40fc272,18,d25645400cc866f70c8f625cc23142f2ad44ee5f466c546383ba9b9949cd2689
"(4,0,0,0)","(4,0,0,0):iso-00007",ec157217bb0cf631e78554c078325683f7a2381f905f28bd641c06dce40fc272,18,4565ad0708d0797e334e896b0be53661f732e508ffdc3f1b31ac58da340948ce
"(4,0,0,0)","(4,0,0,0):iso-00007",ec157217bb0cf631e78554c078325683f7a2381f905f28bd641c06dce40fc272,18,7c1aac20e7f4e5191fbc181c819d9a87354c59a2e7f1e8bbdbb9c174b6c840ca
"(4,0,0,0)","(4,0,0,0):iso-00007",ec157217bb0cf631e78554c078325683f7a2381f905f28bd641c06dce40fc272,18,5e274f8e8fb53804ff5d555a120458027dd7372949af810fcd54781a7067e6e8
"(4,0,0,0)","(4,0,0,0):iso-00007",ec157217bb0cf631e78554c078325683f7a2381f905f28bd641c06dce40fc272,18,4e7c5c0b348edfb6445d38ce760c441eb780a311c20096e283c105ac82215134
"(4,0,0,0)","(4,0,0,0):iso-00008",cc173316c6833592466563352693b1f93fc643804ca684968e80c25fe7c8899c,1,cc173316c6833592466563352693b1f93fc643804ca684968e80c25fe7c8899c
"(4,0,0,0)","(4,0,0,0):iso-00009",29c918618c73fbd285cbdd9cc55726de661b79ca88bbe7a58613d6175d6fef01,2,29c918618c73fbd285cbdd9cc55726de661b79ca88bbe7a58613d6175d6fef01
"(4,0,0,0)","(4,0,0,0):iso-00009",29c918618c73fbd285cbdd9cc55726de661b79ca88bbe7a58613d6175d6fef01,2,9a688b851499a1035d9aa7be8c2bf4bd34d78ac0213c6751fe0902ab04d018f5
"(4,0,0,0)","(4,0,0,0):iso-00010",8d1e81cf5a8a48f686a35278d98969338fa6c9eb1b12be1c0577fdb092a33b96,7,8d1e81cf5a8a48f686a35278d98969338fa6c9eb1b12be1c0577fdb092a33b96
"(4,0,0,0)","(4,0,0,0):iso-00010",8d1e81cf5a8a48f686a35278d98969338fa6c9eb1b12be1c0577fdb092a33b96,7,73effe267cffb78486ed4092acd4a1a210401640a7fc2595b10f17d7820f33e5
"(4,0,0,0)","(4,0,0,0):iso-00010",8d1e81cf5a8a48f686a35278d98969338fa6c9eb1b12be1c0577fdb092a33b96,7,fb721eea49b4cf6378c96171fd31bd10ac9970da39748a4225189fbd5df1da50
"(4,0,0,0)","(4,0,0,0):iso-00010",8d1e81cf5a8a48f686a35278d98969338fa6c9eb1b12be1c0577fdb092a33b96,7,2340f5c5a45e90f83257d31ab7ed327224bcd4e58dcc729e570874d9d8824798
"(4,0,0,0)","(4,0,0,0):iso-00010",8d1e81cf5a8a48f686a35278d98969338fa6c9eb1b12be1c0577fdb092a33b96,7,7f8b2b6366e5fad5f92e5ee492c2790b0f889aef6490788a8816f10b121841fb
"(4,0,0,0)","(4,0,0,0):iso-00010",8d1e81cf5a8a48f686a35278d98969338fa6c9eb1b12be1c0577fdb092a33b96,7,c9b790974fcb8eaa87de942e4030a40af6c8696ecaa7176cd4c7b0f36b572b31
"(4,0,0,0)","(4,0,0,0):iso-00010",8d1e81cf5a8a48f686a35278d98969338fa6c9eb1b12be1c0577fdb092a33b96,7,93634ae05558393fc65ca86438cce611f5ecaba28466cd31ac43ccd6e809cffa
"(4,0,0,0)","(4,0,0,0):iso-00011",d5d7443b7fee87c54aad90c252be732c4a8f4faa43a50158e6a08c5753489a72,1,d5d7443b7fee87c54aad90c252be732c4a8f4faa43a50158e6a08c5753489a72
"(4,0,0,0)","(4,0,0,0):iso-00012",0fd9f8ea847055c98213c7fd7df89c015c3bfb821e52785394713def46012932,1,0fd9f8ea847055c98213c7fd7df89c015c3bfb821e52785394713def46012932
"(4,0,0,0)","(4,0,0,0):iso-00013",f76e794b6f444c3d22ba2093c46de7489a17f64f3716da949c93ff56c2de105f,1,f76e794b6f444c3d22ba2093c46de7489a17f64f3716da949c93ff56c2de105f
"(4,0,0,0)","(4,0,0,0):iso-00014",b47179c4bc195e3d458fc05f3007997b29c46a1213170239955128f4bae8e266,10,b47179c4bc195e3d458fc05f3007997b29c46a1213170239955128f4bae8e266
"(4,0,0,0)","(4,0,0,0):iso-00014",b47179c4bc195e3d458fc05f3007997b29c46a1213170239955128f4bae8e266,10,e2f4a30141bc424f69b0deb4c48fbfd0be7865ccbd1e5142ccfb93abcfe6fc60
"(4,0,0,0)","(4,0,0,0):iso-00014",b47179c4bc195e3d458fc05f3007997b29c46a1213170239955128f4bae8e266,10,1148d044795455e7f28c0b9a9d3ba2422ffc9536c23176bd029a4ced7194f1cb
"(4,0,0,0)","(4,0,0,0):iso-00014",b47179c4bc195e3d458fc05f3007997b29c46a1213170239955128f4bae8e266,10,87c20559567aae03c0475e6a53369ae24061bb3aa11f000a582dac228dbf791c
"(4,0,0,0)","(4,0,0,0):iso-00014",b47179c4bc195e3d458fc05f3007997b29c46a1213170239955128f4bae8e266,10,9dc165342740d8981a8fde7c03b83543d0a6f1be0e57cb864b936f0efde65b47
"(4,0,0,0)","(4,0,0,0):iso-00014",b47179c4bc195e3d458fc05f3007997b29c46a1213170239955128f4bae8e266,10,5af2f4e80012145fc3a0e48a90913a02b739c9179adaaa01e09b43da26333b42
"(4,0,0,0)","(4,0,0,0):iso-00014",b47179c4bc195e3d458fc05f3007997b29c46a1213170239955128f4bae8e266,10,b3b28fff82e1f483ebbe76bf36240be84a7274be5d4eb75e068f7f84f5f2f964
"(4,0,0,0)","(4,0,0,0):iso-00014",b47179c4bc195e3d458fc05f3007997b29c46a1213170239955128f4bae8e266,10,3c176e112f995f3b2689cc2650edaef7969dee908503c53126d6b6125d61c039
"(4,0,0,0)","(4,0,0,0):iso-00014",b47179c4bc195e3d458fc05f3007997b29c46a1213170239955128f4bae8e266,10,e4a1d3b47de4be31aa1562c19b04b79dbc7f360cff6007812a8f46cb3c66b517
"(4,0,0,0)","(4,0,0,0):iso-00014",b47179c4bc195e3d458fc05f3007997b29c46a1213170239955128f4bae8e266,10,7cce39101bfb9e8a6ab2bd6079874d3359e082709991b678bd6faa6e7870350a
"(4,0,0,0)","(4,0,0,0):iso-00015",e3323c59474d87553b5fd77a3a5022775e98653092606b0aa0fac8aceb9ea745,1,e3323c59474d87553b5fd77a3a5022775e98653092606b0aa0fac8aceb9ea745
"(4,0,0,0)","(4,0,0,0):iso-00016",5677bee96b9b846842d3b53f6c99076e42e3916439af1ee4fa17e1fc15c95677,1,5677bee96b9b846842d3b53f6c99076e42e3916439af1ee4fa17e1fc15c95677
"(4,0,0,0)","(4,0,0,0):iso-00017",d7802b9a9bf00594c5f82d880633561bd7a9904d48beca10ee210cb5a778eb6f,10,d7802b9a9bf00594c5f82d880633561bd7a9904d48beca10ee210cb5a778eb6f
"(4,0,0,0)","(4,0,0,0):iso-00017",d7802b9a9bf00594c5f82d880633561bd7a9904d48beca10ee210cb5a778eb6f,10,aa5236a663e1fe19e8f00e5c7cd007d84819f3cba1d1b4c5f1cad0f55aa12dba
"(4,0,0,0)","(4,0,0,0):iso-00017",d7802b9a9bf00594c5f82d880633561bd7a9904d48beca10ee210cb5a778eb6f,10,ead6e9321715c9110c4f4b1d62d8724949aa8d139acdbcd6b3100b2ec281541a
"(4,0,0,0)","(4,0,0,0):iso-00017",d7802b9a9bf00594c5f82d880633561bd7a9904d48beca10ee210cb5a778eb6f,10,4c5c91259b1a6b1964d070d4a67c07dcede8dd866355d17bc39dbddf9e5e6ce2
"(4,0,0,0)","(4,0,0,0):iso-00017",d7802b9a9bf00594c5f82d880633561bd7a9904d48beca10ee210cb5a778eb6f,10,7aacd5bef08303df1f9d74d6d300bea97d7629b6df4045979b04e7310f4bcbb1
"(4,0,0,0)","(4,0,0,0):iso-00017",d7802b9a9bf00594c5f82d880633561bd7a9904d48beca10ee210cb5a778eb6f,10,5f25705bcae9a11912c2db578039ba24bcb7b9c69e0a3a46141874164b09cda4
"(4,0,0,0)","(4,0,0,0):iso-00017",d7802b9a9bf00594c5f82d880633561bd7a9904d48beca10ee210cb5a778eb6f,10,45e7227790d33b4fa569dbd0eceaa18aa4eb65782811586079f6401393ebbfad
"(4,0,0,0)","(4,0,0,0):iso-00017",d7802b9a9bf00594c5f82d880633561bd7a9904d48beca10ee210cb5a778eb6f,10,9b24f38cf45395a7f22237bea113a8f097b737e56b54cc7111af3735d44d9169
"(4,0,0,0)","(4,0,0,0):iso-00017",d7802b9a9bf00594c5f82d880633561bd7a9904d48beca10ee210cb5a778eb6f,10,579d21e0ba4ca4d297760741639bdf41ab55cc729fdbb9ea89000f4ce62bfccd
"(4,0,0,0)","(4,0,0,0):iso-00017",d7802b9a9bf00594c5f82d880633561bd7a9904d48beca10ee210cb5a778eb6f,10,f0e67e1b67f492322dfdb494dcc8625511fde84bf81c676d0f2087131f557206
"(4,0,0,0)","(4,0,0,0):iso-00018",80c9c4dec29035fcbbd2ebf9093ea94065895bca26191300cf29ab61e5b41103,1,80c9c4dec29035fcbbd2ebf9093ea94065895bca26191300cf29ab61e5b41103
"(4,0,0,0)","(4,0,0,0):iso-00019",acf8b0601870632e43d0ad6c3a5f199f772a1e86946b0351da4ba8eaf0599f09,6,acf8b0601870632e43d0ad6c3a5f199f772a1e86946b0351da4ba8eaf0599f09
"(4,0,0,0)","(4,0,0,0):iso-00019",acf8b0601870632e43d0ad6c3a5f199f772a1e86946b0351da4ba8eaf0599f09,6,d5e032221bbb789348c08ac9c8e431f0cb2484f6a0fafb05b15dc9fc66d7752e
"(4,0,0,0)","(4,0,0,0):iso-00019",acf8b0601870632e43d0ad6c3a5f199f772a1e86946b0351da4ba8eaf0599f09,6,0ecb5c84c8dff47834d880f8b33a726662853c0288ac2574e9938abc0f0b4695
"(4,0,0,0)","(4,0,0,0):iso-00019",acf8b0601870632e43d0ad6c3a5f199f772a1e86946b0351da4ba8eaf0599f09,6,6136a0f54a64f954d1c61c68a459f6ba1a81aba7d87df366db5c365af86f45d3
"(4,0,0,0)","(4,0,0,0):iso-00019",acf8b0601870632e43d0ad6c3a5f199f772a1e86946b0351da4ba8eaf0599f09,6,0f47a3db55b7e9e4f20750ffe5d0300d49dace2d55069dcdaa070cba32fc7201
"(4,0,0,0)","(4,0,0,0):iso-00019",acf8b0601870632e43d0ad6c3a5f199f772a1e86946b0351da4ba8eaf0599f09,6,afcf05b34748c5fc17910b9c80e4cdde98b9fbaaf2cf25206459f8cbf8173493
"(4,0,0,0)","(4,0,0,0):iso-00020",f398dd9300c3f37fa91baeba758bea04d9239cb6d1b18abccfd25d252c4e2a22,16,f398dd9300c3f37fa91baeba758bea04d9239cb6d1b18abccfd25d252c4e2a22
"(4,0,0,0)","(4,0,0,0):iso-00020",f398dd9300c3f37fa91baeba758bea04d9239cb6d1b18abccfd25d252c4e2a22,16,e737b0e9611161ffaa9fe7d59b66881a285f9e7b1ed6ebce9aca023aeedaad97
"(4,0,0,0)","(4,0,0,0):iso-00020",f398dd9300c3f37fa91baeba758bea04d9239cb6d1b18abccfd25d252c4e2a22,16,421c8ad501287206d0a517e0213c2c8c204152e082933aa1b9e21a5b62408e56
"(4,0,0,0)","(4,0,0,0):iso-00020",f398dd9300c3f37fa91baeba758bea04d9239cb6d1b18abccfd25d252c4e2a22,16,da9fc67a5fffd48957f1758842a8de3efe1c455792d8a27b4f40b60d62a22f8d
"(4,0,0,0)","(4,0,0,0):iso-00020",f398dd9300c3f37fa91baeba758bea04d9239cb6d1b18abccfd25d252c4e2a22,16,bcaea41b7e66be3a4e9110e98a490f0f55dea3ffbf55446e41a5368ec34f7f40
"(4,0,0,0)","(4,0,0,0):iso-00020",f398dd9300c3f37fa91baeba758bea04d9239cb6d1b18abccfd25d252c4e2a22,16,73c4ac0963520d330500211deef50f30611a546b9940f1e23e110963654a7471
"(4,0,0,0)","(4,0,0,0):iso-00020",f398dd9300c3f37fa91baeba758bea04d9239cb6d1b18abccfd25d252c4e2a22,16,a3b69746b091619ab94442cf795054ed7c5f48dadfe5b7a88e67a1bdb80f4383
"(4,0,0,0)","(4,0,0,0):iso-00020",f398dd9300c3f37fa91baeba758bea04d9239cb6d1b18abccfd25d252c4e2a22,16,52ce0b216dd3a04a0399881125284adf17597336ddbbec6dba7019c6b73d60d2
"(4,0,0,0)","(4,0,0,0):iso-00020",f398dd9300c3f37fa91baeba758bea04d9239cb6d1b18abccfd25d252c4e2a22,16,f034971674b1927620a7c29dc37a4c093afa65734e31c0ee86788263554e975f
"(4,0,0,0)","(4,0,0,0):iso-00020",f398dd9300c3f37fa91baeba758bea04d9239cb6d1b18abccfd25d252c4e2a22,16,adcf4f147d5d86fbf01b9ec9262de9fd58a23800f8b584900c96c5fe2b149816
"(4,0,0,0)","(4,0,0,0):iso-00020",f398dd9300c3f37fa91baeba758bea04d9239cb6d1b18abccfd25d252c4e2a22,16,f39e47b7e82e6b4091a78b89690ab00e2daaedf64efd99865c25309a963c5c59
"(4,0,0,0)","(4,0,0,0):iso-00020",f398dd9300c3f37fa91baeba758bea04d9239cb6d1b18abccfd25d252c4e2a22,16,a28726a844c833d40f4810f4b3ad2d45334a426b8a216f5261b82a6ec3d6ab9f
"(4,0,0,0)","(4,0,0,0):iso-00020",f398dd9300c3f37fa91baeba758bea04d9239cb6d1b18abccfd25d252c4e2a22,16,b9af96913fe4b5c3cf589a00dcc33da9a4741c75887a2db03a78adc76406b5ac
"(4,0,0,0)","(4,0,0,0):iso-00020",f398dd9300c3f37fa91baeba758bea04d9239cb6d1b18abccfd25d252c4e2a22,16,87b0664e5e8a0615d3ab2cd5a28f09bcffe5c4f48ece7783bb61c34aeee8402e
"(4,0,0,0)","(4,0,0,0):iso-00020",f398dd9300c3f37fa91baeba758bea04d9239cb6d1b18abccfd25d252c4e2a22,16,969da05eee8bec26c458a35d55385e57ae2a085a6a7178982c54ad6b5d1ce054
"(4,0,0,0)","(4,0,0,0):iso-00020",f398dd9300c3f37fa91baeba758bea04d9239cb6d1b18abccfd25d252c4e2a22,16,4af088b1897d4cf2b410ff30e7c0936d5e55092aa16165d87fa036976a6786ce
"(4,0,0,0)","(4,0,0,0):iso-00021",6bd8f9145c419b95a402b3f22b4e6c4d13eb4c8ab066741c2191939fba6611e4,4,6bd8f9145c419b95a402b3f22b4e6c4d13eb4c8ab066741c2191939fba6611e4
"(4,0,0,0)","(4,0,0,0):iso-00021",6bd8f9145c419b95a402b3f22b4e6c4d13eb4c8ab066741c2191939fba6611e4,4,c369719f2a40ddfcba0eaa93074b47e94c7aea0a5b0874f84a610b0784d7e0a8
"(4,0,0,0)","(4,0,0,0):iso-00021",6bd8f9145c419b95a402b3f22b4e6c4d13eb4c8ab066741c2191939fba6611e4,4,08fc8d31c7018aa19bc3a4314efe5e2ef34cd7250e1c9c751a6e1c209ce462e9
"(4,0,0,0)","(4,0,0,0):iso-00021",6bd8f9145c419b95a402b3f22b4e6c4d13eb4c8ab066741c2191939fba6611e4,4,a8553ad3b02b15a5888e06a625f95a31d32d6d064c29a8c5da169318246e7a93
"(4,0,0,0)","(4,0,0,0):iso-00022",57ffcbc5208de7aae826ebb1ddfe598a2ce9eb0a021e952970bbea4cfbf4d5df,7,57ffcbc5208de7aae826ebb1ddfe598a2ce9eb0a021e952970bbea4cfbf4d5df
"(4,0,0,0)","(4,0,0,0):iso-00022",57ffcbc5208de7aae826ebb1ddfe598a2ce9eb0a021e952970bbea4cfbf4d5df,7,2afec2cd48db7f30dd77b6cf93e2ffd4fab8d3d18ebf0eadd80bae9da9c3acb9
"(4,0,0,0)","(4,0,0,0):iso-00022",57ffcbc5208de7aae826ebb1ddfe598a2ce9eb0a021e952970bbea4cfbf4d5df,7,230d5c770ff33d781792f2077f7347c8cf2492572c5c88cfe74e38a45a4242b6
"(4,0,0,0)","(4,0,0,0):iso-00022",57ffcbc5208de7aae826ebb1ddfe598a2ce9eb0a021e952970bbea4cfbf4d5df,7,67ca366d6e82200c36211942ab5e155afe1a1b99606dc202444648e047cea856
"(4,0,0,0)","(4,0,0,0):iso-00022",57ffcbc5208de7aae826ebb1ddfe598a2ce9eb0a021e952970bbea4cfbf4d5df,7,d59ee28d5f49d60bd87ce001776550356cec950fe470efd6b38860d8f95b0942
"(4,0,0,0)","(4,0,0,0):iso-00022",57ffcbc5208de7aae826ebb1ddfe598a2ce9eb0a021e952970bbea4cfbf4d5df,7,3d40b7c222d3d2a8b5d008f747b71f92d8655cb95ffb69112d6de6a5d842830a
"(4,0,0,0)","(4,0,0,0):iso-00022",57ffcbc5208de7aae826ebb1ddfe598a2ce9eb0a021e952970bbea4cfbf4d5df,7,bc3dd7083282460f687f19c3b2165961ec042b37ce2cccac3f8d6317b1e7e86c
"(4,0,0,0)","(4,0,0,0):iso-00023",8afa1624a15c9b995cb952a175ebb73873c5715b09a94614702e28a0e0f8a53b,1,8afa1624a15c9b995cb952a175ebb73873c5715b09a94614702e28a0e0f8a53b
"(4,0,0,0)","(4,0,0,0):iso-00024",924f4adfe64611ccde15f12e4e139c3a910e7b0c63c3df57476d6d32a5e1b88f,7,924f4adfe64611ccde15f12e4e139c3a910e7b0c63c3df57476d6d32a5e1b88f
"(4,0,0,0)","(4,0,0,0):iso-00024",924f4adfe64611ccde15f12e4e139c3a910e7b0c63c3df57476d6d32a5e1b88f,7,c2a5374653acf02a5cddf0ec51e8b379290f281d720390cac1954760e3453005
"(4,0,0,0)","(4,0,0,0):iso-00024",924f4adfe64611ccde15f12e4e139c3a910e7b0c63c3df57476d6d32a5e1b88f,7,63358425a9d01fec6c897ad375906c44c436378e2b3fd197070f584fa15f638b
"(4,0,0,0)","(4,0,0,0):iso-00024",924f4adfe64611ccde15f12e4e139c3a910e7b0c63c3df57476d6d32a5e1b88f,7,7e40f31de694d8bf6239fc699716e09d74d1ae6a6ef882212756df3b25b128b9
"(4,0,0,0)","(4,0,0,0):iso-00024",924f4adfe64611ccde15f12e4e139c3a910e7b0c63c3df57476d6d32a5e1b88f,7,0f7fcf4787002402de5cfc03577c7864218f78f30c5efe6a8a9d0dd8469054ee
"(4,0,0,0)","(4,0,0,0):iso-00024",924f4adfe64611ccde15f12e4e139c3a910e7b0c63c3df57476d6d32a5e1b88f,7,ada189483a2c0aaca2749f4c43184f5067d0fd69cbf76a21182b8a0d44f42f72
"(4,0,0,0)","(4,0,0,0):iso-00024",924f4adfe64611ccde15f12e4e139c3a910e7b0c63c3df57476d6d32a5e1b88f,7,76a1e142204885dd87ec21d97692a5cbde7efdf280080cfea81cd7e191b60a3b
"(4,0,0,0)","(4,0,0,0):iso-00025",e999eab4d25db71f71ea7b83a392e6e4cd7badf2c5a6c79b7b46c5a55df40122,8,e999eab4d25db71f71ea7b83a392e6e4cd7badf2c5a6c79b7b46c5a55df40122
"(4,0,0,0)","(4,0,0,0):iso-00025",e999eab4d25db71f71ea7b83a392e6e4cd7badf2c5a6c79b7b46c5a55df40122,8,bad432aad182805991f564959c63eb2c071b6b66f3a1e16971da632afcfd7616
"(4,0,0,0)","(4,0,0,0):iso-00025",e999eab4d25db71f71ea7b83a392e6e4cd7badf2c5a6c79b7b46c5a55df40122,8,b0d8425b4b4107f2d2e1f32dc4c086fae32ffd2789f2380a9514e467a5ae6905
"(4,0,0,0)","(4,0,0,0):iso-00025",e999eab4d25db71f71ea7b83a392e6e4cd7badf2c5a6c79b7b46c5a55df40122,8,e9b530a5c16f5c89b5eb4fc9d9cb2b3a75affaa7ec9d35141e6bc67cc5373e9a
"(4,0,0,0)","(4,0,0,0):iso-00025",e999eab4d25db71f71ea7b83a392e6e4cd7badf2c5a6c79b7b46c5a55df40122,8,b29bacd7a95cef6fd86a3b6c708ce87d6cb1fd83311a67834dc252c5428c43c5
"(4,0,0,0)","(4,0,0,0):iso-00025",e999eab4d25db71f71ea7b83a392e6e4cd7badf2c5a6c79b7b46c5a55df40122,8,7c41ae2e89d80257fd9848b455a22b8c804112fe869cfeb34d1add11e9063ebb
"(4,0,0,0)","(4,0,0,0):iso-00025",e999eab4d25db71f71ea7b83a392e6e4cd7badf2c5a6c79b7b46c5a55df40122,8,9054439eb2fd3709faf5af608ada6b8778adbe0cf84406292a41a835f4c202a6
"(4,0,0,0)","(4,0,0,0):iso-00025",e999eab4d25db71f71ea7b83a392e6e4cd7badf2c5a6c79b7b46c5a55df40122,8,fa2cb0c156cca81e250ba1e598a4d835ba428246aa644bccd4fc24ab57749486
"(4,0,0,0)","(4,0,0,0):iso-00026",100287ca17544787cb00390ffc026ff8ca682e06ac86553b7c223ea5ef19be37,2,100287ca17544787cb00390ffc026ff8ca682e06ac86553b7c223ea5ef19be37
"(4,0,0,0)","(4,0,0,0):iso-00026",100287ca17544787cb00390ffc026ff8ca682e06ac86553b7c223ea5ef19be37,2,fa15ffa117b85a5fb219fab2708ad51e711ba6005789abc716cb7f323b3ea5b3
"(4,0,0,0)","(4,0,0,0):iso-00027",e2e82d6036814ae375314332072d8212e2eb70ea0e9c1d5bb95e16d14a3c4568,8,e2e82d6036814ae375314332072d8212e2eb70ea0e9c1d5bb95e16d14a3c4568
"(4,0,0,0)","(4,0,0,0):iso-00027",e2e82d6036814ae375314332072d8212e2eb70ea0e9c1d5bb95e16d14a3c4568,8,63a4c301df97ef05b42f2baa68c7f280ce893d87312f0ea7d256881d0e7fa3a2
"(4,0,0,0)","(4,0,0,0):iso-00027",e2e82d6036814ae375314332072d8212e2eb70ea0e9c1d5bb95e16d14a3c4568,8,b87d7c56743d7f06ef55fd9c31d9ec839f1d1da288c3073c4cfc1b98e38e7870
"(4,0,0,0)","(4,0,0,0):iso-00027",e2e82d6036814ae375314332072d8212e2eb70ea0e9c1d5bb95e16d14a3c4568,8,0e0ac4488e2e558c4a3e34d6f019332bc59d59592a98d3017f2a4807083b475a
"(4,0,0,0)","(4,0,0,0):iso-00027",e2e82d6036814ae375314332072d8212e2eb70ea0e9c1d5bb95e16d14a3c4568,8,69663c49182842bd14ba7c53a371b7b836f702f52816bd0a1e633ed326b2580a
"(4,0,0,0)","(4,0,0,0):iso-00027",e2e82d6036814ae375314332072d8212e2eb70ea0e9c1d5bb95e16d14a3c4568,8,34a0d64f7e8c2dae501f92fb04925a28ce154d1dd04f56168c5407783bfe8396
"(4,0,0,0)","(4,0,0,0):iso-00027",e2e82d6036814ae375314332072d8212e2eb70ea0e9c1d5bb95e16d14a3c4568,8,bf92a663c21b663de18ade370a049fb48ee793006e9f7bce2c8ceb9d01fec4a0
"(4,0,0,0)","(4,0,0,0):iso-00027",e2e82d6036814ae375314332072d8212e2eb70ea0e9c1d5bb95e16d14a3c4568,8,bca6a59b854bcd009d5b53fefaedb0dc0c057c0b6c1feae3d234cffefe9ed7ad
"(4,0,0,0)","(4,0,0,0):iso-00028",d1017f5a43b7e130005dc6536c462e85907a61f2068fdaa6dd089a36aee45bf1,1,d1017f5a43b7e130005dc6536c462e85907a61f2068fdaa6dd089a36aee45bf1
"(4,0,0,0)","(4,0,0,0):iso-00029",8cca1bf7307c80ca83f906e65d1d2a09f27cc1b7a0c40aa1ad893229ba676c7f,1,8cca1bf7307c80ca83f906e65d1d2a09f27cc1b7a0c40aa1ad893229ba676c7f
"(4,0,0,0)","(4,0,0,0):iso-00030",1ee8d6745f6ed06d2e934e9e0e7df3a05085905e1163f12c2d7b0d9968b0f0ac,22,1ee8d6745f6ed06d2e934e9e0e7df3a05085905e1163f12c2d7b0d9968b0f0ac
"(4,0,0,0)","(4,0,0,0):iso-00030",1ee8d6745f6ed06d2e934e9e0e7df3a05085905e1163f12c2d7b0d9968b0f0ac,22,6dbf7fce547f3a969fef691e21fd165902ed64baed099679e3a4a8bd96c731bd
"(4,0,0,0)","(4,0,0,0):iso-00030",1ee8d6745f6ed06d2e934e9e0e7df3a05085905e1163f12c2d7b0d9968b0f0ac,22,0a5dd12a796a300cb4cabb27606dc0b06c803c7969294f79cdbd03b372b8ec99
"(4,0,0,0)","(4,0,0,0):iso-00030",1ee8d6745f6ed06d2e934e9e0e7df3a05085905e1163f12c2d7b0d9968b0f0ac,22,11c1993adf075dce3809dfd723569618822fba92411b1ff564c319d5c846e9fb
"(4,0,0,0)","(4,0,0,0):iso-00030",1ee8d6745f6ed06d2e934e9e0e7df3a05085905e1163f12c2d7b0d9968b0f0ac,22,12c5ffd9115d94d711f53fbc01ce3ff0596b26716bf279b38c8a990543c6e3b6
"(4,0,0,0)","(4,0,0,0):iso-00030",1ee8d6745f6ed06d2e934e9e0e7df3a05085905e1163f12c2d7b0d9968b0f0ac,22,3bc51191ab7fcde76810362316700e9ff5f8daef74eec0251a34c51a8f6de969
"(4,0,0,0)","(4,0,0,0):iso-00030",1ee8d6745f6ed06d2e934e9e0e7df3a05085905e1163f12c2d7b0d9968b0f0ac,22,001a5e7b7e18e1447fb406fe53d56c07cebec6ed4511f83da15c965102ac9bdb
"(4,0,0,0)","(4,0,0,0):iso-00030",1ee8d6745f6ed06d2e934e9e0e7df3a05085905e1163f12c2d7b0d9968b0f0ac,22,1a079473a87fc517e5eb18fa0ebc67ae4667f7cdeef85504e2f6f04db85a7699
"(4,0,0,0)","(4,0,0,0):iso-00030",1ee8d6745f6ed06d2e934e9e0e7df3a05085905e1163f12c2d7b0d9968b0f0ac,22,fe80e9a3dcf5ff92b5554d28f168273b6eb9f4c558063c5f12dd9bdedab4fea9
"(4,0,0,0)","(4,0,0,0):iso-00030",1ee8d6745f6ed06d2e934e9e0e7df3a05085905e1163f12c2d7b0d9968b0f0ac,22,f9f3334d7c9d531dafb0df445228bc861671eed35df05592ef82f7c538e2045a
"(4,0,0,0)","(4,0,0,0):iso-00030",1ee8d6745f6ed06d2e934e9e0e7df3a05085905e1163f12c2d7b0d9968b0f0ac,22,7bfdd8ad376505386d557cc09d50f7f293549eb647fd20726ceb68ca3c907ba7
"(4,0,0,0)","(4,0,0,0):iso-00030",1ee8d6745f6ed06d2e934e9e0e7df3a05085905e1163f12c2d7b0d9968b0f0ac,22,8bf14cc55e0bb27a835d9a8932a0e1e5a30a99751259b214be10594e63df2729
"(4,0,0,0)","(4,0,0,0):iso-00030",1ee8d6745f6ed06d2e934e9e0e7df3a05085905e1163f12c2d7b0d9968b0f0ac,22,331a95cf6f97856fa3544d30ae38dab457cfd537685f5e507d77300ed0c6e826
"(4,0,0,0)","(4,0,0,0):iso-00030",1ee8d6745f6ed06d2e934e9e0e7df3a05085905e1163f12c2d7b0d9968b0f0ac,22,8e69bfcae78ca34e4a15d6c0832eb663ccbbb374719b3f23dd212a70f4bf8dff
"(4,0,0,0)","(4,0,0,0):iso-00030",1ee8d6745f6ed06d2e934e9e0e7df3a05085905e1163f12c2d7b0d9968b0f0ac,22,f41ec56a94ce73321ed3245e7884dd8e18194c2c0fa59901b2aa1331c0590b58
"(4,0,0,0)","(4,0,0,0):iso-00030",1ee8d6745f6ed06d2e934e9e0e7df3a05085905e1163f12c2d7b0d9968b0f0ac,22,3d8d96f4aee3508d69f0acabd78e84ef7ed41707daeeae0733c8603ee43e4e0e
"(4,0,0,0)","(4,0,0,0):iso-00030",1ee8d6745f6ed06d2e934e9e0e7df3a05085905e1163f12c2d7b0d9968b0f0ac,22,ba8f81eb3464af1d3761c19d672352d7b72f1e09f289697bad6256827750c90a
"(4,0,0,0)","(4,0,0,0):iso-00030",1ee8d6745f6ed06d2e934e9e0e7df3a05085905e1163f12c2d7b0d9968b0f0ac,22,58bfa94fb01f598a8194d7c1bfcb405a6207ca5ecb87dd5708da5ed710d171e0
"(4,0,0,0)","(4,0,0,0):iso-00030",1ee8d6745f6ed06d2e934e9e0e7df3a05085905e1163f12c2d7b0d9968b0f0ac,22,da1134e4563cb6f22ff006e82b9695bb8779a721df5111cc6db010168b2cc67b
"(4,0,0,0)","(4,0,0,0):iso-00030",1ee8d6745f6ed06d2e934e9e0e7df3a05085905e1163f12c2d7b0d9968b0f0ac,22,b87086dd16260471141641b8154c0ddc5f43ec0aacf1d7f0b75f673df37c298b
"(4,0,0,0)","(4,0,0,0):iso-00030",1ee8d6745f6ed06d2e934e9e0e7df3a05085905e1163f12c2d7b0d9968b0f0ac,22,eecffec76ba4e5217a193e8a23d4f13a4645b6a8a7966624b496ab3d0cc947ac
"(4,0,0,0)","(4,0,0,0):iso-00030",1ee8d6745f6ed06d2e934e9e0e7df3a05085905e1163f12c2d7b0d9968b0f0ac,22,32b347229567decd25d169643ae2edfb25791bb7716241dc43386c143a5b4832
"(4,0,0,0)","(4,0,0,0):iso-00031",40942a6f7ac7adccce132a76070ebe138a3fd02ebb7532d23ef83f40f35debf6,4,40942a6f7ac7adccce132a76070ebe138a3fd02ebb7532d23ef83f40f35debf6
"(4,0,0,0)","(4,0,0,0):iso-00031",40942a6f7ac7adccce132a76070ebe138a3fd02ebb7532d23ef83f40f35debf6,4,d8bf70603887db4b49b62f9ef45e11fdb24000bca3247edcf9a8844fa4435b44
"(4,0,0,0)","(4,0,0,0):iso-00031",40942a6f7ac7adccce132a76070ebe138a3fd02ebb7532d23ef83f40f35debf6,4,3bb21f4af1f2bd15275a49ae337de86618a617bf72eebe1269f3d45f85198fd3
"(4,0,0,0)","(4,0,0,0):iso-00031",40942a6f7ac7adccce132a76070ebe138a3fd02ebb7532d23ef83f40f35debf6,4,b14c79ad7991525280dd6eb089ef51acd10f7825dbe326c85b467313393fee37
"(4,0,0,0)","(4,0,0,0):iso-00032",d3f398665b14031c7289ae87bf153705870a89f6289aff9da7a7a66cc74f31bb,1,d3f398665b14031c7289ae87bf153705870a89f6289aff9da7a7a66cc74f31bb
"(4,0,0,0)","(4,0,0,0):iso-00033",34d4324764f333472455b965d1bfed2ed3f152fdb956fc1a621622d4b985bc34,17,34d4324764f333472455b965d1bfed2ed3f152fdb956fc1a621622d4b985bc34
"(4,0,0,0)","(4,0,0,0):iso-00033",34d4324764f333472455b965d1bfed2ed3f152fdb956fc1a621622d4b985bc34,17,4aa50ca2044227002b0b3dfb40036d1908e31104afc388b8142c98dfff19ae06
"(4,0,0,0)","(4,0,0,0):iso-00033",34d4324764f333472455b965d1bfed2ed3f152fdb956fc1a621622d4b985bc34,17,b115a5b27e80338805dc4988939811e0c73e14fe78fad8af46ac825f6c5b0b78
"(4,0,0,0)","(4,0,0,0):iso-00033",34d4324764f333472455b965d1bfed2ed3f152fdb956fc1a621622d4b985bc34,17,dfe8de9353d11ba487ced66c92716d6a8f441221bd69027ee901dabab6ce3482
"(4,0,0,0)","(4,0,0,0):iso-00033",34d4324764f333472455b965d1bfed2ed3f152fdb956fc1a621622d4b985bc34,17,6795c7d4461d96495cb8f107dc04d906a99332eff5c952963d1c2a4eb8cbbb6b
"(4,0,0,0)","(4,0,0,0):iso-00033",34d4324764f333472455b965d1bfed2ed3f152fdb956fc1a621622d4b985bc34,17,132720280556bbeb8bde92d10ae0a54d23c28043df5ff27ab953d7697d380828
"(4,0,0,0)","(4,0,0,0):iso-00033",34d4324764f333472455b965d1bfed2ed3f152fdb956fc1a621622d4b985bc34,17,af3904062977d1fd491d7e27ebe8ebfa60b3f89e77ff9e7085cd6f7d47da5d89
"(4,0,0,0)","(4,0,0,0):iso-00033",34d4324764f333472455b965d1bfed2ed3f152fdb956fc1a621622d4b985bc34,17,b7e9145c76cc7a52ca22fe22dd25c842e108c52935cbc9744fe6ed11056b9eac
"(4,0,0,0)","(4,0,0,0):iso-00033",34d4324764f333472455b965d1bfed2ed3f152fdb956fc1a621622d4b985bc34,17,072a2fee3a2411fd08017daba5b86211f862d5c8de2de4d6f5adedeb560cf88b
"(4,0,0,0)","(4,0,0,0):iso-00033",34d4324764f333472455b965d1bfed2ed3f152fdb956fc1a621622d4b985bc34,17,71032d834f809e42e27c61cfce64eb8719e1c496af627bc84a5699f0ead94ecc
"(4,0,0,0)","(4,0,0,0):iso-00033",34d4324764f333472455b965d1bfed2ed3f152fdb956fc1a621622d4b985bc34,17,09b3a11251914a1d0d468c71495d3527f08b4a776733757b6fed6bc6da719413
"(4,0,0,0)","(4,0,0,0):iso-00033",34d4324764f333472455b965d1bfed2ed3f152fdb956fc1a621622d4b985bc34,17,b9555796b8cf0f83da7aed09511396ac9a7f73cafd040f96b935bf51d9225e62
"(4,0,0,0)","(4,0,0,0):iso-00033",34d4324764f333472455b965d1bfed2ed3f152fdb956fc1a621622d4b985bc34,17,e5b0ffa0b487ab8b47167a8e50f2f6c4b39b5630545a83e26da450ebaab9092f
"(4,0,0,0)","(4,0,0,0):iso-00033",34d4324764f333472455b965d1bfed2ed3f152fdb956fc1a621622d4b985bc34,17,dd48f4b4fa1e4b87fa4a9ee77897d8e24ef3f228a9f85b8b10a1019e1d4710b1
"(4,0,0,0)","(4,0,0,0):iso-00033",34d4324764f333472455b965d1bfed2ed3f152fdb956fc1a621622d4b985bc34,17,91e648fe82a96f04ad7ada441d51608df01506074f885efb772a65c9ab0146bc
"(4,0,0,0)","(4,0,0,0):iso-00033",34d4324764f333472455b965d1bfed2ed3f152fdb956fc1a621622d4b985bc34,17,4da2cb8fdd806fe4043582bdadbcb32cd66fb248c6606093ddaac8efa05d930b
"(4,0,0,0)","(4,0,0,0):iso-00033",34d4324764f333472455b965d1bfed2ed3f152fdb956fc1a621622d4b985bc34,17,a9f31525961d28dad56a9643e80e46ad0d9734d113c9d3ae8adb5f8cd74e7ea5
"(4,0,0,0)","(4,0,0,0):iso-00034",24e114668f30c3925f577599bbd3577c6bda4bfff127ecaaed8685634f01fd39,9,24e114668f30c3925f577599bbd3577c6bda4bfff127ecaaed8685634f01fd39
"(4,0,0,0)","(4,0,0,0):iso-00034",24e114668f30c3925f577599bbd3577c6bda4bfff127ecaaed8685634f01fd39,9,705ba4e6f8ab3127b2c7a728b6b03ca40a28a25519bfacb5ab7ee6f239f57188
"(4,0,0,0)","(4,0,0,0):iso-00034",24e114668f30c3925f577599bbd3577c6bda4bfff127ecaaed8685634f01fd39,9,bc8abfedd3c5a62f97a532cb199fa4f369df8b0cb24cd1b318a3bc0a3b95e110
"(4,0,0,0)","(4,0,0,0):iso-00034",24e114668f30c3925f577599bbd3577c6bda4bfff127ecaaed8685634f01fd39,9,a21c525f72e094e4a169feb2611e8639f142995d76910e0e4da20aef7631b910
"(4,0,0,0)","(4,0,0,0):iso-00034",24e114668f30c3925f577599bbd3577c6bda4bfff127ecaaed8685634f01fd39,9,bc0f86023b73c998659f39f29153449603002b9c2dcf7eb45533a4377c7ba27f
"(4,0,0,0)","(4,0,0,0):iso-00034",24e114668f30c3925f577599bbd3577c6bda4bfff127ecaaed8685634f01fd39,9,03f973c8df45ac1a4ef2b38fc890619078301e042406ec4b3e5d6d74424adf0f
"(4,0,0,0)","(4,0,0,0):iso-00034",24e114668f30c3925f577599bbd3577c6bda4bfff127ecaaed8685634f01fd39,9,97eca6d68892509aa9da0e7bb58cfe77984799dccc52e6a6db792917ef8b6273
"(4,0,0,0)","(4,0,0,0):iso-00034",24e114668f30c3925f577599bbd3577c6bda4bfff127ecaaed8685634f01fd39,9,69488da0712dd0fd7b026f569c14b55a0385fe54e057f3a706e7ce626cb7cad4
"(4,0,0,0)","(4,0,0,0):iso-00034",24e114668f30c3925f577599bbd3577c6bda4bfff127ecaaed8685634f01fd39,9,0d502fe35047414163b96cbcfa2765672c4d1efc5b1762415a0237ba21841bb3
"(4,0,0,0)","(4,0,0,0):iso-00035",832101655fa9553e8b43cb18c66db1feaad3d1b8da372a7973ff7a0b2d2e1dd9,1,832101655fa9553e8b43cb18c66db1feaad3d1b8da372a7973ff7a0b2d2e1dd9
"(4,0,0,0)","(4,0,0,0):iso-00036",cc2f06dab3e6e63398d7dbdcd3731b1103a5f81b3f3d2b7c8af490655099df77,4,cc2f06dab3e6e63398d7dbdcd3731b1103a5f81b3f3d2b7c8af490655099df77
"(4,0,0,0)","(4,0,0,0):iso-00036",cc2f06dab3e6e63398d7dbdcd3731b1103a5f81b3f3d2b7c8af490655099df77,4,f6531bd22a945e310ca8fd1761fe330bad36661c01ddd01a1d3ff099660e92ea
"(4,0,0,0)","(4,0,0,0):iso-00036",cc2f06dab3e6e63398d7dbdcd3731b1103a5f81b3f3d2b7c8af490655099df77,4,9e077d02ea2db9e43b9d2f91eb3d6bbb50438979bcb863136c234fbf349a576c
"(4,0,0,0)","(4,0,0,0):iso-00036",cc2f06dab3e6e63398d7dbdcd3731b1103a5f81b3f3d2b7c8af490655099df77,4,a4a36d7a746aec8526cab3636faa62d49a379603d35e45153ce05bc4afd37ee8
"(4,0,0,0)","(4,0,0,0):iso-00037",29b3188f0623b6d6d352252d841513f2c2118451369a2deeae684fef102fa828,5,29b3188f0623b6d6d352252d841513f2c2118451369a2deeae684fef102fa828
"(4,0,0,0)","(4,0,0,0):iso-00037",29b3188f0623b6d6d352252d841513f2c2118451369a2deeae684fef102fa828,5,359633e5c7a035fc9969cbcbeffcae27731a53d1067bf4e6d51296135f270527
"(4,0,0,0)","(4,0,0,0):iso-00037",29b3188f0623b6d6d352252d841513f2c2118451369a2deeae684fef102fa828,5,16ae211760cdd49beccc25bda8e1471ecf2cab64c338df0d153b554cd1fffb9d
"(4,0,0,0)","(4,0,0,0):iso-00037",29b3188f0623b6d6d352252d841513f2c2118451369a2deeae684fef102fa828,5,69c6bb64fa363295fabb5a6fae187508304f41254e26f3e5c578f63430343460
"(4,0,0,0)","(4,0,0,0):iso-00037",29b3188f0623b6d6d352252d841513f2c2118451369a2deeae684fef102fa828,5,e9a3c5add2b39c518c1c3088382a63bbffe8cb0e2cf2a7f9ae5fa2836dc852eb
"(4,0,0,0)","(4,0,0,0):iso-00038",7597cc1fdcc78a74f6fe489fc1aa80c45335706c709112ef22e9778fd4947429,1,7597cc1fdcc78a74f6fe489fc1aa80c45335706c709112ef22e9778fd4947429
"(4,0,0,0)","(4,0,0,0):iso-00039",9aea38fed42227fdf25e39a97897765c56abb2daf678b91d58d81f73748bd62f,1,9aea38fed42227fdf25e39a97897765c56abb2daf678b91d58d81f73748bd62f
"(4,0,0,0)","(4,0,0,0):iso-00040",857ec1b84da31641bef8fe6873b8ab86fd7454405fc02a1613309ce4083bfe2c,1,857ec1b84da31641bef8fe6873b8ab86fd7454405fc02a1613309ce4083bfe2c
"(4,0,0,0)","(4,0,0,0):iso-00041",a747597d27da55110a65b8e9bd1ef50d0e1d2050354bb1662608e7d9c3211ae5,1,a747597d27da55110a65b8e9bd1ef50d0e1d2050354bb1662608e7d9c3211ae5
"(4,0,0,0)","(4,0,0,0):iso-00042",fda89304a96b8c80ccaaa4ba032d26edcad55e07f7aa5c9718a6ad60db40f239,1,fda89304a96b8c80ccaaa4ba032d26edcad55e07f7aa5c9718a6ad60db40f239
"(4,0,0,0)","(4,0,0,0):iso-00043",9b22eb1e5def3ad08c445b4e79feef543ccbf654a6b9f53fe30215f3d7e7d5c3,1,9b22eb1e5def3ad08c445b4e79feef543ccbf654a6b9f53fe30215f3d7e7d5c3
"(4,0,0,0)","(4,0,0,0):iso-00044",08d0f71f73dd2e293f99537663c0bf79c67df4f18f64d3192eafb5cb1a4db4a3,4,08d0f71f73dd2e293f99537663c0bf79c67df4f18f64d3192eafb5cb1a4db4a3
"(4,0,0,0)","(4,0,0,0):iso-00044",08d0f71f73dd2e293f99537663c0bf79c67df4f18f64d3192eafb5cb1a4db4a3,4,e59346fc702fc770d258df20fb5198f8b7d10301cbfe1a38a8e4f57053c59305
"(4,0,0,0)","(4,0,0,0):iso-00044",08d0f71f73dd2e293f99537663c0bf79c67df4f18f64d3192eafb5cb1a4db4a3,4,00ba7114faa83d935ce8155ed726802987ea8ff80ca72112ccdd050c9c67a580
"(4,0,0,0)","(4,0,0,0):iso-00044",08d0f71f73dd2e293f99537663c0bf79c67df4f18f64d3192eafb5cb1a4db4a3,4,a13e5eebbf84d0d152945ebaac60c21c8388d482caa3f125c788ccd66ccae758
"(4,0,0,0)","(4,0,0,0):iso-00045",22a28fc7b6d2770fb59161d62f7f36e096281fc24d00d2b74c0db8f41b0c0b29,5,22a28fc7b6d2770fb59161d62f7f36e096281fc24d00d2b74c0db8f41b0c0b29
"(4,0,0,0)","(4,0,0,0):iso-00045",22a28fc7b6d2770fb59161d62f7f36e096281fc24d00d2b74c0db8f41b0c0b29,5,c61285ba0c4d04a3f29fdf1a1b08d80367016d9eaf1494af5f7beb614e980eee
"(4,0,0,0)","(4,0,0,0):iso-00045",22a28fc7b6d2770fb59161d62f7f36e096281fc24d00d2b74c0db8f41b0c0b29,5,4258527bfea34b13e1ea902e859d85bca731b4a4123219ce9419cc5558fe18fb
"(4,0,0,0)","(4,0,0,0):iso-00045",22a28fc7b6d2770fb59161d62f7f36e096281fc24d00d2b74c0db8f41b0c0b29,5,ddb9a9318dc29a3535553de95d44d29f5209bfb010088aab6ae67cb6f9bdc3ed
"(4,0,0,0)","(4,0,0,0):iso-00045",22a28fc7b6d2770fb59161d62f7f36e096281fc24d00d2b74c0db8f41b0c0b29,5,7e9de753491a19a41103933c08fb479c2a6da3b99a314c4ee5d93f690d1b1aea
"(4,0,0,0)","(4,0,0,0):iso-00046",5ea17d89f7d3b90b6d0184d16213a8134df9d659299906146157e46d6d970c5d,1,5ea17d89f7d3b90b6d0184d16213a8134df9d659299906146157e46d6d970c5d
"(4,0,0,0)","(4,0,0,0):iso-00047",63d0a9acdb8b0c31d423babb4d51603208685ca49de93d78b8f5a34adcba43ff,1,63d0a9acdb8b0c31d423babb4d51603208685ca49de93d78b8f5a34adcba43ff
"(4,0,0,0)","(4,0,0,0):iso-00048",4cb1a40fc726ddf2890e013c692c3dce103780884153a524917519f59cdc53da,6,4cb1a40fc726ddf2890e013c692c3dce103780884153a524917519f59cdc53da
"(4,0,0,0)","(4,0,0,0):iso-00048",4cb1a40fc726ddf2890e013c692c3dce103780884153a524917519f59cdc53da,6,553a1f35a54b575f5f963d865a830fa4e5a1c6738906928ab74af758a79d41c7
"(4,0,0,0)","(4,0,0,0):iso-00048",4cb1a40fc726ddf2890e013c692c3dce103780884153a524917519f59cdc53da,6,9b001568c6c42c3173b9ea820ac597187b9a3b6901ccd6f23b78ab026f1da8a6
"(4,0,0,0)","(4,0,0,0):iso-00048",4cb1a40fc726ddf2890e013c692c3dce103780884153a524917519f59cdc53da,6,6e4072820d3efed9482553d40e70a43ef09fc370d62a94101afa945ab77efeb2
"(4,0,0,0)","(4,0,0,0):iso-00048",4cb1a40fc726ddf2890e013c692c3dce103780884153a524917519f59cdc53da,6,b697fb9f29a17893f1cc3f5c9f28dce8d964e9743707439f0ddcce8654de1021
"(4,0,0,0)","(4,0,0,0):iso-00048",4cb1a40fc726ddf2890e013c692c3dce103780884153a524917519f59cdc53da,6,b0105861b53adbb8ad17f6ea78ce6a5b1a5cbe6b620abdbaa8a6ebe637a6a02f
"(4,0,0,0)","(4,0,0,0):iso-00049",ed3dd2bdd0ff988ffcd837c506e430f819cba01d5aa9d56ddca257dab7597057,7,ed3dd2bdd0ff988ffcd837c506e430f819cba01d5aa9d56ddca257dab7597057
"(4,0,0,0)","(4,0,0,0):iso-00049",ed3dd2bdd0ff988ffcd837c506e430f819cba01d5aa9d56ddca257dab7597057,7,98b77717e4be70a7363d23b570e0b1fa0d3f8c0a70043774513aaf8e10ea8b98
"(4,0,0,0)","(4,0,0,0):iso-00049",ed3dd2bdd0ff988ffcd837c506e430f819cba01d5aa9d56ddca257dab7597057,7,45c447bde3a240e65e1a86ec6f02211f21ea76b52669f00aaed89d60b0114b02
"(4,0,0,0)","(4,0,0,0):iso-00049",ed3dd2bdd0ff988ffcd837c506e430f819cba01d5aa9d56ddca257dab7597057,7,c87e800d71d156227297cacaf13cf2023d04f9eacfb6767ff93846ab2f13b1da
"(4,0,0,0)","(4,0,0,0):iso-00049",ed3dd2bdd0ff988ffcd837c506e430f819cba01d5aa9d56ddca257dab7597057,7,083a09d243a45a2e49044541f7792ec714e3e9a880c64755d26d9578640cac48
"(4,0,0,0)","(4,0,0,0):iso-00049",ed3dd2bdd0ff988ffcd837c506e430f819cba01d5aa9d56ddca257dab7597057,7,e40bf5a52bd37d1688ced617a1afa53548833a6e4c57e744b8dc5fe8e049af1f
"(4,0,0,0)","(4,0,0,0):iso-00049",ed3dd2bdd0ff988ffcd837c506e430f819cba01d5aa9d56ddca257dab7597057,7,723d35adecaf5a430a4e4d902677b333aea33adf81dab7a331b86b6f31df5854
"(4,0,0,0)","(4,0,0,0):iso-00050",e16e20afaa07f418b69282a92742335191f286644697f4dede1619fb7ff30da0,5,e16e20afaa07f418b69282a92742335191f286644697f4dede1619fb7ff30da0
"(4,0,0,0)","(4,0,0,0):iso-00050",e16e20afaa07f418b69282a92742335191f286644697f4dede1619fb7ff30da0,5,8d2ed121876fbf942d1f01d522dbcd5e0a534e528716a5d47223fce0954d7cbe
"(4,0,0,0)","(4,0,0,0):iso-00050",e16e20afaa07f418b69282a92742335191f286644697f4dede1619fb7ff30da0,5,474c32faf95ae8042591d68fb099f889f052d6fed65f14c439c72e5adda807e6
"(4,0,0,0)","(4,0,0,0):iso-00050",e16e20afaa07f418b69282a92742335191f286644697f4dede1619fb7ff30da0,5,61c7379964a67ab867692b92337cb37fc628f6041510815ada99893b3da2023c
"(4,0,0,0)","(4,0,0,0):iso-00050",e16e20afaa07f418b69282a92742335191f286644697f4dede1619fb7ff30da0,5,ed261eba9a55aeb8163b29bdceab903776a6ade1dce8003aa6f109994061245e
"(4,0,0,0)","(4,0,0,0):iso-00051",8894f1b8eb7932e8e8480b9c0237b8a5c91ed1ac48a5a987427894f37814c55a,1,8894f1b8eb7932e8e8480b9c0237b8a5c91ed1ac48a5a987427894f37814c55a
"(4,0,0,0)","(4,0,0,0):iso-00052",df1311acf14e8d2464eb79028ccb63da6f66dbabe44c61745c2ffdb474d6ebca,6,df1311acf14e8d2464eb79028ccb63da6f66dbabe44c61745c2ffdb474d6ebca
"(4,0,0,0)","(4,0,0,0):iso-00052",df1311acf14e8d2464eb79028ccb63da6f66dbabe44c61745c2ffdb474d6ebca,6,59078c8bda176b5b7219bea405880640be4c5edd5040e7064c66f1d070dd3288
"(4,0,0,0)","(4,0,0,0):iso-00052",df1311acf14e8d2464eb79028ccb63da6f66dbabe44c61745c2ffdb474d6ebca,6,62d6d5b6247ac8d6b13d0bf2fbe176fcab085c0932b337edba6c3edf5dc346cd
"(4,0,0,0)","(4,0,0,0):iso-00052",df1311acf14e8d2464eb79028ccb63da6f66dbabe44c61745c2ffdb474d6ebca,6,8760a8eee337695da3195b3c7335d7c903a47172006ebc0f65af9670b77e4a7c
"(4,0,0,0)","(4,0,0,0):iso-00052",df1311acf14e8d2464eb79028ccb63da6f66dbabe44c61745c2ffdb474d6ebca,6,0d070789d015aed7c382838260db7c294ec7cc5e2e306e99b90febaafb3bfc27
"(4,0,0,0)","(4,0,0,0):iso-00052",df1311acf14e8d2464eb79028ccb63da6f66dbabe44c61745c2ffdb474d6ebca,6,4b12dd7de92d73ee7d086ac1c8baa01356e945f3934640ec46b2579dda4c7d34
"(4,0,0,0)","(4,0,0,0):iso-00053",2fb4476db2ebab23769d0083162e87be4013cbf9417e5fff2f852de33632b8a2,1,2fb4476db2ebab23769d0083162e87be4013cbf9417e5fff2f852de33632b8a2
"(4,0,0,0)","(4,0,0,0):iso-00054",86d1d51b3e7707d569cd434cfb40572b645bd0b28abe16e30ef369f78c1ff308,2,86d1d51b3e7707d569cd434cfb40572b645bd0b28abe16e30ef369f78c1ff308
"(4,0,0,0)","(4,0,0,0):iso-00054",86d1d51b3e7707d569cd434cfb40572b645bd0b28abe16e30ef369f78c1ff308,2,9c44d7f4d68e87b3b9714bfa936346411a54da6b7f5f5979c9e8e02f4731160e
"(4,0,0,0)","(4,0,0,0):iso-00055",da967825346ed247a49681406725db6485bd243aa417d109fcb09eff3ab16abe,1,da967825346ed247a49681406725db6485bd243aa417d109fcb09eff3ab16abe
"(4,0,0,0)","(4,0,0,0):iso-00056",095d0d44b2e639d846c6d4cb126c41c46c08fd19813c0ebdf51f041611e12854,4,095d0d44b2e639d846c6d4cb126c41c46c08fd19813c0ebdf51f041611e12854
"(4,0,0,0)","(4,0,0,0):iso-00056",095d0d44b2e639d846c6d4cb126c41c46c08fd19813c0ebdf51f041611e12854,4,b42eafca10fe4ede3ea0613000f4c40a22c11a698a92f5bf7b0b8747f97e1ab7
"(4,0,0,0)","(4,0,0,0):iso-00056",095d0d44b2e639d846c6d4cb126c41c46c08fd19813c0ebdf51f041611e12854,4,49684597ccc97f1b26e8fdb026d218dd59fa8a9c9f0f36cc06df5744a51408f1
"(4,0,0,0)","(4,0,0,0):iso-00056",095d0d44b2e639d846c6d4cb126c41c46c08fd19813c0ebdf51f041611e12854,4,ab6b8858470a80fd2cd8c2714cb4141969937aec20c77f9a46434b4bd33fdab4
"(4,0,0,0)","(4,0,0,0):iso-00057",18c6983581b663fcf04c60814b0503b7dff4fd14a0c5037c5fa74eef7e86fdd4,5,18c6983581b663fcf04c60814b0503b7dff4fd14a0c5037c5fa74eef7e86fdd4
"(4,0,0,0)","(4,0,0,0):iso-00057",18c6983581b663fcf04c60814b0503b7dff4fd14a0c5037c5fa74eef7e86fdd4,5,da26b3ff264a12f748411d68f20987b8932d94c3e33ed7da836f85d308c83306
"(4,0,0,0)","(4,0,0,0):iso-00057",18c6983581b663fcf04c60814b0503b7dff4fd14a0c5037c5fa74eef7e86fdd4,5,affd5071e0d38ffcd0b8c0f84dc35d634e6c56ae30438b80444365ea21ae678f
"(4,0,0,0)","(4,0,0,0):iso-00057",18c6983581b663fcf04c60814b0503b7dff4fd14a0c5037c5fa74eef7e86fdd4,5,3b583859c9790eb0d0238d75625cac4e741ba3a8330c74a78e31ecb53443555b
"(4,0,0,0)","(4,0,0,0):iso-00057",18c6983581b663fcf04c60814b0503b7dff4fd14a0c5037c5fa74eef7e86fdd4,5,8fc8f2003593a5ad9a72b6f62811ec4be792908872bdc569b0217442d7c18376
"(4,0,0,0)","(4,0,0,0):iso-00058",4fb544188d5bc91b453da6a2aacbbee17db3ceaafa688d8eb839afdbdac80245,3,4fb544188d5bc91b453da6a2aacbbee17db3ceaafa688d8eb839afdbdac80245
"(4,0,0,0)","(4,0,0,0):iso-00058",4fb544188d5bc91b453da6a2aacbbee17db3ceaafa688d8eb839afdbdac80245,3,d86d24f2f06790722eb571de574951916639efd57af394570af83588c7d15a18
"(4,0,0,0)","(4,0,0,0):iso-00058",4fb544188d5bc91b453da6a2aacbbee17db3ceaafa688d8eb839afdbdac80245,3,01b2fc69a0c86506db35f511785d98b568970a2d1513ebd12f2ac6a1ce738e26
"(4,0,0,0)","(4,0,0,0):iso-00059",ee09e0a6973599c0d9fbab36743644faaa5482a1fc645f3334d37286e4ee3197,2,ee09e0a6973599c0d9fbab36743644faaa5482a1fc645f3334d37286e4ee3197
"(4,0,0,0)","(4,0,0,0):iso-00059",ee09e0a6973599c0d9fbab36743644faaa5482a1fc645f3334d37286e4ee3197,2,cee68c10d58dfbd0aa616ab3272c25a23d63e49ee88e0623706220917fa0a9e2
"(4,0,0,0)","(4,0,0,0):iso-00060",0cfea9c9faec35bd4129431e4bf25745fa9157a287c3e53a9109f56215dd834a,1,0cfea9c9faec35bd4129431e4bf25745fa9157a287c3e53a9109f56215dd834a
"(4,0,0,0)","(4,0,0,0):iso-00061",e0b5cbc79caaadfa4e2c29bbe62d9d28c38e605789c6970fa01d8fca3da8dc77,3,e0b5cbc79caaadfa4e2c29bbe62d9d28c38e605789c6970fa01d8fca3da8dc77
"(4,0,0,0)","(4,0,0,0):iso-00061",e0b5cbc79caaadfa4e2c29bbe62d9d28c38e605789c6970fa01d8fca3da8dc77,3,aaf4e75780e0554ab4ca740f7a368dd31daf50155920eee54da554270559b6b4
"(4,0,0,0)","(4,0,0,0):iso-00061",e0b5cbc79caaadfa4e2c29bbe62d9d28c38e605789c6970fa01d8fca3da8dc77,3,9c447f61d5f7ee6ccb552c7387cc1dbaffc0f7befc5a20acd54a254e3d7d5932
"(4,0,0,0)","(4,0,0,0):iso-00062",ad49ea06fdc5a9acd0ce08b9693ae353c255932dc5947411568bbe534bda47aa,1,ad49ea06fdc5a9acd0ce08b9693ae353c255932dc5947411568bbe534bda47aa
"(4,0,0,0)","(4,0,0,0):iso-00063",d661591d7f3256788be949751aadb43a03aa3591026bdcd9722c752b60857459,3,d661591d7f3256788be949751aadb43a03aa3591026bdcd9722c752b60857459
"(4,0,0,0)","(4,0,0,0):iso-00063",d661591d7f3256788be949751aadb43a03aa3591026bdcd9722c752b60857459,3,43e271bf26b1644666db120d1a58c24c563cafd44033e77c38698071e1eb2534
"(4,0,0,0)","(4,0,0,0):iso-00063",d661591d7f3256788be949751aadb43a03aa3591026bdcd9722c752b60857459,3,bb5e0f2ebdec36e22f70d9fe346521681d6a90d7a4346872b308354548219c3c
"(4,0,0,0)","(4,0,0,0):iso-00064",169a3844637c93938e35a80cb488a1549f50e4947e6236b902d6546ea17b7b80,2,169a3844637c93938e35a80cb488a1549f50e4947e6236b902d6546ea17b7b80
"(4,0,0,0)","(4,0,0,0):iso-00064",169a3844637c93938e35a80cb488a1549f50e4947e6236b902d6546ea17b7b80,2,87840bd8047dff732d71a604e8bb6bca041fc6cb5d7beaae88950aec422cd0b5
"(4,0,0,0)","(4,0,0,0):iso-00065",c182bbd36f668b962aa95319f7a512c4ceefc935d41c52bcf119cb2f55a6cdab,2,c182bbd36f668b962aa95319f7a512c4ceefc935d41c52bcf119cb2f55a6cdab
"(4,0,0,0)","(4,0,0,0):iso-00065",c182bbd36f668b962aa95319f7a512c4ceefc935d41c52bcf119cb2f55a6cdab,2,fa93b6479ddb526e7bee0ba9c8e987d658a7bce740b8059519de8ba8c1c68e41
"(4,0,0,0)","(4,0,0,0):iso-00066",cd215959b4cd859e5bcda82399d369b86135d116534cc4a0dc73c1dd7925c1c0,1,cd215959b4cd859e5bcda82399d369b86135d116534cc4a0dc73c1dd7925c1c0
"(4,0,0,0)","(4,0,0,0):iso-00067",310101b7acd50d0bfb496d8e1c1e9d2b4482123da37d42e626495558008d2c24,2,310101b7acd50d0bfb496d8e1c1e9d2b4482123da37d42e626495558008d2c24
"(4,0,0,0)","(4,0,0,0):iso-00067",310101b7acd50d0bfb496d8e1c1e9d2b4482123da37d42e626495558008d2c24,2,a6c7f9b730db0a6f4f0066efdd4d1701502feb5e6bd1164a202acfad6aee80dd
"(4,0,0,0)","(4,0,0,0):iso-00068",e37c9d223c2a440181c4dc85f96e95953ea438b1b8a088ba539a313959b33650,3,e37c9d223c2a440181c4dc85f96e95953ea438b1b8a088ba539a313959b33650
"(4,0,0,0)","(4,0,0,0):iso-00068",e37c9d223c2a440181c4dc85f96e95953ea438b1b8a088ba539a313959b33650,3,f373d08805bf0da95f4096ac28637b19255ef7bf91712f79849895d18df68a46
"(4,0,0,0)","(4,0,0,0):iso-00068",e37c9d223c2a440181c4dc85f96e95953ea438b1b8a088ba539a313959b33650,3,894734b0f7f5bece4d7bb7d56dbf44b30685c28026fcfd0c77961969f2375daa
"(4,0,0,0)","(4,0,0,0):iso-00069",fcc6d33a6fff24fac2af1093db003757db66db6997cef246d225ea1d84722c1d,1,fcc6d33a6fff24fac2af1093db003757db66db6997cef246d225ea1d84722c1d
"(4,0,0,0)","(4,0,0,0):iso-00070",2ca234a6c1a7e354230c3eb7f929327bb48f334ce1ad62bfff80b6bbb15e625d,1,2ca234a6c1a7e354230c3eb7f929327bb48f334ce1ad62bfff80b6bbb15e625d
"(4,0,0,0)","(4,0,0,0):iso-00071",a18bdcfb9f522813508f397cfbd7021020d9c6734acb666d1090545bd2e6f74b,2,a18bdcfb9f522813508f397cfbd7021020d9c6734acb666d1090545bd2e6f74b
"(4,0,0,0)","(4,0,0,0):iso-00071",a18bdcfb9f522813508f397cfbd7021020d9c6734acb666d1090545bd2e6f74b,2,235692293892f541d5cd0eacec3df6bd2b93194e88e961e3e222692198aba4a7
"(4,0,0,0)","(4,0,0,0):iso-00072",5fc8f11c85bc7bd01eab8e0ec371bb1ab3b67e5465a8f42c962eb5fbe8ceb4a5,3,5fc8f11c85bc7bd01eab8e0ec371bb1ab3b67e5465a8f42c962eb5fbe8ceb4a5
"(4,0,0,0)","(4,0,0,0):iso-00072",5fc8f11c85bc7bd01eab8e0ec371bb1ab3b67e5465a8f42c962eb5fbe8ceb4a5,3,56f17c890c6b9c65ffd854c26dbf669626a71ff7e9b4450d971f067507a004d1
"(4,0,0,0)","(4,0,0,0):iso-00072",5fc8f11c85bc7bd01eab8e0ec371bb1ab3b67e5465a8f42c962eb5fbe8ceb4a5,3,729b3a889cd0b55006879c43c817505aa27188eae45aeb89322b4cabcdaec0dc
"(4,0,0,0)","(4,0,0,0):iso-00073",a24e41f24c8abb2b951fd2e93abf125caa2fe5ede49b04de1512d692a9e8db0d,1,a24e41f24c8abb2b951fd2e93abf125caa2fe5ede49b04de1512d692a9e8db0d
"(4,0,0,0)","(4,0,0,0):iso-00074",e96bf4bbcf7dace79db748fd1f1ac448fcd995597c732f1aa6e503c24f287117,2,e96bf4bbcf7dace79db748fd1f1ac448fcd995597c732f1aa6e503c24f287117
"(4,0,0,0)","(4,0,0,0):iso-00074",e96bf4bbcf7dace79db748fd1f1ac448fcd995597c732f1aa6e503c24f287117,2,458fa18387bc0fc74ef9e418ba8655cfd6bc7b27cb797b0f1befb8302258be34
"(4,0,0,0)","(4,0,0,0):iso-00075",601ce2f58a17b737abceb109497d81344e856a47decfb17731593e659fe1fd93,1,601ce2f58a17b737abceb109497d81344e856a47decfb17731593e659fe1fd93
"(4,0,0,0)","(4,0,0,0):iso-00076",49d54c801e7bb2dc2c06dfef90f94bc02c7d472ab701cf7b7bf9e0269f0980d2,2,49d54c801e7bb2dc2c06dfef90f94bc02c7d472ab701cf7b7bf9e0269f0980d2
"(4,0,0,0)","(4,0,0,0):iso-00076",49d54c801e7bb2dc2c06dfef90f94bc02c7d472ab701cf7b7bf9e0269f0980d2,2,d2a6e783cfdfc031968adad5050b4dc744d38037877ca563a71044769f150401
"(4,0,0,0)","(4,0,0,0):iso-00077",8d39f4eeea9fe975f98634d2e11474b1d168d8dfe78b4d0b13f38d28674c3596,2,8d39f4eeea9fe975f98634d2e11474b1d168d8dfe78b4d0b13f38d28674c3596
"(4,0,0,0)","(4,0,0,0):iso-00077",8d39f4eeea9fe975f98634d2e11474b1d168d8dfe78b4d0b13f38d28674c3596,2,5ecde564614f7c637cd185ca04b33395780f662e0ca84066960c057334d3dccf
"(4,0,0,0)","(4,0,0,0):iso-00078",0bf20f10ddc152c5f0004360ef579660b9d27dfe7805aa53f4a086dc10d32418,1,0bf20f10ddc152c5f0004360ef579660b9d27dfe7805aa53f4a086dc10d32418
"(4,0,0,0)","(4,0,0,0):iso-00079",b43e341e953a823ddb6b01ac2bb11ba7f824a2095d7139b0aaee1f0806878782,1,b43e341e953a823ddb6b01ac2bb11ba7f824a2095d7139b0aaee1f0806878782
"(4,0,0,0)","(4,0,0,0):iso-00080",eaa0242faaefa78f2e2396c65d47014c85c2818b3301e32de7d28ea66b2f4542,1,eaa0242faaefa78f2e2396c65d47014c85c2818b3301e32de7d28ea66b2f4542
"(4,0,0,0)","(4,0,0,0):iso-00081",f6030f9140d9e84eef93b413e665a565fca8943542b7fb13b674efe98f21036d,1,f6030f9140d9e84eef93b413e665a565fca8943542b7fb13b674efe98f21036d
"(4,0,0,0)","(4,0,0,0):iso-00082",29d8acff5a28604fb774422f9a4f9a1c9d29e739826ade73b89e60ffff0e8a2a,1,29d8acff5a28604fb774422f9a4f9a1c9d29e739826ade73b89e60ffff0e8a2a
"(4,0,0,0)","(4,0,0,0):iso-00083",7a8db55258f227c1d62d332c8d935faab9808e567cdf8ec30fcd41406a4b4e31,1,7a8db55258f227c1d62d332c8d935faab9808e567cdf8ec30fcd41406a4b4e31
"(4,0,0,0)","(4,0,0,0):iso-00084",a2271f292daf410beecb1630b5a7cf830daefd68cafa79204db16510ab5589df,1,a2271f292daf410beecb1630b5a7cf830daefd68cafa79204db16510ab5589df
"(4,0,0,0)","(4,0,0,0):iso-00085",df3eefa174c7e0a20507e20c5ba6b41d7301f707d3e3292a7b76b2af45a392b6,1,df3eefa174c7e0a20507e20c5ba6b41d7301f707d3e3292a7b76b2af45a392b6
"(4,0,0,0)","(4,0,0,0):iso-00086",25e2fcc128b76e4ed9a7685c53633f9e55e546db6c2a936b0996977d3fd0527e,1,25e2fcc128b76e4ed9a7685c53633f9e55e546db6c2a936b0996977d3fd0527e
"(4,0,0,0)","(4,0,0,0):iso-00087",59bcd487580007b8450ca5a5ad21778ef51ff80054277fa9d96e4824a3bc7ffd,1,59bcd487580007b8450ca5a5ad21778ef51ff80054277fa9d96e4824a3bc7ffd
"(4,0,0,0)","(4,0,0,0):iso-00088",6710c97e91e51f42fda1913fc63e92dec134fb92916783acb68a6b9266871c92,2,6710c97e91e51f42fda1913fc63e92dec134fb92916783acb68a6b9266871c92
"(4,0,0,0)","(4,0,0,0):iso-00088",6710c97e91e51f42fda1913fc63e92dec134fb92916783acb68a6b9266871c92,2,724ce01ee5b515037303beebdda206b52425c58bced849f2f949575a73921535
"(4,0,0,0)","(4,0,0,0):iso-00089",0a904f7539460a39700e204773cfaf90a69550464b5abc50207fe3b2d315fca6,1,0a904f7539460a39700e204773cfaf90a69550464b5abc50207fe3b2d315fca6
"(4,0,0,0)","(4,0,0,0):iso-00090",fb5580ae6118b332d84758d3a38e514576126e58deaa7356faf909b7a5b5ad0a,1,fb5580ae6118b332d84758d3a38e514576126e58deaa7356faf909b7a5b5ad0a
"(4,0,0,0)","(4,0,0,0):iso-00091",6473c84b84b83ce348cf2d96fe7548ca9fff609e15c1b2581085b91f765bafcb,1,6473c84b84b83ce348cf2d96fe7548ca9fff609e15c1b2581085b91f765bafcb
"(4,0,0,0)","(4,0,0,0):iso-00092",023b449b96212dc0efaedde030aa38ebab13ac9a4264cee1a20b8366f442a671,1,023b449b96212dc0efaedde030aa38ebab13ac9a4264cee1a20b8366f442a671
"(4,0,0,0)","(4,0,0,0):iso-00093",db922ac949fca3bcf52f2233849d88fec31cbd68b42e506f695b26d03ab62754,2,db922ac949fca3bcf52f2233849d88fec31cbd68b42e506f695b26d03ab62754
"(4,0,0,0)","(4,0,0,0):iso-00093",db922ac949fca3bcf52f2233849d88fec31cbd68b42e506f695b26d03ab62754,2,db6fa238ab9a9cd45c0a9dbc69cce821e09e65211f8a7ef567d3c90e025650d5
"(4,0,0,0)","(4,0,0,0):iso-00094",05799e852731106dd2d25043af9af4da19025cf1d2971d88a799c077fbac3caa,3,05799e852731106dd2d25043af9af4da19025cf1d2971d88a799c077fbac3caa
"(4,0,0,0)","(4,0,0,0):iso-00094",05799e852731106dd2d25043af9af4da19025cf1d2971d88a799c077fbac3caa,3,4a38024374d17b5e141caae694cdace69886adb06ae804dcf46aaa01a012c2b0
"(4,0,0,0)","(4,0,0,0):iso-00094",05799e852731106dd2d25043af9af4da19025cf1d2971d88a799c077fbac3caa,3,492ab9b47372cc88938400bb3dae37c9e363c16697a5325435e5b6391cafe4c9
"(4,0,0,0)","(4,0,0,0):iso-00095",af9f1ec88c4c229368a39e872fa4a35bc6661e938891fd29c90d5b339a159470,1,af9f1ec88c4c229368a39e872fa4a35bc6661e938891fd29c90d5b339a159470
"(4,0,0,0)","(4,0,0,0):iso-00096",219c9d3769357510d16c18bfc123e07cefff17c27a689a381bad296eaa4009ce,1,219c9d3769357510d16c18bfc123e07cefff17c27a689a381bad296eaa4009ce
"(4,0,0,0)","(4,0,0,0):iso-00097",63ec1838fb37377658e7d2cdba6756ef97b0b566efaca28a52827cea0d70da23,1,63ec1838fb37377658e7d2cdba6756ef97b0b566efaca28a52827cea0d70da23
"(4,0,0,0)","(4,0,0,0):iso-00098",db908e86d3cfe1945681f1d520355c0fdeb7ccfcbe68e0789445947a9b35cd08,1,db908e86d3cfe1945681f1d520355c0fdeb7ccfcbe68e0789445947a9b35cd08
"(4,0,0,0)","(4,0,0,0):iso-00099",6f782379b510a008e4611928d157f01d061a7c2435e9a6ceaa43c0159613ee6d,1,6f782379b510a008e4611928d157f01d061a7c2435e9a6ceaa43c0159613ee6d
"(4,0,0,0)","(4,0,0,0):iso-00100",a6c958ebd4dbb2c765112eb9ed473425a3ccac50b30cb2071b9c4da6f76ce1fc,1,a6c958ebd4dbb2c765112eb9ed473425a3ccac50b30cb2071b9c4da6f76ce1fc
"(4,0,0,0)","(4,0,0,0):iso-00101",164a253c8c04ad6a21f0101a94339b07133682cef3cb8736ab9e761447a3f7f9,1,164a253c8c04ad6a21f0101a94339b07133682cef3cb8736ab9e761447a3f7f9
"(4,0,0,0)","(4,0,0,0):iso-00102",de5a0833ee46e5fdb7227c3f767d8d723f8326fe9d448dbb15448867d493bf32,1,de5a0833ee46e5fdb7227c3f767d8d723f8326fe9d448dbb15448867d493bf32
"(4,0,0,0)","(4,0,0,0):iso-00103",84d1dda70f64baed1fa34e51344ce34398b57ce11fe73c764fa5db390b5ff1ed,1,84d1dda70f64baed1fa34e51344ce34398b57ce11fe73c764fa5db390b5ff1ed
"(4,0,0,0)","(4,0,0,0):iso-00104",dbc2a135be820de966f9e60e093a66a724ad899e20c017c61fcd0a6d00ee4877,1,dbc2a135be820de966f9e60e093a66a724ad899e20c017c61fcd0a6d00ee4877
"(4,0,0,0)","(4,0,0,0):iso-00105",aa89c1828939758e9ff0eea8e05707125b4d411e6c3ee7f75044d21f89434ace,1,aa89c1828939758e9ff0eea8e05707125b4d411e6c3ee7f75044d21f89434ace
"(4,0,0,0)","(4,0,0,0):iso-00106",5bcae211f6fb331c113a4aa83eab7c3fb1ff5d988668eeaf6c24d15b81a669e3,1,5bcae211f6fb331c113a4aa83eab7c3fb1ff5d988668eeaf6c24d15b81a669e3
"(4,0,0,0)","(4,0,0,0):iso-00107",fca595746c25d211079f03e10cbeb184af8af383b87628de202845c4ec54cf93,1,fca595746c25d211079f03e10cbeb184af8af383b87628de202845c4ec54cf93
"(4,0,0,0)","(4,0,0,0):iso-00108",28e1e7d1bc7aa6ccf5bb4661bf323f8a9979376ac050f2f9207142581df5de42,1,28e1e7d1bc7aa6ccf5bb4661bf323f8a9979376ac050f2f9207142581df5de42
"(4,0,0,0)","(4,0,0,0):iso-00109",c2b002392b14ab96679c57d74a7d9dfb38dcc03e2b11f68b19963b76361d8ff5,1,c2b002392b14ab96679c57d74a7d9dfb38dcc03e2b11f68b19963b76361d8ff5
"(4,0,0,0)","(4,0,0,0):iso-00110",8df9d67725ceb6796b27b8d5d0df2c1eb77bc68bfca9b41fc2e046df1b8feb3b,1,8df9d67725ceb6796b27b8d5d0df2c1eb77bc68bfca9b41fc2e046df1b8feb3b
"(4,0,0,0)","(4,0,0,0):iso-00111",009d525cd9ea7e484944ff987592ee617f7657ff87899d1b2fc9812064a0323d,1,009d525cd9ea7e484944ff987592ee617f7657ff87899d1b2fc9812064a0323d
"(4,0,0,0)","(4,0,0,0):iso-00112",c77650288ac0866ffda19aab96a59eb883ccbba36d3613e0ebd43a4fa02fe8a8,2,c77650288ac0866ffda19aab96a59eb883ccbba36d3613e0ebd43a4fa02fe8a8
"(4,0,0,0)","(4,0,0,0):iso-00112",c77650288ac0866ffda19aab96a59eb883ccbba36d3613e0ebd43a4fa02fe8a8,2,e4361501906595cece888b37bad6b0bcf892a6c97afea97f02695404a1fadc82
"(4,0,0,0)","(4,0,0,0):iso-00113",10a92b2da85f481ecb802976f94919fb6a229a190ed6a6ece8e73b913f9c3046,1,10a92b2da85f481ecb802976f94919fb6a229a190ed6a6ece8e73b913f9c3046
"(3,1,0,0)","(3,1,0,0):iso-00001",86e3fab6d292d7f82c535a9e9f9226ba0f4c87abc5c836bfd39614902618518b,260,86e3fab6d292d7f82c535a9e9f9226ba0f4c87abc5c836bfd39614902618518b
"(3,1,0,0)","(3,1,0,0):iso-00001",86e3fab6d292d7f82c535a9e9f9226ba0f4c87abc5c836bfd39614902618518b,260,a68ebd477a634010f708efd6ecc41a06c8d8f86d350219f0a9d5a5a9ffd7321e
"(3,1,0,0)","(3,1,0,0):iso-00001",86e3fab6d292d7f82c535a9e9f9226ba0f4c87abc5c836bfd39614902618518b,260,88dc57f58443dec456fb1465367411a49a7312d6e3a004814b4375df99e38bfd
"(3,1,0,0)","(3,1,0,0):iso-00001",86e3fab6d292d7f82c535a9e9f9226ba0f4c87abc5c836bfd39614902618518b,260,488f5d4d6077e60a7e1dfba67ea3208c8ec57cea59661bf2045617528a3d453f
"(3,1,0,0)","(3,1,0,0):iso-00001",86e3fab6d292d7f82c535a9e9f9226ba0f4c87abc5c836bfd39614902618518b,260,4ec734b13760b52d90f4b47c06d9c1107654bae6e415fc1936ef9ade238f3cba
"(3,1,0,0)","(3,1,0,0):iso-00001",86e3fab6d292d7f82c535a9e9f9226ba0f4c87abc5c836bfd39614902618518b,260,4df441cb0e15daca733fd6ce78f77e3b8fce81236c9bd604d96c50b2cfa0c482
"(3,1,0,0)","(3,1,0,0):iso-00001",86e3fab6d292d7f82c535a9e9f9226ba0f4c87abc5c836bfd39614902618518b,260,f9e0e36b9b8a49d7a1163af117309a60cdc314d14332bdc10433c30229a7b3e5
"(3,1,0,0)","(3,1,0,0):iso-00001",86e3fab6d292d7f82c535a9e9f9226ba0f4c87abc5c836bfd39614902618518b,260,21b009f51c1b12fcb1915c328dcd0ccd1449f8ceb870e6b983d770387eea7c85
"(3,1,0,0)","(3,1,0,0):iso-00001",86e3fab6d292d7f82c535a9e9f9226ba0f4c87abc5c836bfd39614902618518b,260,1d818a0830e5e683a79751bd668b2c95cb4d09184ad9e82087bd1d45a9b60354
"(3,1,0,0)","(3,1,0,0):iso-00001",86e3fab6d292d7f82c535a9e9f9226ba0f4c87abc5c836bfd39614902618518b,260,01cbd1b09799a7a7256eb83b2fecd7afc9ee2e12ca6b068adeabf7d0758b5da8
"(3,1,0,0)","(3,1,0,0):iso-00001",86e3fab6d292d7f82c535a9e9f9226ba0f4c87abc5c836bfd39614902618518b,260,ca3cf2e46421056645ab6c40c6880d467795e2c53acd38dafe7db7fc10cc9905
"(3,1,0,0)","(3,1,0,0):iso-00001",86e3fab6d292d7f82c535a9e9f9226ba0f4c87abc5c836bfd39614902618518b,260,af3ba22eedf45650f5999db5aceb446fd0a3b5c1856cfcc2ea39ad750a38f4e1
"(3,1,0,0)","(3,1,0,0):iso-00001",86e3fab6d292d7f82c535a9e9f9226ba0f4c87abc5c836bfd39614902618518b,260,7abe388d85dd9f1de4a288f7fef941814ab0c35b0dcfc15f1a474315f0e9de6e
"(3,1,0,0)","(3,1,0,0):iso-00001",86e3fab6d292d7f82c535a9e9f9226ba0f4c87abc5c836bfd39614902618518b,260,826b8d63ecb5c88494dc0c9ab6a482b0c401cc51b562ab6c7f6ea4a01a049162
"(3,1,0,0)","(3,1,0,0):iso-00001",86e3fab6d292d7f82c535a9e9f9226ba0f4c87abc5c836bfd39614902618518b,260,a8bc19534043e8adc071dd6a02a2d1f14a5aafda133b82180ba9a5ce2707bce8
"(3,1,0,0)","(3,1,0,0):iso-00001",86e3fab6d292d7f82c535a9e9f9226ba0f4c87abc5c836bfd39614902618518b,260,5da4e679992e8f8aa4b4dd2412daa38366f9ca679ddcc827a8903020efb4d950
"(3,1,0,0)","(3,1,0,0):iso-00001",86e3fab6d292d7f82c535a9e9f9226ba0f4c87abc5c836bfd39614902618518b,260,46bf93a333e6a367e7c207f034eef9124c68bf1999cf675c83e0f73fa11756da
"(3,1,0,0)","(3,1,0,0):iso-00001",86e3fab6d292d7f82c535a9e9f9226ba0f4c87abc5c836bfd39614902618518b,260,18a99fb9750c276dc1bc4fbcacb6ab490369c4f0f2dfccdbcd78f4125398491e
"(3,1,0,0)","(3,1,0,0):iso-00001",86e3fab6d292d7f82c535a9e9f9226ba0f4c87abc5c836bfd39614902618518b,260,8b62dab94d5475dfd3d2d4e83638ea6c2599a50e87dff1156d8a15c1ab05199c
"(3,1,0,0)","(3,1,0,0):iso-00001",86e3fab6d292d7f82c535a9e9f9226ba0f4c87abc5c836bfd39614902618518b,260,7687f826f86c0ff3b382f5f8b167be3d87ff39804113bd90b3da50cbbe29c4ae
"(3,1,0,0)","(3,1,0,0):iso-00001",86e3fab6d292d7f82c535a9e9f9226ba0f4c87abc5c836bfd39614902618518b,260,11cefc03702871009917bb6c043a9f2d6f64f58dbf1e4ec316b397f0b0fa9f3c
"(3,1,0,0)","(3,1,0,0):iso-00001",86e3fab6d292d7f82c535a9e9f9226ba0f4c87abc5c836bfd39614902618518b,260,627b0cb85eb7a591de65330af3ef93e775e01a78227fb6a84fec558517e31ee7
"(3,1,0,0)","(3,1,0,0):iso-00001",86e3fab6d292d7f82c535a9e9f9226ba0f4c87abc5c836bfd39614902618518b,260,af83074da612eb447df266ad348c66f8ef8350d63beb5490d6c33892947759d2
"(3,1,0,0)","(3,1,0,0):iso-00001",86e3fab6d292d7f82c535a9e9f9226ba0f4c87abc5c836bfd39614902618518b,260,78e8666d0be712d8e0eccd518a2d60f1da86071c94c7a95cf343f626cf9691ab
"(3,1,0,0)","(3,1,0,0):iso-00001",86e3fab6d292d7f82c535a9e9f9226ba0f4c87abc5c836bfd39614902618518b,260,bb4ccc17e075b1736ce0e3574d733652e595ca6e4b77a906b745ea71c6a1ae78
"(3,1,0,0)","(3,1,0,0):iso-00001",86e3fab6d292d7f82c535a9e9f9226ba0f4c87abc5c836bfd39614902618518b,260,32fdf035b0de83e92f69695888edb548736fc00e5e05e623f975846ce525f502
"(3,1,0,0)","(3,1,0,0):iso-00001",86e3fab6d292d7f82c535a9e9f9226ba0f4c87abc5c836bfd39614902618518b,260,27e353e406f5633c9befe21f7e4b9b836caec4e00f8dea5c456306a2ca4668d6
"(3,1,0,0)","(3,1,0,0):iso-00001",86e3fab6d292d7f82c535a9e9f9226ba0f4c87abc5c836bfd39614902618518b,260,6eda878ad47840a216d7e1974980bbcafa2fbd66b1152586bc293ebb0c52cada
"(3,1,0,0)","(3,1,0,0):iso-00001",86e3fab6d292d7f82c535a9e9f9226ba0f4c87abc5c836bfd39614902618518b,260,e608a25edf017c828121d23b9af4f28af7e1473b10cdddc8b683b552bcb1cb7d
"(3,1,0,0)","(3,1,0,0):iso-00001",86e3fab6d292d7f82c535a9e9f9226ba0f4c87abc5c836bfd39614902618518b,260,ec5dcee734809c41cff6b1a1adab35fd8ac40787b48b3a92a489ae727af71bce
"(3,1,0,0)","(3,1,0,0):iso-00001",86e3fab6d292d7f82c535a9e9f9226ba0f4c87abc5c836bfd39614902618518b,260,e6701f9f64b7249b720e1d2ef6d697e162adfb3d08728761f49525a417a7fc78
"(3,1,0,0)","(3,1,0,0):iso-00001",86e3fab6d292d7f82c535a9e9f9226ba0f4c87abc5c836bfd39614902618518b,260,0dd9023ca8632dcaa6bec2082488728cd16bad3183066a241c435f972520cd15
"(3,1,0,0)","(3,1,0,0):iso-00001",86e3fab6d292d7f82c535a9e9f9226ba0f4c87abc5c836bfd39614902618518b,260,7fd481f3f5dc4b7c180f0a4cfedb7cacdc45b623c1cb0c8b9917bb9ab8b87024
"(3,1,0,0)","(3,1,0,0):iso-00001",86e3fab6d292d7f82c535a9e9f9226ba0f4c87abc5c836bfd39614902618518b,260,61a87bbe5b9421c68d448d131ea4b1947be2f6510ed81addb70878ce8dcb7caf
"(3,1,0,0)","(3,1,0,0):iso-00001",86e3fab6d292d7f82c535a9e9f9226ba0f4c87abc5c836bfd39614902618518b,260,ac74f25de3df2b9cc829f8dbe278d3f40cdaa0722b2a9d0bfedf7d62fd74cca5
"(3,1,0,0)","(3,1,0,0):iso-00001",86e3fab6d292d7f82c535a9e9f9226ba0f4c87abc5c836bfd39614902618518b,260,e062aa64b2962960ff4cf6ddb6f556f1b587cb93f080afd8041481df0494d249
"(3,1,0,0)","(3,1,0,0):iso-00001",86e3fab6d292d7f82c535a9e9f9226ba0f4c87abc5c836bfd39614902618518b,260,a228aeb9e19235e83942bd0dbc8ccea90615f165fed4e8559e7507c099e84e31
"(3,1,0,0)","(3,1,0,0):iso-00001",86e3fab6d292d7f82c535a9e9f9226ba0f4c87abc5c836bfd39614902618518b,260,9059770e1809abdb7e273437ede79e7f8eecfa2e8fadb004df89b3a1feb0b8e5
"(3,1,0,0)","(3,1,0,0):iso-00001",86e3fab6d292d7f82c535a9e9f9226ba0f4c87abc5c836bfd39614902618518b,260,97118e14c841efc771f08bb8133dfadfd6e312a7a4fddc87c76589d954db3984
"(3,1,0,0)","(3,1,0,0):iso-00001",86e3fab6d292d7f82c535a9e9f9226ba0f4c87abc5c836bfd39614902618518b,260,d3f0df6cce78dd6d3373b600f81aff0a6286d0e9f2d030037495d094726f63fd
"(3,1,0,0)","(3,1,0,0):iso-00001",86e3fab6d292d7f82c535a9e9f9226ba0f4c87abc5c836bfd39614902618518b,260,e529253d8de2e52f967f3b2c527b0c71bbabe07f73e0f842da449a39d92b7c71
"(3,1,0,0)","(3,1,0,0):iso-00001",86e3fab6d292d7f82c535a9e9f9226ba0f4c87abc5c836bfd39614902618518b,260,f675b294bf9fec198f765737b5d97f063b438c17b1ea251d699fc90f883f587c
"(3,1,0,0)","(3,1,0,0):iso-00001",86e3fab6d292d7f82c535a9e9f9226ba0f4c87abc5c836bfd39614902618518b,260,11fb07d42ed69227a5708febe188900dd276fface75346a97a780a9d87314ec2
"(3,1,0,0)","(3,1,0,0):iso-00001",86e3fab6d292d7f82c535a9e9f9226ba0f4c87abc5c836bfd39614902618518b,260,29b1d79e866ced798131be7c675ade276e602128f962487fc1b0a9dee6063adc
"(3,1,0,0)","(3,1,0,0):iso-00001",86e3fab6d292d7f82c535a9e9f9226ba0f4c87abc5c836bfd39614902618518b,260,67b743d39c7fc845aae828c03a33eff651623e9889b5f0dc2069704e11a0e689
"(3,1,0,0)","(3,1,0,0):iso-00001",86e3fab6d292d7f82c535a9e9f9226ba0f4c87abc5c836bfd39614902618518b,260,2521ab84e726572eee2f9139bbc54c0bf7c2dea848fdcbfca1708d9468dfb2bc
"(3,1,0,0)","(3,1,0,0):iso-00001",86e3fab6d292d7f82c535a9e9f9226ba0f4c87abc5c836bfd39614902618518b,260,7f34b275119ed95fa285f5f3a75914333796bfd6d8279cab4a4a06a57deb6fde
"(3,1,0,0)","(3,1,0,0):iso-00001",86e3fab6d292d7f82c535a9e9f9226ba0f4c87abc5c836bfd39614902618518b,260,e968a40c8349cced50f6d4e5ef83d04833baad25bcadb8580a6fed9de27a3b52
"(3,1,0,0)","(3,1,0,0):iso-00001",86e3fab6d292d7f82c535a9e9f9226ba0f4c87abc5c836bfd39614902618518b,260,94b79503e4447edb511902702e88e0c7a11e0c31e1d18379bd77b0c7919de73c
"(3,1,0,0)","(3,1,0,0):iso-00001",86e3fab6d292d7f82c535a9e9f9226ba0f4c87abc5c836bfd39614902618518b,260,126eff3f1df920378e99e3a1d586703f769e8d3b6a65fb2b2daa8f7b4422d844
"(3,1,0,0)","(3,1,0,0):iso-00001",86e3fab6d292d7f82c535a9e9f9226ba0f4c87abc5c836bfd39614902618518b,260,19f93b3ed8276146d18b629ea5d73e5216aa35c76f586a0452bb082dc68239d8
"(3,1,0,0)","(3,1,0,0):iso-00001",86e3fab6d292d7f82c535a9e9f9226ba0f4c87abc5c836bfd39614902618518b,260,8e06c32ba44449a8b78d075622caeca4d975dc659ef13e6abc5070422df489db
"(3,1,0,0)","(3,1,0,0):iso-00001",86e3fab6d292d7f82c535a9e9f9226ba0f4c87abc5c836bfd39614902618518b,260,c5e4f0306b2aa45aa81824688cf6bf8271a07d837e9bc19eeec80216f9ac4ebd
"(3,1,0,0)","(3,1,0,0):iso-00001",86e3fab6d292d7f82c535a9e9f9226ba0f4c87abc5c836bfd39614902618518b,260,03adf6081726973f0764a7259c6dbcbe6ffbe042a62731d7bd45f2d38de6e1c7
"(3,1,0,0)","(3,1,0,0):iso-00001",86e3fab6d292d7f82c535a9e9f9226ba0f4c87abc5c836bfd39614902618518b,260,1963b69920c821d79096af4a0a12463ebe4c6be29a27c1a69a31f48a4ccc0f96
"(3,1,0,0)","(3,1,0,0):iso-00001",86e3fab6d292d7f82c535a9e9f9226ba0f4c87abc5c836bfd39614902618518b,260,7a5a853124f85f1542db917c74129abdf1615dd4fb0f730e52386f23034ccaee
"(3,1,0,0)","(3,1,0,0):iso-00001",86e3fab6d292d7f82c535a9e9f9226ba0f4c87abc5c836bfd39614902618518b,260,956e637eb752ac001929231647eb30cccc02fbdf349694108f5d3ab6a7f7f09d
"(3,1,0,0)","(3,1,0,0):iso-00001",86e3fab6d292d7f82c535a9e9f9226ba0f4c87abc5c836bfd39614902618518b,260,5d68eb5029deafd9bbe4b684f269878c27a130b7d6c7ad3429d2ca50f67a64d3
"(3,1,0,0)","(3,1,0,0):iso-00001",86e3fab6d292d7f82c535a9e9f9226ba0f4c87abc5c836bfd39614902618518b,260,e5f7ce84787c4324e3f550d481738d583f67f660fb5a30b513e1b998bf5e3033
"(3,1,0,0)","(3,1,0,0):iso-00001",86e3fab6d292d7f82c535a9e9f9226ba0f4c87abc5c836bfd39614902618518b,260,926642fcd40530c1cba3d5925bd3c0dd97381a723f638544b3b5a9b4c3d0411b
"(3,1,0,0)","(3,1,0,0):iso-00001",86e3fab6d292d7f82c535a9e9f9226ba0f4c87abc5c836bfd39614902618518b,260,0a64d44fbd80d6afcc40aa8579fda66ae38e41427b118e8c59d36f4c80816ac6
"(3,1,0,0)","(3,1,0,0):iso-00001",86e3fab6d292d7f82c535a9e9f9226ba0f4c87abc5c836bfd39614902618518b,260,c9f79742ef9218b4ffa42ede6033ad37fb6d4f5b02a68cc8072e69d14187585a
"(3,1,0,0)","(3,1,0,0):iso-00001",86e3fab6d292d7f82c535a9e9f9226ba0f4c87abc5c836bfd39614902618518b,260,e2088fc04b467883e0b25aca6918b3c13438199a1598a81daceecf44d50ab9bb
"(3,1,0,0)","(3,1,0,0):iso-00001",86e3fab6d292d7f82c535a9e9f9226ba0f4c87abc5c836bfd39614902618518b,260,19270162ce8dd600ca62ab9e84bf7f7bd72a017cb4158d50db1b11a3aabcd373
"(3,1,0,0)","(3,1,0,0):iso-00001",86e3fab6d292d7f82c535a9e9f9226ba0f4c87abc5c836bfd39614902618518b,260,f0d0f3ba7c070d72934eae60577b16b5dd2e9404d0f362dff2762413736c44be
"(3,1,0,0)","(3,1,0,0):iso-00001",86e3fab6d292d7f82c535a9e9f9226ba0f4c87abc5c836bfd39614902618518b,260,05c5bbe5045a278164f801cb04b5c7913d271558777e2501f77657d4c7094223
"(3,1,0,0)","(3,1,0,0):iso-00001",86e3fab6d292d7f82c535a9e9f9226ba0f4c87abc5c836bfd39614902618518b,260,cd202c38c5163210fb9294d79897bec9af19f8f18cfcb20c873b9efd187a3dfd
"(3,1,0,0)","(3,1,0,0):iso-00001",86e3fab6d292d7f82c535a9e9f9226ba0f4c87abc5c836bfd39614902618518b,260,0f7be19a6fd90b2ea3371fbbf18e17d8e58bb84559b98a4c78953e3bb59d3b91
"(3,1,0,0)","(3,1,0,0):iso-00001",86e3fab6d292d7f82c535a9e9f9226ba0f4c87abc5c836bfd39614902618518b,260,a87b6ff8a09c4e2ebc7964cffa655f2f718904a4faec8cfb9fb9816ad399c735
"(3,1,0,0)","(3,1,0,0):iso-00001",86e3fab6d292d7f82c535a9e9f9226ba0f4c87abc5c836bfd39614902618518b,260,23de5ae62924707bfdf28244bfa7c4a11f499d6dbd5be23e11dc35de326753ed
"(3,1,0,0)","(3,1,0,0):iso-00001",86e3fab6d292d7f82c535a9e9f9226ba0f4c87abc5c836bfd39614902618518b,260,73d8e2a49d479d60249b272f59976a498958ba3a8f8912e57c8181e0d2fd14da
"(3,1,0,0)","(3,1,0,0):iso-00001",86e3fab6d292d7f82c535a9e9f9226ba0f4c87abc5c836bfd39614902618518b,260,f861f1536e4f30a40acf955073fa98392badabc6174b84d8e61eca5661416500
"(3,1,0,0)","(3,1,0,0):iso-00001",86e3fab6d292d7f82c535a9e9f9226ba0f4c87abc5c836bfd39614902618518b,260,7ab119e273f05fd70cfd1005933b37baba7e021ed4e3712395da7887aeed09f9
"(3,1,0,0)","(3,1,0,0):iso-00001",86e3fab6d292d7f82c535a9e9f9226ba0f4c87abc5c836bfd39614902618518b,260,43ac96b79c4ee7f48d5f5116121d4ee925f3aa26d6931cfa0c5eeeac3df5735f
"(3,1,0,0)","(3,1,0,0):iso-00001",86e3fab6d292d7f82c535a9e9f9226ba0f4c87abc5c836bfd39614902618518b,260,d5644a4ade595205fde20efccba75b99e1a9b9bc92ed8c40c4c2097246f42f77
"(3,1,0,0)","(3,1,0,0):iso-00001",86e3fab6d292d7f82c535a9e9f9226ba0f4c87abc5c836bfd39614902618518b,260,392d8986ade9178ee69075c11fe1c3659aae7792e47237b92582572295fd36f9
"(3,1,0,0)","(3,1,0,0):iso-00001",86e3fab6d292d7f82c535a9e9f9226ba0f4c87abc5c836bfd39614902618518b,260,f23967ea131db8e91bbd0b1b83758d9c75e37469db5bc987707e42634e64d3b6
"(3,1,0,0)","(3,1,0,0):iso-00001",86e3fab6d292d7f82c535a9e9f9226ba0f4c87abc5c836bfd39614902618518b,260,4217bbba5bfeaa0cfe35f855a07cc678b57e11b434f44dd120ea86eb4977bcbb
"(3,1,0,0)","(3,1,0,0):iso-00001",86e3fab6d292d7f82c535a9e9f9226ba0f4c87abc5c836bfd39614902618518b,260,d70061c3db2a9b291c0749a01932eeea45d3c0578b5102b3b6b47a7103aefe40
"(3,1,0,0)","(3,1,0,0):iso-00001",86e3fab6d292d7f82c535a9e9f9226ba0f4c87abc5c836bfd39614902618518b,260,c367d9eb87b458ff2b31df8faa9dc6c88a0000a132446aea329dcaf86b7d88a1
"(3,1,0,0)","(3,1,0,0):iso-00001",86e3fab6d292d7f82c535a9e9f9226ba0f4c87abc5c836bfd39614902618518b,260,35576309a757e286946b8a819bee931e317ba0a8d3495f535f7541fc97e5b1ca
"(3,1,0,0)","(3,1,0,0):iso-00001",86e3fab6d292d7f82c535a9e9f9226ba0f4c87abc5c836bfd39614902618518b,260,8142c08faa9909920623afb6eb602484b97d11bfdae3cd5cb5c8c178a8370794
"(3,1,0,0)","(3,1,0,0):iso-00001",86e3fab6d292d7f82c535a9e9f9226ba0f4c87abc5c836bfd39614902618518b,260,a944a2c0f24dbc84aef2439bbdfe0d61b279160b13d16d5711712675d669c2b1
"(3,1,0,0)","(3,1,0,0):iso-00001",86e3fab6d292d7f82c535a9e9f9226ba0f4c87abc5c836bfd39614902618518b,260,79840f3cc19b6d6b848d3711a0837230f678611e899c7cd96973960e84dbc11a
"(3,1,0,0)","(3,1,0,0):iso-00001",86e3fab6d292d7f82c535a9e9f9226ba0f4c87abc5c836bfd39614902618518b,260,48f0b6bff4788f4af3dd69824d1cdf4ca531d8601b6051732bae7341770ff2f9
"(3,1,0,0)","(3,1,0,0):iso-00001",86e3fab6d292d7f82c535a9e9f9226ba0f4c87abc5c836bfd39614902618518b,260,780a4652ff53906016364d017e9f938ef6992897049100b486164d4706d1f781
"(3,1,0,0)","(3,1,0,0):iso-00001",86e3fab6d292d7f82c535a9e9f9226ba0f4c87abc5c836bfd39614902618518b,260,21a75c701aecd76d1c1f2d643294774a4450f68b1eda0942c10a08aaeea44ee1
"(3,1,0,0)","(3,1,0,0):iso-00001",86e3fab6d292d7f82c535a9e9f9226ba0f4c87abc5c836bfd39614902618518b,260,5f1ab2397fcf20f4f30a3ee6d4ae153385b05655a8df05bd7766037041a1a0fb
"(3,1,0,0)","(3,1,0,0):iso-00001",86e3fab6d292d7f82c535a9e9f9226ba0f4c87abc5c836bfd39614902618518b,260,ad7d3676fadaa8e96d01233a7fb857d73100778b9ccdfb5bd181e34f3346f9ee
"(3,1,0,0)","(3,1,0,0):iso-00001",86e3fab6d292d7f82c535a9e9f9226ba0f4c87abc5c836bfd39614902618518b,260,a558a7e1a52dfd4a93ce9c16edddfd4115a0078711e017278f3e45e0981b9590
"(3,1,0,0)","(3,1,0,0):iso-00001",86e3fab6d292d7f82c535a9e9f9226ba0f4c87abc5c836bfd39614902618518b,260,f5750f0c1aba43544c288154241a062dbf2ee092dafffe48eb98f50068c4caf1
"(3,1,0,0)","(3,1,0,0):iso-00001",86e3fab6d292d7f82c535a9e9f9226ba0f4c87abc5c836bfd39614902618518b,260,ace107644910b7ee31eecae9e3b9cb030f89a713e630d3fba2f8658600a5cc72
"(3,1,0,0)","(3,1,0,0):iso-00001",86e3fab6d292d7f82c535a9e9f9226ba0f4c87abc5c836bfd39614902618518b,260,ce35cc7daf9fa5abd0bb5cb34ad73d0cec9d89952d942013cd8f615219ac75dd
"(3,1,0,0)","(3,1,0,0):iso-00001",86e3fab6d292d7f82c535a9e9f9226ba0f4c87abc5c836bfd39614902618518b,260,3d15d2d6d40344ad8d45d5307423b396ee674f08ec9065c59419e7aa0af86ac5
"(3,1,0,0)","(3,1,0,0):iso-00001",86e3fab6d292d7f82c535a9e9f9226ba0f4c87abc5c836bfd39614902618518b,260,d4ce3e413ee837dacf1d4aa45308e40f336d8a6f814ba7460247a3b6eedd6675
"(3,1,0,0)","(3,1,0,0):iso-00001",86e3fab6d292d7f82c535a9e9f9226ba0f4c87abc5c836bfd39614902618518b,260,bacb19275fa2f5c6b0848daed2839d373f4a1bd56ceb361a70bf1022d5404943
"(3,1,0,0)","(3,1,0,0):iso-00001",86e3fab6d292d7f82c535a9e9f9226ba0f4c87abc5c836bfd39614902618518b,260,7cf0b3e89b35e339f253dd2305e61c976cf391d925a5decc9dc96a8503120be0
"(3,1,0,0)","(3,1,0,0):iso-00001",86e3fab6d292d7f82c535a9e9f9226ba0f4c87abc5c836bfd39614902618518b,260,a6352d38c6cd17b328471e5bff58dde96b23218a63f5154f93ed2264d61a82dd
"(3,1,0,0)","(3,1,0,0):iso-00001",86e3fab6d292d7f82c535a9e9f9226ba0f4c87abc5c836bfd39614902618518b,260,57a288c93edad2ec928b7bbc9ee5718bec42b1915e646169c3a0f4b389023360
"(3,1,0,0)","(3,1,0,0):iso-00001",86e3fab6d292d7f82c535a9e9f9226ba0f4c87abc5c836bfd39614902618518b,260,cd35087b0ace42a675eb3ce8dd4c9dbf1964d5b9babc26ec22830e86fd5d78d3
"(3,1,0,0)","(3,1,0,0):iso-00001",86e3fab6d292d7f82c535a9e9f9226ba0f4c87abc5c836bfd39614902618518b,260,ec2ec247fe13f9f9116f792e194844b6a5fd379ea8e0d1126d438f7f2da33712
"(3,1,0,0)","(3,1,0,0):iso-00001",86e3fab6d292d7f82c535a9e9f9226ba0f4c87abc5c836bfd39614902618518b,260,f8dde70f203a9f0b4ad0752ba3786f2c675d6d5cf7a7e65540e50127676a721f
"(3,1,0,0)","(3,1,0,0):iso-00001",86e3fab6d292d7f82c535a9e9f9226ba0f4c87abc5c836bfd39614902618518b,260,39c79bbb66d499d977553346eb004b8f151d08e0b12953119396d6cfa17395fa
"(3,1,0,0)","(3,1,0,0):iso-00001",86e3fab6d292d7f82c535a9e9f9226ba0f4c87abc5c836bfd39614902618518b,260,b5166a49c9fa5f3979064d4f674493a592c331329a247338064428e8bb442bf0
"(3,1,0,0)","(3,1,0,0):iso-00001",86e3fab6d292d7f82c535a9e9f9226ba0f4c87abc5c836bfd39614902618518b,260,648efe1e902fd005ad5921676b1ae90ec313db4a3b690a6721caf59d312a8cfd
"(3,1,0,0)","(3,1,0,0):iso-00001",86e3fab6d292d7f82c535a9e9f9226ba0f4c87abc5c836bfd39614902618518b,260,b82704aa24f8c2f814e4c017e0da70bec51d55832d9aabef6118a348e626ff1d
"(3,1,0,0)","(3,1,0,0):iso-00001",86e3fab6d292d7f82c535a9e9f9226ba0f4c87abc5c836bfd39614902618518b,260,188158ebabbdcfe68238831dea5407435be4badb5be0296903bdaaf63478de54
"(3,1,0,0)","(3,1,0,0):iso-00001",86e3fab6d292d7f82c535a9e9f9226ba0f4c87abc5c836bfd39614902618518b,260,11cad8422d0121502f5c7d5bbd757413338109fca67837429caf197ed70d22fe
"(3,1,0,0)","(3,1,0,0):iso-00001",86e3fab6d292d7f82c535a9e9f9226ba0f4c87abc5c836bfd39614902618518b,260,fc687f45cea7dc837ee81a3925ca08e951efe9b4f48a7a3313935f3f51576146
"(3,1,0,0)","(3,1,0,0):iso-00001",86e3fab6d292d7f82c535a9e9f9226ba0f4c87abc5c836bfd39614902618518b,260,c80f48491d7ba0052791d6fc12dc48cea626df1c67336c1a7e8182148f0b3e0f
"(3,1,0,0)","(3,1,0,0):iso-00001",86e3fab6d292d7f82c535a9e9f9226ba0f4c87abc5c836bfd39614902618518b,260,859c53861ab70f8c296640a04245dd7b7586a7e5d79961378e3e2e63d8fabd66
"(3,1,0,0)","(3,1,0,0):iso-00001",86e3fab6d292d7f82c535a9e9f9226ba0f4c87abc5c836bfd39614902618518b,260,0c6858ed5b3905d00d1631dd9450ca5eb68dc404cfe820af1ddbf1b07688fa73
"(3,1,0,0)","(3,1,0,0):iso-00001",86e3fab6d292d7f82c535a9e9f9226ba0f4c87abc5c836bfd39614902618518b,260,4dc7e33f5018675411fc0114664ae65c92e9790a4239ce73352a54f981503607
"(3,1,0,0)","(3,1,0,0):iso-00001",86e3fab6d292d7f82c535a9e9f9226ba0f4c87abc5c836bfd39614902618518b,260,0ceda5e88fdc51a1d64f5f9b8ed518e24cfe554395c0b8e84b574bba0dd93d71
"(3,1,0,0)","(3,1,0,0):iso-00001",86e3fab6d292d7f82c535a9e9f9226ba0f4c87abc5c836bfd39614902618518b,260,82eb68173e13e8c0b404597a83a15be19ec54d493d7da2ae2bf0302f36941f33
"(3,1,0,0)","(3,1,0,0):iso-00001",86e3fab6d292d7f82c535a9e9f9226ba0f4c87abc5c836bfd39614902618518b,260,a82681b74c7cec841ada40ffba80bff9b882f793a7126e30e66c01487c0dfa12
"(3,1,0,0)","(3,1,0,0):iso-00001",86e3fab6d292d7f82c535a9e9f9226ba0f4c87abc5c836bfd39614902618518b,260,488f1e0a9898154e4392ac6118ed1ec0a5a1824d2c8fe8545a782814c6ba6153
"(3,1,0,0)","(3,1,0,0):iso-00001",86e3fab6d292d7f82c535a9e9f9226ba0f4c87abc5c836bfd39614902618518b,260,4bd4e012c5925038a84032268e39b024529598cc3daebefedfbbb5653b63b057
"(3,1,0,0)","(3,1,0,0):iso-00001",86e3fab6d292d7f82c535a9e9f9226ba0f4c87abc5c836bfd39614902618518b,260,52a940bbad40c6b19b5267adb1d98d54966eda5d407b23805809f0cce0317060
"(3,1,0,0)","(3,1,0,0):iso-00001",86e3fab6d292d7f82c535a9e9f9226ba0f4c87abc5c836bfd39614902618518b,260,9c58d68a95a16313e3d40554d4feef97ab269d61b40c628c07754fcaf97c5749
"(3,1,0,0)","(3,1,0,0):iso-00001",86e3fab6d292d7f82c535a9e9f9226ba0f4c87abc5c836bfd39614902618518b,260,c92d4e33371469c11be9f7386a4f62ac6de8e4fe05b068f4e800858869bf245a
"(3,1,0,0)","(3,1,0,0):iso-00001",86e3fab6d292d7f82c535a9e9f9226ba0f4c87abc5c836bfd39614902618518b,260,a24fa6f2baa3d98d00a41b87e136eb2cf9886556fcc298a8f0fe51df927b0c8c
"(3,1,0,0)","(3,1,0,0):iso-00001",86e3fab6d292d7f82c535a9e9f9226ba0f4c87abc5c836bfd39614902618518b,260,3c18220efe93f97da96d9cde78d7da35acecd1926b7e2add8f9868d54ce62738
"(3,1,0,0)","(3,1,0,0):iso-00001",86e3fab6d292d7f82c535a9e9f9226ba0f4c87abc5c836bfd39614902618518b,260,f08478f0fcaac5b4560bd773a69f693820dea3cf3bf36f2a299df9fc77221d19
"(3,1,0,0)","(3,1,0,0):iso-00001",86e3fab6d292d7f82c535a9e9f9226ba0f4c87abc5c836bfd39614902618518b,260,f0f1166d3b5939666ee4fc4c83b81380dc0d3356c111fd71e0d7c5d572867d9a
"(3,1,0,0)","(3,1,0,0):iso-00001",86e3fab6d292d7f82c535a9e9f9226ba0f4c87abc5c836bfd39614902618518b,260,248102d6fabc597fba280a6fe1842f384f5a6d4c4ba9c65dcd433a27598536f9
"(3,1,0,0)","(3,1,0,0):iso-00001",86e3fab6d292d7f82c535a9e9f9226ba0f4c87abc5c836bfd39614902618518b,260,445d170482c79ec69ef8f0f65bd13e5746e82e29082b7603645748d3b5c523b8
"(3,1,0,0)","(3,1,0,0):iso-00001",86e3fab6d292d7f82c535a9e9f9226ba0f4c87abc5c836bfd39614902618518b,260,ec826c6f2f1de7dbfc54c21d4e9055f3f0dc54da57679c2663b7d6606a45cb14
"(3,1,0,0)","(3,1,0,0):iso-00001",86e3fab6d292d7f82c535a9e9f9226ba0f4c87abc5c836bfd39614902618518b,260,577e94ccd6b7691cac37e117bf536492f9f365d36ca09bde60d920c98e5785d1
"(3,1,0,0)","(3,1,0,0):iso-00001",86e3fab6d292d7f82c535a9e9f9226ba0f4c87abc5c836bfd39614902618518b,260,8880fc8d39339c5755083a56d2ac7040b997348be9739dd2795a0024012f411a
"(3,1,0,0)","(3,1,0,0):iso-00001",86e3fab6d292d7f82c535a9e9f9226ba0f4c87abc5c836bfd39614902618518b,260,43a53e5d6e5542cec0f5916441160bb01f0d2ff742fd13ae564ee0b3cb20d702
"(3,1,0,0)","(3,1,0,0):iso-00001",86e3fab6d292d7f82c535a9e9f9226ba0f4c87abc5c836bfd39614902618518b,260,c5518b2667fe824e8e74d7da514fa3de26e02415aafac703514525488a3533dd
"(3,1,0,0)","(3,1,0,0):iso-00001",86e3fab6d292d7f82c535a9e9f9226ba0f4c87abc5c836bfd39614902618518b,260,e0d37982bc3b8cb6625d2d9018c5acc36bd69f38b402848e8a92e6b2c71e8061
"(3,1,0,0)","(3,1,0,0):iso-00001",86e3fab6d292d7f82c535a9e9f9226ba0f4c87abc5c836bfd39614902618518b,260,40e886c5f6db6f1d03a06393659d949741a7c25759ae423e6dbff54c86191450
"(3,1,0,0)","(3,1,0,0):iso-00001",86e3fab6d292d7f82c535a9e9f9226ba0f4c87abc5c836bfd39614902618518b,260,c9469fedd81190d42041f988d2e26ff91d738be8e1a555d4d84efcf39324997a
"(3,1,0,0)","(3,1,0,0):iso-00001",86e3fab6d292d7f82c535a9e9f9226ba0f4c87abc5c836bfd39614902618518b,260,092dc99f547b7f222f0894403ec4f368d2437d09cd6de34e5b112c6619561f81
"(3,1,0,0)","(3,1,0,0):iso-00001",86e3fab6d292d7f82c535a9e9f9226ba0f4c87abc5c836bfd39614902618518b,260,c6576e822aa604eb142b6f0da9fd555ba6971059cbd2654aa716544a4f98510c
"(3,1,0,0)","(3,1,0,0):iso-00001",86e3fab6d292d7f82c535a9e9f9226ba0f4c87abc5c836bfd39614902618518b,260,2e2fac3aaa37dd084b43d12ef72c8491fe27a9795db40d91cb5ad21849579370
"(3,1,0,0)","(3,1,0,0):iso-00001",86e3fab6d292d7f82c535a9e9f9226ba0f4c87abc5c836bfd39614902618518b,260,48060d084e0e76b2619ae4ecc2e9ee9eb52fef75f104b687de743a54f15e5fd4
"(3,1,0,0)","(3,1,0,0):iso-00001",86e3fab6d292d7f82c535a9e9f9226ba0f4c87abc5c836bfd39614902618518b,260,09fc121c431cf61293f0e2a68dea24e80ac43b73a1260912439b00370a8f16e8
"(3,1,0,0)","(3,1,0,0):iso-00001",86e3fab6d292d7f82c535a9e9f9226ba0f4c87abc5c836bfd39614902618518b,260,119fef7be41d17a8752f06ce4976aeb67131a4244231f2f3a0345e6cf23851da
"(3,1,0,0)","(3,1,0,0):iso-00001",86e3fab6d292d7f82c535a9e9f9226ba0f4c87abc5c836bfd39614902618518b,260,153042d540f881c745b78204063f4d8dcb0ee96a9aa0afed3bd7fd03beaebc28
"(3,1,0,0)","(3,1,0,0):iso-00001",86e3fab6d292d7f82c535a9e9f9226ba0f4c87abc5c836bfd39614902618518b,260,62928645f1617789b1063bc3942a8d3c3103b8c4e9aeb09f93b33725e4a73002
"(3,1,0,0)","(3,1,0,0):iso-00001",86e3fab6d292d7f82c535a9e9f9226ba0f4c87abc5c836bfd39614902618518b,260,ede0d8fe44b8b58c639fc2baca852716c7bd76cdbc47d3fbbc1a18272a7be9fe
"(3,1,0,0)","(3,1,0,0):iso-00001",86e3fab6d292d7f82c535a9e9f9226ba0f4c87abc5c836bfd39614902618518b,260,e9387b4e1b40d461c97fef5c11eb227c82ff554fa0d80b6fad8cc1626e949baf
"(3,1,0,0)","(3,1,0,0):iso-00001",86e3fab6d292d7f82c535a9e9f9226ba0f4c87abc5c836bfd39614902618518b,260,38fb6b2be9f21738bed8419e0c1dcef26b9b53c186da103ada65a50628558114
"(3,1,0,0)","(3,1,0,0):iso-00001",86e3fab6d292d7f82c535a9e9f9226ba0f4c87abc5c836bfd39614902618518b,260,583e099edd03a7185bb79c87896347b337f3e56d76da36f9c380c4588632ee2b
"(3,1,0,0)","(3,1,0,0):iso-00001",86e3fab6d292d7f82c535a9e9f9226ba0f4c87abc5c836bfd39614902618518b,260,cd522911ee56377f6a7fa32f252ddcf8f1140e63c017e1463c25a20a04a84327
"(3,1,0,0)","(3,1,0,0):iso-00001",86e3fab6d292d7f82c535a9e9f9226ba0f4c87abc5c836bfd39614902618518b,260,a5908d92a1008fc340c8844c1eb5ca5a2d4a9de8426f49bdc47834507287a517
"(3,1,0,0)","(3,1,0,0):iso-00001",86e3fab6d292d7f82c535a9e9f9226ba0f4c87abc5c836bfd39614902618518b,260,48664f59bf93d0a3e8455eb6cf9d1ac42b3f80b0be90120e98465c182c02174a
"(3,1,0,0)","(3,1,0,0):iso-00001",86e3fab6d292d7f82c535a9e9f9226ba0f4c87abc5c836bfd39614902618518b,260,18b44833a07ee3a725f99656bb98f2b748b69e61b1ed96c7e04ff8e47e7d83d6
"(3,1,0,0)","(3,1,0,0):iso-00001",86e3fab6d292d7f82c535a9e9f9226ba0f4c87abc5c836bfd39614902618518b,260,68b55904e1ff6d0a201e092ecc2d10dc0bde6fa811f43a977a351a0714efb24d
"(3,1,0,0)","(3,1,0,0):iso-00001",86e3fab6d292d7f82c535a9e9f9226ba0f4c87abc5c836bfd39614902618518b,260,8a07f0ddc709e6f1362c47f0038797b8e9ed20c37bd8edea0584f4dce92dd6d4
"(3,1,0,0)","(3,1,0,0):iso-00001",86e3fab6d292d7f82c535a9e9f9226ba0f4c87abc5c836bfd39614902618518b,260,8e89cf0b405be3d8000602640c9628930def6d2cb43353221102f18056754401
"(3,1,0,0)","(3,1,0,0):iso-00001",86e3fab6d292d7f82c535a9e9f9226ba0f4c87abc5c836bfd39614902618518b,260,54cac7f467986364098df17784a4f46c6a16a98a3e147008822a21fba595cde9
"(3,1,0,0)","(3,1,0,0):iso-00001",86e3fab6d292d7f82c535a9e9f9226ba0f4c87abc5c836bfd39614902618518b,260,7fddeb98c31e3350c4d9a82bb80a72c443d158611103dd47c9e1d54271a6b787
"(3,1,0,0)","(3,1,0,0):iso-00001",86e3fab6d292d7f82c535a9e9f9226ba0f4c87abc5c836bfd39614902618518b,260,2e4c863af24bb577a08484a1bae7aed5be70ff5a82d9d05132e74435f34715db
"(3,1,0,0)","(3,1,0,0):iso-00001",86e3fab6d292d7f82c535a9e9f9226ba0f4c87abc5c836bfd39614902618518b,260,2e62a89b4c005417708bff6701e02cea9693edae957e4483b19992a0e7f20969
"(3,1,0,0)","(3,1,0,0):iso-00001",86e3fab6d292d7f82c535a9e9f9226ba0f4c87abc5c836bfd39614902618518b,260,6160a20000463944a4e295b83f094b399919c9b836a0726d3ff4d89b64105496
"(3,1,0,0)","(3,1,0,0):iso-00001",86e3fab6d292d7f82c535a9e9f9226ba0f4c87abc5c836bfd39614902618518b,260,5830dfa59cdffede04de9bb61a0f899d025d1e98b9fad5e11054d8eced2082e8
"(3,1,0,0)","(3,1,0,0):iso-00001",86e3fab6d292d7f82c535a9e9f9226ba0f4c87abc5c836bfd39614902618518b,260,030e5972213825ac4da3121cfffbd4e1f4ee18569d937232c6982a96d222e9f5
"(3,1,0,0)","(3,1,0,0):iso-00001",86e3fab6d292d7f82c535a9e9f9226ba0f4c87abc5c836bfd39614902618518b,260,cfc12966643712e2baa0b374ad12d8f2532f52138bfe402b999a7b1c89cff124
"(3,1,0,0)","(3,1,0,0):iso-00001",86e3fab6d292d7f82c535a9e9f9226ba0f4c87abc5c836bfd39614902618518b,260,f9586db92471cee5ff2268e6031cdf4165fbf314dcb9e1d611901b62fbc7211f
"(3,1,0,0)","(3,1,0,0):iso-00001",86e3fab6d292d7f82c535a9e9f9226ba0f4c87abc5c836bfd39614902618518b,260,95d25f0f950f0606a598bad81265e3c9f1e4c31c5e177ab2d78c95a2a84f4df2
"(3,1,0,0)","(3,1,0,0):iso-00001",86e3fab6d292d7f82c535a9e9f9226ba0f4c87abc5c836bfd39614902618518b,260,525ef835fd3657f05f4d45be596f4ec5642151f115553afb34e42d821cfe479b
"(3,1,0,0)","(3,1,0,0):iso-00001",86e3fab6d292d7f82c535a9e9f9226ba0f4c87abc5c836bfd39614902618518b,260,2d435aaed68ddd0a9c572ef6267919dc1da4cceaa1e74da5f818e4cc863500f1
"(3,1,0,0)","(3,1,0,0):iso-00001",86e3fab6d292d7f82c535a9e9f9226ba0f4c87abc5c836bfd39614902618518b,260,c76b98adf4d176cbf450fdd6522f459f98bff4f7a2c572165a89c7ad1259f601
"(3,1,0,0)","(3,1,0,0):iso-00001",86e3fab6d292d7f82c535a9e9f9226ba0f4c87abc5c836bfd39614902618518b,260,a922330d246adb14afb70e7e3f3fa6ffccdd87190212732d4295efc963d24efc
"(3,1,0,0)","(3,1,0,0):iso-00001",86e3fab6d292d7f82c535a9e9f9226ba0f4c87abc5c836bfd39614902618518b,260,ba4c4950edcdfdf5701e4efa7e5a8e47fd671b473c58be9ca94badbb2cb0c12d
"(3,1,0,0)","(3,1,0,0):iso-00001",86e3fab6d292d7f82c535a9e9f9226ba0f4c87abc5c836bfd39614902618518b,260,278a2051eaee70e0701ac73f728f486cf32bc3cbcf6ef2a7b9e6d18f979a185b
"(3,1,0,0)","(3,1,0,0):iso-00001",86e3fab6d292d7f82c535a9e9f9226ba0f4c87abc5c836bfd39614902618518b,260,d9aa288a525e0b1176a98c242498bf2567c3d18f2c416047b221fef7e9de2bd3
"(3,1,0,0)","(3,1,0,0):iso-00001",86e3fab6d292d7f82c535a9e9f9226ba0f4c87abc5c836bfd39614902618518b,260,b23d8ae0f4c3f1517ba4b7d50fd90849a1026e60230b5df1620d48e1b78340dc
"(3,1,0,0)","(3,1,0,0):iso-00001",86e3fab6d292d7f82c535a9e9f9226ba0f4c87abc5c836bfd39614902618518b,260,92fdbcc71a0366ff36043392d34961b4692365f6df1da5d77dbf12807067e29a
"(3,1,0,0)","(3,1,0,0):iso-00001",86e3fab6d292d7f82c535a9e9f9226ba0f4c87abc5c836bfd39614902618518b,260,e9d1c12d6040df5963215a5a6888a49135e796c0d044d2f8981f11793c23f391
"(3,1,0,0)","(3,1,0,0):iso-00001",86e3fab6d292d7f82c535a9e9f9226ba0f4c87abc5c836bfd39614902618518b,260,c24c4b0ffe77bb51559837a74ba914ccaf8c655bac6273c831d050c5d6d2b85c
"(3,1,0,0)","(3,1,0,0):iso-00001",86e3fab6d292d7f82c535a9e9f9226ba0f4c87abc5c836bfd39614902618518b,260,2aa65f5914f3bdd12f33468e161736d0eb26ffb9b43f4f1292055954c83431c9
"(3,1,0,0)","(3,1,0,0):iso-00001",86e3fab6d292d7f82c535a9e9f9226ba0f4c87abc5c836bfd39614902618518b,260,b38ebdc0c845a645a591b6e2827e570ca85caaf1287c2dfdfb7912bf0c0a85ef
"(3,1,0,0)","(3,1,0,0):iso-00001",86e3fab6d292d7f82c535a9e9f9226ba0f4c87abc5c836bfd39614902618518b,260,b60a2dad020a56466c23eeeae3a2be2a02fbe6b025e54710fca5dc134de1c966
"(3,1,0,0)","(3,1,0,0):iso-00001",86e3fab6d292d7f82c535a9e9f9226ba0f4c87abc5c836bfd39614902618518b,260,545a10d195efb370905cabd13586f4f5d50f73e816c907d3b07086d421be9691
"(3,1,0,0)","(3,1,0,0):iso-00001",86e3fab6d292d7f82c535a9e9f9226ba0f4c87abc5c836bfd39614902618518b,260,60767806c7baa3fef242f9ea4293e5bc22ba75d5f78c8dec2cf407043c253279
"(3,1,0,0)","(3,1,0,0):iso-00001",86e3fab6d292d7f82c535a9e9f9226ba0f4c87abc5c836bfd39614902618518b,260,0e21bd51274561de34f8813929a2990a716043453aa9e64ec0d05ab5cccaf018
"(3,1,0,0)","(3,1,0,0):iso-00001",86e3fab6d292d7f82c535a9e9f9226ba0f4c87abc5c836bfd39614902618518b,260,5f198df24d1f4b0e265dbb4f47130b97c848342500df1ef97023b94085de8250
"(3,1,0,0)","(3,1,0,0):iso-00001",86e3fab6d292d7f82c535a9e9f9226ba0f4c87abc5c836bfd39614902618518b,260,ad04c054873c26ca1adf8162360160b43228628c97c6389684711312339b570c
"(3,1,0,0)","(3,1,0,0):iso-00001",86e3fab6d292d7f82c535a9e9f9226ba0f4c87abc5c836bfd39614902618518b,260,0bc36e472525825bd75e247b94dc711a904b80afcff1bf1dd93ef8238920da4c
"(3,1,0,0)","(3,1,0,0):iso-00001",86e3fab6d292d7f82c535a9e9f9226ba0f4c87abc5c836bfd39614902618518b,260,0b4159da69d8f5da62c58c2eade616c9b9cae5023de6bdcaf04ce987ff43c733
"(3,1,0,0)","(3,1,0,0):iso-00001",86e3fab6d292d7f82c535a9e9f9226ba0f4c87abc5c836bfd39614902618518b,260,cd53a3b6e4790172f1cc814bde00f134b9b1ad97572f308bd71ff6c3279a9627
"(3,1,0,0)","(3,1,0,0):iso-00001",86e3fab6d292d7f82c535a9e9f9226ba0f4c87abc5c836bfd39614902618518b,260,16e52ff957aa39142d4b7423f6751034517ff0333bdb95b8e6011514054d9326
"(3,1,0,0)","(3,1,0,0):iso-00001",86e3fab6d292d7f82c535a9e9f9226ba0f4c87abc5c836bfd39614902618518b,260,c380621e7418f97cd35f5d3e6b411bdc8d6401a4b60df3e99618691d098227bd
"(3,1,0,0)","(3,1,0,0):iso-00001",86e3fab6d292d7f82c535a9e9f9226ba0f4c87abc5c836bfd39614902618518b,260,06667e5c783796cbd639c39ffbc6ed4536b3d648c659a990a95b2a1cd0babc2e
"(3,1,0,0)","(3,1,0,0):iso-00001",86e3fab6d292d7f82c535a9e9f9226ba0f4c87abc5c836bfd39614902618518b,260,1e31411b01f37d880fe501609d9b8e6703f6e30ab3ef0319a95a47b8b3b20e7c
"(3,1,0,0)","(3,1,0,0):iso-00001",86e3fab6d292d7f82c535a9e9f9226ba0f4c87abc5c836bfd39614902618518b,260,068db13d0408961f33da4e7f8f1ba7d33f7c1a6678a70a34bef771fe61a6f5d0
"(3,1,0,0)","(3,1,0,0):iso-00001",86e3fab6d292d7f82c535a9e9f9226ba0f4c87abc5c836bfd39614902618518b,260,36e0d7e0ceb2e980f1782ae4c7d45dd9625ea72562a437ec5d525dc8523d3e2c
"(3,1,0,0)","(3,1,0,0):iso-00001",86e3fab6d292d7f82c535a9e9f9226ba0f4c87abc5c836bfd39614902618518b,260,ead6dcfc1201d52959fd06d06aab75a32cd261edcf7b94cee30eb743ed7c99fa
"(3,1,0,0)","(3,1,0,0):iso-00001",86e3fab6d292d7f82c535a9e9f9226ba0f4c87abc5c836bfd39614902618518b,260,f9a106f8c6e6b9b760b7666772149566b38f2b3d3e65ab4cbd3f5d1236aae73d
"(3,1,0,0)","(3,1,0,0):iso-00001",86e3fab6d292d7f82c535a9e9f9226ba0f4c87abc5c836bfd39614902618518b,260,4091370be570de8f074c65207c464d5590e0fb44bf5d0e3b3ab73de44b664ffb
"(3,1,0,0)","(3,1,0,0):iso-00001",86e3fab6d292d7f82c535a9e9f9226ba0f4c87abc5c836bfd39614902618518b,260,e1924c64ecaeb5db7bc9a9b220d99a3bcf1ffb266e4bedec5b08be73067594c3
"(3,1,0,0)","(3,1,0,0):iso-00001",86e3fab6d292d7f82c535a9e9f9226ba0f4c87abc5c836bfd39614902618518b,260,b5ce69044015568911e8d8da3ac63e176327d201b67559b9c3735adc72e8865f
"(3,1,0,0)","(3,1,0,0):iso-00001",86e3fab6d292d7f82c535a9e9f9226ba0f4c87abc5c836bfd39614902618518b,260,a5b4a55d49b3bb373482444fee27d4a2646ec16a2bf563d1ede445aa290450ac
"(3,1,0,0)","(3,1,0,0):iso-00001",86e3fab6d292d7f82c535a9e9f9226ba0f4c87abc5c836bfd39614902618518b,260,06a4f3f0fd70a27525f36a7957cb9403e41d2e868ca3d7b600cc5d113dd91ce9
"(3,1,0,0)","(3,1,0,0):iso-00001",86e3fab6d292d7f82c535a9e9f9226ba0f4c87abc5c836bfd39614902618518b,260,f66330424410271e9d7cd4cb1d07a1daf79fa53b4f5c5201fefdf9b937302f8f
"(3,1,0,0)","(3,1,0,0):iso-00001",86e3fab6d292d7f82c535a9e9f9226ba0f4c87abc5c836bfd39614902618518b,260,4b249d8cff424c1a13519fc271853d561f0b3acd643ef3e95ebcfd1ad179836a
"(3,1,0,0)","(3,1,0,0):iso-00001",86e3fab6d292d7f82c535a9e9f9226ba0f4c87abc5c836bfd39614902618518b,260,75ea0eed99ba4a577b47ea1b05b7ee78ef6bdbd9f7410f0631e71030bfd09b29
"(3,1,0,0)","(3,1,0,0):iso-00001",86e3fab6d292d7f82c535a9e9f9226ba0f4c87abc5c836bfd39614902618518b,260,d47f02c9894d33b581e4d07e67b8f9db6ddc232b90d01f9dccee565cfec2de4d
"(3,1,0,0)","(3,1,0,0):iso-00001",86e3fab6d292d7f82c535a9e9f9226ba0f4c87abc5c836bfd39614902618518b,260,26991bc389ca4f69c1d4646f1f4b58fce37dc4bded0f2417d19e77a92b225ce8
"(3,1,0,0)","(3,1,0,0):iso-00001",86e3fab6d292d7f82c535a9e9f9226ba0f4c87abc5c836bfd39614902618518b,260,7af37bddece2e9461052b6fe6381a36d809fd4714abdd00f1961ee111517b6da
"(3,1,0,0)","(3,1,0,0):iso-00001",86e3fab6d292d7f82c535a9e9f9226ba0f4c87abc5c836bfd39614902618518b,260,327ec6349505d103f5640187ccc1e19c8979e47415ba259037d38caa973d8222
"(3,1,0,0)","(3,1,0,0):iso-00001",86e3fab6d292d7f82c535a9e9f9226ba0f4c87abc5c836bfd39614902618518b,260,7d8e1a79bb1cf0628ab52c8502e4ca01b2944dc71f1fd67edf4e90d0fd964241
"(3,1,0,0)","(3,1,0,0):iso-00001",86e3fab6d292d7f82c535a9e9f9226ba0f4c87abc5c836bfd39614902618518b,260,6094222164225a506e55951c8231096aa9ff6553bcc63fca17619a8b9718c37b
"(3,1,0,0)","(3,1,0,0):iso-00001",86e3fab6d292d7f82c535a9e9f9226ba0f4c87abc5c836bfd39614902618518b,260,959e7c3449b37be8139a96d7d245994d0f0f194f5a65196dc104b8e02948a175
"(3,1,0,0)","(3,1,0,0):iso-00001",86e3fab6d292d7f82c535a9e9f9226ba0f4c87abc5c836bfd39614902618518b,260,c5a2966268dc6b01c1e208d510e9b0dc79c0e081736854525e0e37351d8f6b06
"(3,1,0,0)","(3,1,0,0):iso-00001",86e3fab6d292d7f82c535a9e9f9226ba0f4c87abc5c836bfd39614902618518b,260,9a37aa9c0e30baed94b1aea62ac3bd1c0f25ed09f04e130fcce62490712119bf
"(3,1,0,0)","(3,1,0,0):iso-00001",86e3fab6d292d7f82c535a9e9f9226ba0f4c87abc5c836bfd39614902618518b,260,283da705234280b11090065dca74043264b0755b89f1279d836199f1035c71ee
"(3,1,0,0)","(3,1,0,0):iso-00001",86e3fab6d292d7f82c535a9e9f9226ba0f4c87abc5c836bfd39614902618518b,260,0b9ecc1967d647426edeadb3ea6259b0851ef5af9c9cbfa2cb0fcb6474c22018
"(3,1,0,0)","(3,1,0,0):iso-00001",86e3fab6d292d7f82c535a9e9f9226ba0f4c87abc5c836bfd39614902618518b,260,078b9f83d4b70cc85f3a958fa70f931e4fee146137ae0a84aff9342a5297b2d1
"(3,1,0,0)","(3,1,0,0):iso-00001",86e3fab6d292d7f82c535a9e9f9226ba0f4c87abc5c836bfd39614902618518b,260,4888a9474d70898175b1a9d5360b05d01840ab74e18310c3ba5d1dc57826f6b1
"(3,1,0,0)","(3,1,0,0):iso-00001",86e3fab6d292d7f82c535a9e9f9226ba0f4c87abc5c836bfd39614902618518b,260,af2a17e77cb28dfe07f5fc4c4bd009aadc157f70e6bc7cdf8b0b3ee07b6b9076
"(3,1,0,0)","(3,1,0,0):iso-00001",86e3fab6d292d7f82c535a9e9f9226ba0f4c87abc5c836bfd39614902618518b,260,5b86beb8ec6ea7acea611e497824eb132183f4005382231426dd3fa6f8f0cc7e
"(3,1,0,0)","(3,1,0,0):iso-00001",86e3fab6d292d7f82c535a9e9f9226ba0f4c87abc5c836bfd39614902618518b,260,e39c5e1c9fcfa558deadb46c22c34300f44d8c2656a1c24a51b29da2ba261c69
"(3,1,0,0)","(3,1,0,0):iso-00001",86e3fab6d292d7f82c535a9e9f9226ba0f4c87abc5c836bfd39614902618518b,260,dafe0bef8486a6883eb033d650d98f59d46e7cbdcc2a819830b28157ced82b93
"(3,1,0,0)","(3,1,0,0):iso-00001",86e3fab6d292d7f82c535a9e9f9226ba0f4c87abc5c836bfd39614902618518b,260,809716fe849f2eae8561805e0a008fb488f42463f88c328731bf54fa30e67f43
"(3,1,0,0)","(3,1,0,0):iso-00001",86e3fab6d292d7f82c535a9e9f9226ba0f4c87abc5c836bfd39614902618518b,260,bbc7adeae31e9ad58bf7c105e5e2f8aedbd0d8aa40f354c0d599254611ba72b0
"(3,1,0,0)","(3,1,0,0):iso-00001",86e3fab6d292d7f82c535a9e9f9226ba0f4c87abc5c836bfd39614902618518b,260,de388bee4e5af78d8119776f4bd2fe77b438d827f0b8f037c54747c602b31cec
"(3,1,0,0)","(3,1,0,0):iso-00001",86e3fab6d292d7f82c535a9e9f9226ba0f4c87abc5c836bfd39614902618518b,260,601d02bfbbdbe9ac1c391572c7174fa4a3c7ea291448f7dc2fc9dad634521c48
"(3,1,0,0)","(3,1,0,0):iso-00001",86e3fab6d292d7f82c535a9e9f9226ba0f4c87abc5c836bfd39614902618518b,260,8140fd129a8f6d89c14c2a1aaae2b08c5ea10b2232fb93357ecdc1aa11153f48
"(3,1,0,0)","(3,1,0,0):iso-00001",86e3fab6d292d7f82c535a9e9f9226ba0f4c87abc5c836bfd39614902618518b,260,0841cda3db60592e4cdd456fa230c8c1cb8000ce3ec3743de6b73d081476fb47
"(3,1,0,0)","(3,1,0,0):iso-00001",86e3fab6d292d7f82c535a9e9f9226ba0f4c87abc5c836bfd39614902618518b,260,7accab7f7d92c90596cc55a618166ed5e2e78ada3444d2ec65997c716cc22538
"(3,1,0,0)","(3,1,0,0):iso-00001",86e3fab6d292d7f82c535a9e9f9226ba0f4c87abc5c836bfd39614902618518b,260,6cbf45087a90456951d7aac9e2a2c247692ee32152ee45ba3bc66fa4558c1f5c
"(3,1,0,0)","(3,1,0,0):iso-00001",86e3fab6d292d7f82c535a9e9f9226ba0f4c87abc5c836bfd39614902618518b,260,ad3d2c3409d18bd1753d3c1eb388e291cb35f84b9b515f8f9d9ae5f7825cd257
"(3,1,0,0)","(3,1,0,0):iso-00001",86e3fab6d292d7f82c535a9e9f9226ba0f4c87abc5c836bfd39614902618518b,260,d8b20c26a3bad88266cb346aca93ddd97bbdd8003ffb58f72e815fda3727bb42
"(3,1,0,0)","(3,1,0,0):iso-00001",86e3fab6d292d7f82c535a9e9f9226ba0f4c87abc5c836bfd39614902618518b,260,c0365a1897507dcf6ae766cb28984b871fc872b4ed771c087660a9d2b73c30b0
"(3,1,0,0)","(3,1,0,0):iso-00001",86e3fab6d292d7f82c535a9e9f9226ba0f4c87abc5c836bfd39614902618518b,260,e9c431dcc2ec757ea3a7262fd32721503c9dd50087dd95b0bb76226da591b633
"(3,1,0,0)","(3,1,0,0):iso-00001",86e3fab6d292d7f82c535a9e9f9226ba0f4c87abc5c836bfd39614902618518b,260,ba60c39b1b419f01429408f533754df50ec3f02287f03a36e03db1226947c30b
"(3,1,0,0)","(3,1,0,0):iso-00001",86e3fab6d292d7f82c535a9e9f9226ba0f4c87abc5c836bfd39614902618518b,260,b0cb4959653e7e3841100d189e8472df76383f03febf07eaba77d286954f948f
"(3,1,0,0)","(3,1,0,0):iso-00001",86e3fab6d292d7f82c535a9e9f9226ba0f4c87abc5c836bfd39614902618518b,260,84aa58323ce3768e1c27d6bc67ffac089218a0dcb6cc9298b5ab5b586a81575c
"(3,1,0,0)","(3,1,0,0):iso-00001",86e3fab6d292d7f82c535a9e9f9226ba0f4c87abc5c836bfd39614902618518b,260,8f4ede3b738526732abcea56aad62872112e08c20800ef47cb97ca939370051d
"(3,1,0,0)","(3,1,0,0):iso-00001",86e3fab6d292d7f82c535a9e9f9226ba0f4c87abc5c836bfd39614902618518b,260,04b9c86c0cc7858e3af577228a1ad93fe4e9cd32ac391fd15e31ac571ee1ff67
"(3,1,0,0)","(3,1,0,0):iso-00001",86e3fab6d292d7f82c535a9e9f9226ba0f4c87abc5c836bfd39614902618518b,260,ed9f66ca54e43236222701d05cd0ddab64b441374c4a02e0ef2d570a55640c86
"(3,1,0,0)","(3,1,0,0):iso-00001",86e3fab6d292d7f82c535a9e9f9226ba0f4c87abc5c836bfd39614902618518b,260,52334bb9536cc4b1fbf53f9bf9c10082f9a5a70888babcb801da1c7dce832cc4
"(3,1,0,0)","(3,1,0,0):iso-00001",86e3fab6d292d7f82c535a9e9f9226ba0f4c87abc5c836bfd39614902618518b,260,171d23a60a1f22899ebda02cc69359d87882c4aa2ade1958e94483638b19110c
"(3,1,0,0)","(3,1,0,0):iso-00001",86e3fab6d292d7f82c535a9e9f9226ba0f4c87abc5c836bfd39614902618518b,260,cba2b7b3482bd7c476b4c9698f380c76c70bb416b99b394a0a975067ef695d7f
"(3,1,0,0)","(3,1,0,0):iso-00001",86e3fab6d292d7f82c535a9e9f9226ba0f4c87abc5c836bfd39614902618518b,260,c830188ab25ee67d2175d8e1fcee4f8b1f5443a8f55914bf4c96f86688e43fbf
"(3,1,0,0)","(3,1,0,0):iso-00001",86e3fab6d292d7f82c535a9e9f9226ba0f4c87abc5c836bfd39614902618518b,260,78673321cea9e22836d8476e0b9d26d1b5629cc0ec54b912d950610c312c79d9
"(3,1,0,0)","(3,1,0,0):iso-00001",86e3fab6d292d7f82c535a9e9f9226ba0f4c87abc5c836bfd39614902618518b,260,fb24c397002c5470e03849e43eaab969682caa1588c5f2a2a925276fda015219
"(3,1,0,0)","(3,1,0,0):iso-00001",86e3fab6d292d7f82c535a9e9f9226ba0f4c87abc5c836bfd39614902618518b,260,4ae0be14e885188f88b39d79c7967fa31e02bf608a5887d0b1a991fb7fb5976d
"(3,1,0,0)","(3,1,0,0):iso-00001",86e3fab6d292d7f82c535a9e9f9226ba0f4c87abc5c836bfd39614902618518b,260,bbf2311719792a0dbb969ec3cbeb3bab1fcc527d670287fb85f40f87e08f43d9
"(3,1,0,0)","(3,1,0,0):iso-00001",86e3fab6d292d7f82c535a9e9f9226ba0f4c87abc5c836bfd39614902618518b,260,1fcdeefa483810fe2ba6bc2eb21e3b9c18ec175c91e284870babf673d2f83f14
"(3,1,0,0)","(3,1,0,0):iso-00001",86e3fab6d292d7f82c535a9e9f9226ba0f4c87abc5c836bfd39614902618518b,260,7805b5a853fd875c41968c9c7ada7805265c1fb78b6049e8506a4f29d826fe6d
"(3,1,0,0)","(3,1,0,0):iso-00001",86e3fab6d292d7f82c535a9e9f9226ba0f4c87abc5c836bfd39614902618518b,260,94df18190c05b6f57325af41589d3d7e9f032ffa1a82928da24d38ee06c5af48
"(3,1,0,0)","(3,1,0,0):iso-00001",86e3fab6d292d7f82c535a9e9f9226ba0f4c87abc5c836bfd39614902618518b,260,05835dfdbaa0ca794839ce7c1df5524efe7be2a641ec687bad9ec95ae02f55f2
"(3,1,0,0)","(3,1,0,0):iso-00001",86e3fab6d292d7f82c535a9e9f9226ba0f4c87abc5c836bfd39614902618518b,260,de0716537ddec9f666dbcb17cf9720d7b29a7b2efb1f79d94dd1911f9acce12e
"(3,1,0,0)","(3,1,0,0):iso-00001",86e3fab6d292d7f82c535a9e9f9226ba0f4c87abc5c836bfd39614902618518b,260,fc24b055b8c6ca9793ef9a6fa61485f4db2205772623cf24b3c14365b9d928c5
"(3,1,0,0)","(3,1,0,0):iso-00001",86e3fab6d292d7f82c535a9e9f9226ba0f4c87abc5c836bfd39614902618518b,260,95eb9357134d5625aab3446dbf88fb0c3fe6d507b4de4694334d06906c19c374
"(3,1,0,0)","(3,1,0,0):iso-00001",86e3fab6d292d7f82c535a9e9f9226ba0f4c87abc5c836bfd39614902618518b,260,3373fbf73d75a997c02e525b4310e9b96ad6412056d6bca6ce7f124c6791b8ed
"(3,1,0,0)","(3,1,0,0):iso-00001",86e3fab6d292d7f82c535a9e9f9226ba0f4c87abc5c836bfd39614902618518b,260,614012372f785ea0bd7d445e27826aef159ccdebe71ba44e0acb38ad1a6c1afe
"(3,1,0,0)","(3,1,0,0):iso-00001",86e3fab6d292d7f82c535a9e9f9226ba0f4c87abc5c836bfd39614902618518b,260,aa546fee5af795f168d159a65f2c6ba4976a8b49cb86788f4af0ff71571009ab
"(3,1,0,0)","(3,1,0,0):iso-00001",86e3fab6d292d7f82c535a9e9f9226ba0f4c87abc5c836bfd39614902618518b,260,1129e871b30634c4e5bf36336377a54950f69f47f821496b26b0000f5ab55103
"(3,1,0,0)","(3,1,0,0):iso-00001",86e3fab6d292d7f82c535a9e9f9226ba0f4c87abc5c836bfd39614902618518b,260,b216810817d72dbda79eb65facff57e9e65e98d2aaf779727de2ebee7ba9b97c
"(3,1,0,0)","(3,1,0,0):iso-00001",86e3fab6d292d7f82c535a9e9f9226ba0f4c87abc5c836bfd39614902618518b,260,e49ed39a6b321b1fcc06f2ae1f78aa39c8ded3f0b99ffbadcfd080425ee7acda
"(3,1,0,0)","(3,1,0,0):iso-00001",86e3fab6d292d7f82c535a9e9f9226ba0f4c87abc5c836bfd39614902618518b,260,ddecfc6625b941e70095ead040fbcc6a894078b6b0aecd1b73b7572c569711db
"(3,1,0,0)","(3,1,0,0):iso-00001",86e3fab6d292d7f82c535a9e9f9226ba0f4c87abc5c836bfd39614902618518b,260,0ddd815b6ff6183ff57b12364bf1fa2eec9141b504225c812bf3254f74f09832
"(3,1,0,0)","(3,1,0,0):iso-00002",2703c67b238658c6df9696f15af9fc472e09474ca3b8f6bead025c6266029f3f,139,2703c67b238658c6df9696f15af9fc472e09474ca3b8f6bead025c6266029f3f
"(3,1,0,0)","(3,1,0,0):iso-00002",2703c67b238658c6df9696f15af9fc472e09474ca3b8f6bead025c6266029f3f,139,74e1f7c14693ab3071ff8c1e037f05d8f832a56907fd11a1d83668e7d168e0f0
"(3,1,0,0)","(3,1,0,0):iso-00002",2703c67b238658c6df9696f15af9fc472e09474ca3b8f6bead025c6266029f3f,139,d5139af6b6d0205e7fdf24cf428723690a6f93c83ef39bd46f9c6e69ed0d518d
"(3,1,0,0)","(3,1,0,0):iso-00002",2703c67b238658c6df9696f15af9fc472e09474ca3b8f6bead025c6266029f3f,139,3cb516f29713fa8414759fc8a504ff4de3954bae17cf4c8b96b100186ad42808
"(3,1,0,0)","(3,1,0,0):iso-00002",2703c67b238658c6df9696f15af9fc472e09474ca3b8f6bead025c6266029f3f,139,6816dccd793a1f2bde240da847a91fc2509254729c9350ac2979a75823b862f6
"(3,1,0,0)","(3,1,0,0):iso-00002",2703c67b238658c6df9696f15af9fc472e09474ca3b8f6bead025c6266029f3f,139,5ea467d4f66f7a2c014e17b447f6a53f7e71a3992635ad0a4583628d9915338b
"(3,1,0,0)","(3,1,0,0):iso-00002",2703c67b238658c6df9696f15af9fc472e09474ca3b8f6bead025c6266029f3f,139,7114b7cb4f06a14c0baddb281563746601ae64b698c5dd8248288ad499e71f7a
"(3,1,0,0)","(3,1,0,0):iso-00002",2703c67b238658c6df9696f15af9fc472e09474ca3b8f6bead025c6266029f3f,139,32c01990a9161c1c1534542811ecb16081e494fb6424031129bf072d5e68e55d
"(3,1,0,0)","(3,1,0,0):iso-00002",2703c67b238658c6df9696f15af9fc472e09474ca3b8f6bead025c6266029f3f,139,c05858a428d54eed53c246cfa41537277fbf3a3c22d58c2bf7dd018fa9a9fee0
"(3,1,0,0)","(3,1,0,0):iso-00002",2703c67b238658c6df9696f15af9fc472e09474ca3b8f6bead025c6266029f3f,139,c167e6098791c9646cf8810b449eabee500beddda414fec929901c93c0855e7e
"(3,1,0,0)","(3,1,0,0):iso-00002",2703c67b238658c6df9696f15af9fc472e09474ca3b8f6bead025c6266029f3f,139,b30dc8480b58d329d9ce48c7dffdf74d523ee438e1c1b1ef9efecca3c0205577
"(3,1,0,0)","(3,1,0,0):iso-00002",2703c67b238658c6df9696f15af9fc472e09474ca3b8f6bead025c6266029f3f,139,3bd0c17dec8300b7e317ba2bd4676d433babfcd0c0b9e7b29588b9a0a8fed4ca
"(3,1,0,0)","(3,1,0,0):iso-00002",2703c67b238658c6df9696f15af9fc472e09474ca3b8f6bead025c6266029f3f,139,ac0e2d4233652d6d771e2d57082620af3bcca4ef3d463d9aa86d21d770f8b6c3
"(3,1,0,0)","(3,1,0,0):iso-00002",2703c67b238658c6df9696f15af9fc472e09474ca3b8f6bead025c6266029f3f,139,e02a0bd8fe2d5d164e1587764b755db3b24adecb9ca783227ae174a1cc40f2b6
"(3,1,0,0)","(3,1,0,0):iso-00002",2703c67b238658c6df9696f15af9fc472e09474ca3b8f6bead025c6266029f3f,139,d3a47a466c0215d693001f8b7a20838fbe2813a5f8265dd9fd9b14603fa17747
"(3,1,0,0)","(3,1,0,0):iso-00002",2703c67b238658c6df9696f15af9fc472e09474ca3b8f6bead025c6266029f3f,139,db133ebfa0ce55d1cdd2b195539e7a8014e8564024bab72cda09ee9a73befa6d
"(3,1,0,0)","(3,1,0,0):iso-00002",2703c67b238658c6df9696f15af9fc472e09474ca3b8f6bead025c6266029f3f,139,5ec2bffdd9abd761a77c45a9dc1c9998734fe56e2e9da8a92769e8330a198dc5
"(3,1,0,0)","(3,1,0,0):iso-00002",2703c67b238658c6df9696f15af9fc472e09474ca3b8f6bead025c6266029f3f,139,78eb3e455f1921712db203e3a88edbff4d572eb74985f47adef1db8fe7bc91fb
"(3,1,0,0)","(3,1,0,0):iso-00002",2703c67b238658c6df9696f15af9fc472e09474ca3b8f6bead025c6266029f3f,139,cbf3c55afad8cd4d2c67c798999caf1b53d14ae926df69d96e347ad6bf4de3ce
"(3,1,0,0)","(3,1,0,0):iso-00002",2703c67b238658c6df9696f15af9fc472e09474ca3b8f6bead025c6266029f3f,139,cd346cf705bfcd01fc867b37598291ea75ff1ed9dec55501febd52e414af6b7f
"(3,1,0,0)","(3,1,0,0):iso-00002",2703c67b238658c6df9696f15af9fc472e09474ca3b8f6bead025c6266029f3f,139,ab33c9a2e17086052c690ac2fc177175f7d65f2c2b06126287183415b894f7a0
"(3,1,0,0)","(3,1,0,0):iso-00002",2703c67b238658c6df9696f15af9fc472e09474ca3b8f6bead025c6266029f3f,139,8964d644659389cf7af7560da18286db5228328fcaac0d77ffd01541e3b147ce
"(3,1,0,0)","(3,1,0,0):iso-00002",2703c67b238658c6df9696f15af9fc472e09474ca3b8f6bead025c6266029f3f,139,4550cfeb91bed493106af4fd11b2a5de4945bfb7b43935123c315997aca9fa4a
"(3,1,0,0)","(3,1,0,0):iso-00002",2703c67b238658c6df9696f15af9fc472e09474ca3b8f6bead025c6266029f3f,139,ee88c8fa1b9f449ec813e74b4a0e68f2d8a0de02daac17c3ba4d9a75e2188a97
"(3,1,0,0)","(3,1,0,0):iso-00002",2703c67b238658c6df9696f15af9fc472e09474ca3b8f6bead025c6266029f3f,139,06cfd2d58794207eec7dde3414edb66eaa8c952e71b41a499d3a609d23c266e7
"(3,1,0,0)","(3,1,0,0):iso-00002",2703c67b238658c6df9696f15af9fc472e09474ca3b8f6bead025c6266029f3f,139,2dcb8fd84fe27fdbe225d63852c46b6d8f204663af66b6a1e3b71348d174a0b8
"(3,1,0,0)","(3,1,0,0):iso-00002",2703c67b238658c6df9696f15af9fc472e09474ca3b8f6bead025c6266029f3f,139,dde43bd5e9810f33197319dfd1a7a8c3ad54a6b3169a07dba9ea48f380b67e0a
"(3,1,0,0)","(3,1,0,0):iso-00002",2703c67b238658c6df9696f15af9fc472e09474ca3b8f6bead025c6266029f3f,139,262f148bde31fc8647e25040e7538affdfcfd9de57854cf25310cd0a224b5a01
"(3,1,0,0)","(3,1,0,0):iso-00002",2703c67b238658c6df9696f15af9fc472e09474ca3b8f6bead025c6266029f3f,139,572994fbfee75f66940e91d1025c16fd0fc4ee77650c8b8dc26b3b5b0ec3f228
"(3,1,0,0)","(3,1,0,0):iso-00002",2703c67b238658c6df9696f15af9fc472e09474ca3b8f6bead025c6266029f3f,139,ef130574712a9b1c8bfd850ebb3c1a83af5ffd75ad1b0a8a8aa8bac781db0d2c
"(3,1,0,0)","(3,1,0,0):iso-00002",2703c67b238658c6df9696f15af9fc472e09474ca3b8f6bead025c6266029f3f,139,4b3f3b2f39b45dfba17e87f73d9f0d1fb16fed3586d4a4106beb9901f4dc5f84
"(3,1,0,0)","(3,1,0,0):iso-00002",2703c67b238658c6df9696f15af9fc472e09474ca3b8f6bead025c6266029f3f,139,8ceef02e2fa349429a7a0208dbac64f8a27dd2c9bd54a6c8d27168e08d7ebfe1
"(3,1,0,0)","(3,1,0,0):iso-00002",2703c67b238658c6df9696f15af9fc472e09474ca3b8f6bead025c6266029f3f,139,459892cac86d4097aa8a9072a69dd882cd72b84d1f7cec0cfefc584f456efb3d
"(3,1,0,0)","(3,1,0,0):iso-00002",2703c67b238658c6df9696f15af9fc472e09474ca3b8f6bead025c6266029f3f,139,e7a71c45b3e88af0cea995524e035453dc5fbc2ce364da83c9c70e718a6567bd
"(3,1,0,0)","(3,1,0,0):iso-00002",2703c67b238658c6df9696f15af9fc472e09474ca3b8f6bead025c6266029f3f,139,0bf1228b06d77817ce7047091471c8ad46d2354a8fc9f41abb83abf242dd71ac
"(3,1,0,0)","(3,1,0,0):iso-00002",2703c67b238658c6df9696f15af9fc472e09474ca3b8f6bead025c6266029f3f,139,ff38351c3e2b24b499a74e00030d8cc911889ec7f30291f4ba9c5f03402cb7a4
"(3,1,0,0)","(3,1,0,0):iso-00002",2703c67b238658c6df9696f15af9fc472e09474ca3b8f6bead025c6266029f3f,139,4d82ba4e1af6f29de2172dbfd47a860196ef72b9b38a43364d1a64b92fe1e734
"(3,1,0,0)","(3,1,0,0):iso-00002",2703c67b238658c6df9696f15af9fc472e09474ca3b8f6bead025c6266029f3f,139,279b3091232401b31e767a3d88ce58783b1c4cd3ebabe5f1d8f44fcf23b4277e
"(3,1,0,0)","(3,1,0,0):iso-00002",2703c67b238658c6df9696f15af9fc472e09474ca3b8f6bead025c6266029f3f,139,a2b1783645d2556a8d9f8681932e1c3e1cf21f4c37b9c23df4e460bc99549127
"(3,1,0,0)","(3,1,0,0):iso-00002",2703c67b238658c6df9696f15af9fc472e09474ca3b8f6bead025c6266029f3f,139,0982c0eefe67009661364fe5497be1d07361bd443ef0c385096d5b041a8579be
"(3,1,0,0)","(3,1,0,0):iso-00002",2703c67b238658c6df9696f15af9fc472e09474ca3b8f6bead025c6266029f3f,139,f7b01773b6be8ebcba4bde4096629224505ed2ad0a4d24e05e29085ea67c3695
"(3,1,0,0)","(3,1,0,0):iso-00002",2703c67b238658c6df9696f15af9fc472e09474ca3b8f6bead025c6266029f3f,139,13c45755c34439cc72ab9294c9d0dec028f180ed90748f87704998c810b3819a
"(3,1,0,0)","(3,1,0,0):iso-00002",2703c67b238658c6df9696f15af9fc472e09474ca3b8f6bead025c6266029f3f,139,983017b916bd1746f658a0ff01113d3fc10cbd11065c841d0731c218128339e2
"(3,1,0,0)","(3,1,0,0):iso-00002",2703c67b238658c6df9696f15af9fc472e09474ca3b8f6bead025c6266029f3f,139,cda697bcf469330fe8a525f67dd7b66ab31410e1431890cc1988716f18b42bf5
"(3,1,0,0)","(3,1,0,0):iso-00002",2703c67b238658c6df9696f15af9fc472e09474ca3b8f6bead025c6266029f3f,139,4ee95407ef46576061f916083d2f90a42e2425eac3cd5e4255fa81cfd735d0a2
"(3,1,0,0)","(3,1,0,0):iso-00002",2703c67b238658c6df9696f15af9fc472e09474ca3b8f6bead025c6266029f3f,139,676dcbe784ce8bd595df9bbb4f51bf8d29c1dfbea72e1ebf576c40a63b39af53
"(3,1,0,0)","(3,1,0,0):iso-00002",2703c67b238658c6df9696f15af9fc472e09474ca3b8f6bead025c6266029f3f,139,7375b47c4ecd50c1bc4b1a19a0529d666667ed56c0c519f17789110dee5ab21c
"(3,1,0,0)","(3,1,0,0):iso-00002",2703c67b238658c6df9696f15af9fc472e09474ca3b8f6bead025c6266029f3f,139,a48b0bf945390fa1b4b99b4ca563da663fbc11668dd198ef31bb1a9f183ea4c3
"(3,1,0,0)","(3,1,0,0):iso-00002",2703c67b238658c6df9696f15af9fc472e09474ca3b8f6bead025c6266029f3f,139,4109b524eae3839af13a8bd9066ef6a4075c15151198139a804976b69fa2402a
"(3,1,0,0)","(3,1,0,0):iso-00002",2703c67b238658c6df9696f15af9fc472e09474ca3b8f6bead025c6266029f3f,139,13ba1e29a1be93fbc52acb2523d81bfa2c5a00e3ac6c556cdf972e2ae288ce68
"(3,1,0,0)","(3,1,0,0):iso-00002",2703c67b238658c6df9696f15af9fc472e09474ca3b8f6bead025c6266029f3f,139,4688fb33e63fc2f1d97dc1a571895371a5f47f0f9c841bbade1d3a24e13369e6
"(3,1,0,0)","(3,1,0,0):iso-00002",2703c67b238658c6df9696f15af9fc472e09474ca3b8f6bead025c6266029f3f,139,e0ec5c6c92221ebada780d8710c559f0d06e6a54aad4f94f20b04cc025595fb7
"(3,1,0,0)","(3,1,0,0):iso-00002",2703c67b238658c6df9696f15af9fc472e09474ca3b8f6bead025c6266029f3f,139,312d89bbeb333068cc7891103c154373cc2b593879464a736ad58ca470b1b11d
"(3,1,0,0)","(3,1,0,0):iso-00002",2703c67b238658c6df9696f15af9fc472e09474ca3b8f6bead025c6266029f3f,139,d55da62087cdba2e872681ee0a8b2bc83fd7a160fd671f1540c8e5a6b671fddc
"(3,1,0,0)","(3,1,0,0):iso-00002",2703c67b238658c6df9696f15af9fc472e09474ca3b8f6bead025c6266029f3f,139,7b89c1c5fe9ddc78911809fc971e6243726c8d4ab0166adbd6fa17583c399c20
"(3,1,0,0)","(3,1,0,0):iso-00002",2703c67b238658c6df9696f15af9fc472e09474ca3b8f6bead025c6266029f3f,139,46299721fbe03ade2040f976ad51e687e3db7fc16c635c46f079dd367f512fee
"(3,1,0,0)","(3,1,0,0):iso-00002",2703c67b238658c6df9696f15af9fc472e09474ca3b8f6bead025c6266029f3f,139,9c47061a6e496cd25959e052c9bcde2c7d4705215ffe971f38d8606b00a01934
"(3,1,0,0)","(3,1,0,0):iso-00002",2703c67b238658c6df9696f15af9fc472e09474ca3b8f6bead025c6266029f3f,139,57b26041d15a938f3b3b44f4ded4ecb82028662a94459c419da893af298ac394
"(3,1,0,0)","(3,1,0,0):iso-00002",2703c67b238658c6df9696f15af9fc472e09474ca3b8f6bead025c6266029f3f,139,730de98f24d8084a9d9ff83252a8fb5d617527f850b9dc6f740cda53b1468039
"(3,1,0,0)","(3,1,0,0):iso-00002",2703c67b238658c6df9696f15af9fc472e09474ca3b8f6bead025c6266029f3f,139,df64cf7fdf40b6b23d19798259831ed52ad1c28f5ebf179077e41c23768650dd
"(3,1,0,0)","(3,1,0,0):iso-00002",2703c67b238658c6df9696f15af9fc472e09474ca3b8f6bead025c6266029f3f,139,6f9fb97429d59369db19695d95ce90afc947a1374a2524fb9e6cbd6bf16318b6
"(3,1,0,0)","(3,1,0,0):iso-00002",2703c67b238658c6df9696f15af9fc472e09474ca3b8f6bead025c6266029f3f,139,aab0d5d8f2487ab71b68a1bfa133b78da7a25799a4d4baa484b955202f822ab7
"(3,1,0,0)","(3,1,0,0):iso-00002",2703c67b238658c6df9696f15af9fc472e09474ca3b8f6bead025c6266029f3f,139,c06a0f4338d9851f241f867af7650650610af20b6fa805f88f811570782d59e0
"(3,1,0,0)","(3,1,0,0):iso-00002",2703c67b238658c6df9696f15af9fc472e09474ca3b8f6bead025c6266029f3f,139,90081d603c3ea0b93657adcf3eca3bf132db4699cf3ff01d9c380185eeb42b94
"(3,1,0,0)","(3,1,0,0):iso-00002",2703c67b238658c6df9696f15af9fc472e09474ca3b8f6bead025c6266029f3f,139,33e961673035fca38b46d506ad0a204c694424dfb17d2fa7e3c811fb2d58daf8
"(3,1,0,0)","(3,1,0,0):iso-00002",2703c67b238658c6df9696f15af9fc472e09474ca3b8f6bead025c6266029f3f,139,ae8466c08d7a9e41d40a7c015188e4a505db2a53c8c607ff3339198908377c32
"(3,1,0,0)","(3,1,0,0):iso-00002",2703c67b238658c6df9696f15af9fc472e09474ca3b8f6bead025c6266029f3f,139,16c3df0509fb6de1d694cf88a2222e57051274b87c85f5096214a62f04b8d24b
"(3,1,0,0)","(3,1,0,0):iso-00002",2703c67b238658c6df9696f15af9fc472e09474ca3b8f6bead025c6266029f3f,139,a06c8d9d4ee66f588a6d8cfb4a429f2d35c4ea89c53a2967810d332c7001b6eb
"(3,1,0,0)","(3,1,0,0):iso-00002",2703c67b238658c6df9696f15af9fc472e09474ca3b8f6bead025c6266029f3f,139,94381bce7f20874bec9481d48399abb3d88fb1f8b0d3df424f4e9521c29198ae
"(3,1,0,0)","(3,1,0,0):iso-00002",2703c67b238658c6df9696f15af9fc472e09474ca3b8f6bead025c6266029f3f,139,f6a5d71be31322de178be8b775e441e6397772a350069347ea85c843bd8d4409
"(3,1,0,0)","(3,1,0,0):iso-00002",2703c67b238658c6df9696f15af9fc472e09474ca3b8f6bead025c6266029f3f,139,631d36bbc37bc479592b07eb621882e855ef36c7fdd5db076a8f0af550c435d6
"(3,1,0,0)","(3,1,0,0):iso-00002",2703c67b238658c6df9696f15af9fc472e09474ca3b8f6bead025c6266029f3f,139,cc9a726a35c9f83d8379c29680543090e9108899f67141fe396527f55582a54a
"(3,1,0,0)","(3,1,0,0):iso-00002",2703c67b238658c6df9696f15af9fc472e09474ca3b8f6bead025c6266029f3f,139,6de9861185980a4b8251d0afdb102aa9fdccd13ac23bbb227c7932359640eea6
"(3,1,0,0)","(3,1,0,0):iso-00002",2703c67b238658c6df9696f15af9fc472e09474ca3b8f6bead025c6266029f3f,139,68b4a67647fb1407ecf747a90ee4ca02a671a0b3814c1371471220da7470c647
"(3,1,0,0)","(3,1,0,0):iso-00002",2703c67b238658c6df9696f15af9fc472e09474ca3b8f6bead025c6266029f3f,139,9bb6cc72716f3aa645625d2dd71298e9c78d966cb763a6c9c8864a4ce9039a6e
"(3,1,0,0)","(3,1,0,0):iso-00002",2703c67b238658c6df9696f15af9fc472e09474ca3b8f6bead025c6266029f3f,139,4bb338302e5f7865ae62f56a029d286398e805ff4c99517f137bc72e747254c0
"(3,1,0,0)","(3,1,0,0):iso-00002",2703c67b238658c6df9696f15af9fc472e09474ca3b8f6bead025c6266029f3f,139,8608c1a2e35f1638c487503854b1a9d8a38c898203664f19b72e36d53930f4ab
"(3,1,0,0)","(3,1,0,0):iso-00002",2703c67b238658c6df9696f15af9fc472e09474ca3b8f6bead025c6266029f3f,139,317c8d2d34cfe53c81819c485bfa855de9a7d0c6fa39eb6c65448108b0c31cd2
"(3,1,0,0)","(3,1,0,0):iso-00002",2703c67b238658c6df9696f15af9fc472e09474ca3b8f6bead025c6266029f3f,139,83abad3d38753821313b1308e83a8a331c9f179caf0e90a19151e1a5f7e429bb
"(3,1,0,0)","(3,1,0,0):iso-00002",2703c67b238658c6df9696f15af9fc472e09474ca3b8f6bead025c6266029f3f,139,fab1b587c1b28c7490c84a663642f2f2a72c99d5728e2e10c1aff6cf1eedba7e
"(3,1,0,0)","(3,1,0,0):iso-00002",2703c67b238658c6df9696f15af9fc472e09474ca3b8f6bead025c6266029f3f,139,e1e392f5c29ecb902500b63a0663a8200e3079cf588164ce6b599ac501c5fde2
"(3,1,0,0)","(3,1,0,0):iso-00002",2703c67b238658c6df9696f15af9fc472e09474ca3b8f6bead025c6266029f3f,139,ee57bf96b5d247b67e79cf6e69c603a1c95adb101c5409dcee70ee642f724645
"(3,1,0,0)","(3,1,0,0):iso-00002",2703c67b238658c6df9696f15af9fc472e09474ca3b8f6bead025c6266029f3f,139,b2111f3d75dd18675b7a8a0ebed96c8fc26ed124024374aea5c67c8df9fc3729
"(3,1,0,0)","(3,1,0,0):iso-00002",2703c67b238658c6df9696f15af9fc472e09474ca3b8f6bead025c6266029f3f,139,95c5156156685410857c1dc5fa22097dcc8742ed9dec06e3158edab1d17c8bb5
"(3,1,0,0)","(3,1,0,0):iso-00002",2703c67b238658c6df9696f15af9fc472e09474ca3b8f6bead025c6266029f3f,139,e9e35f6d18361da1de956b549cbc88f7d494647028b6fdf833532941ab89313c
"(3,1,0,0)","(3,1,0,0):iso-00002",2703c67b238658c6df9696f15af9fc472e09474ca3b8f6bead025c6266029f3f,139,3354f6992b8e6751aa34192a2f262ed5ae37afd9363596147b14ec700221e5cb
"(3,1,0,0)","(3,1,0,0):iso-00002",2703c67b238658c6df9696f15af9fc472e09474ca3b8f6bead025c6266029f3f,139,4f524fb4400c0a89757bcec35387f9d5da7bbd7a46ef2e07205222252a214cd1
"(3,1,0,0)","(3,1,0,0):iso-00002",2703c67b238658c6df9696f15af9fc472e09474ca3b8f6bead025c6266029f3f,139,6e7c0f83170c29c7454805cee0195e4b07f10c7453b3c28d73507b932b841322
"(3,1,0,0)","(3,1,0,0):iso-00002",2703c67b238658c6df9696f15af9fc472e09474ca3b8f6bead025c6266029f3f,139,8b7a4c0ed23672c6454daebebcda526480a890209dec709b7a57b25108604341
"(3,1,0,0)","(3,1,0,0):iso-00002",2703c67b238658c6df9696f15af9fc472e09474ca3b8f6bead025c6266029f3f,139,b699e88b2def647b20807be33fcaaf156ef2cf797c6bb9d89ecfdd90bd7c2487
"(3,1,0,0)","(3,1,0,0):iso-00002",2703c67b238658c6df9696f15af9fc472e09474ca3b8f6bead025c6266029f3f,139,ac6a80044692a175096cd4822536396ef6e71af9464d1621c6974e96a3c3ed18
"(3,1,0,0)","(3,1,0,0):iso-00002",2703c67b238658c6df9696f15af9fc472e09474ca3b8f6bead025c6266029f3f,139,ed2d2692321794f1a656447b6622991f93f305f09f8fa249d9aba411fb1c1d11
"(3,1,0,0)","(3,1,0,0):iso-00002",2703c67b238658c6df9696f15af9fc472e09474ca3b8f6bead025c6266029f3f,139,fc3ff75f9e61433d97ebf2709fc00d8e1d8755ca7d0136b91467affb391a9ce8
"(3,1,0,0)","(3,1,0,0):iso-00002",2703c67b238658c6df9696f15af9fc472e09474ca3b8f6bead025c6266029f3f,139,1b576fd2c101a816c76dfca7f58d464cb522b949f1c218c3473e4506c44056fd
"(3,1,0,0)","(3,1,0,0):iso-00002",2703c67b238658c6df9696f15af9fc472e09474ca3b8f6bead025c6266029f3f,139,16843f11afc84051ef2d8584b8dbd5f8840fe4cb654fd4206a3b52b0a3d2240b
"(3,1,0,0)","(3,1,0,0):iso-00002",2703c67b238658c6df9696f15af9fc472e09474ca3b8f6bead025c6266029f3f,139,a51664ba29b89e98454d558507e6c88a222278991294087de02055c0b8e910be
"(3,1,0,0)","(3,1,0,0):iso-00002",2703c67b238658c6df9696f15af9fc472e09474ca3b8f6bead025c6266029f3f,139,aab9171e297d4d09b628bf28ff2c6a6d6db937fc46195926d314380ae0dfc135
"(3,1,0,0)","(3,1,0,0):iso-00002",2703c67b238658c6df9696f15af9fc472e09474ca3b8f6bead025c6266029f3f,139,9de1c5f2766ae2dff912d2cebf922ebb4db5df2fd92697b22a2bc8c57594d4af
"(3,1,0,0)","(3,1,0,0):iso-00002",2703c67b238658c6df9696f15af9fc472e09474ca3b8f6bead025c6266029f3f,139,8d43d6c9bed6c13551bc89e0431dbf5c95df4500d3f1ca6753bbfac9d21a9512
"(3,1,0,0)","(3,1,0,0):iso-00002",2703c67b238658c6df9696f15af9fc472e09474ca3b8f6bead025c6266029f3f,139,90831f11aa8312b212884c4c7cd8eb8b66825ef21bad53d05250812437e1f2bc
"(3,1,0,0)","(3,1,0,0):iso-00002",2703c67b238658c6df9696f15af9fc472e09474ca3b8f6bead025c6266029f3f,139,f80e810569e98751406cdf39eb56aeff91509263a3f64ba6742288f41999177f
"(3,1,0,0)","(3,1,0,0):iso-00002",2703c67b238658c6df9696f15af9fc472e09474ca3b8f6bead025c6266029f3f,139,356e67961af4539c2f56a3fe11c1fc8aa890d27d0fce4309eab29afa0279f634
"(3,1,0,0)","(3,1,0,0):iso-00002",2703c67b238658c6df9696f15af9fc472e09474ca3b8f6bead025c6266029f3f,139,385536c8debcc3855a84c69dab846a6c7d85d36519a1e404f11982fcb23dcb98
"(3,1,0,0)","(3,1,0,0):iso-00002",2703c67b238658c6df9696f15af9fc472e09474ca3b8f6bead025c6266029f3f,139,fda7ce1693af8b14496368a2f845f44e67ea723c83e8b8d258e1f595029e76d9
"(3,1,0,0)","(3,1,0,0):iso-00002",2703c67b238658c6df9696f15af9fc472e09474ca3b8f6bead025c6266029f3f,139,0674925e71881d98cd5f14df79b1c87b6280f013026d4b28cf9609ac81ad1507
"(3,1,0,0)","(3,1,0,0):iso-00002",2703c67b238658c6df9696f15af9fc472e09474ca3b8f6bead025c6266029f3f,139,8f34b026e40fb29ec11a16cecc8f75190dcce60fa43aa8a823263f3562fb264e
"(3,1,0,0)","(3,1,0,0):iso-00002",2703c67b238658c6df9696f15af9fc472e09474ca3b8f6bead025c6266029f3f,139,42e5d6be1347c6c699b98b05eebdb83e64aa14d95fdf3343466827882c6dabd1
"(3,1,0,0)","(3,1,0,0):iso-00002",2703c67b238658c6df9696f15af9fc472e09474ca3b8f6bead025c6266029f3f,139,26b99b35b559e1bd0ed40d0df72cf40fab91dba6ee592c4fc0f65dbb665e52dc
"(3,1,0,0)","(3,1,0,0):iso-00002",2703c67b238658c6df9696f15af9fc472e09474ca3b8f6bead025c6266029f3f,139,80d08a33a0ffa125b8c77b078e0c4d964c2fd60e3f2783c560358fe3ee996003
"(3,1,0,0)","(3,1,0,0):iso-00002",2703c67b238658c6df9696f15af9fc472e09474ca3b8f6bead025c6266029f3f,139,2734241b36fa4f1dd63825723a40126f55f83ba05a5fa0b9e9e1805810bbd3ec
"(3,1,0,0)","(3,1,0,0):iso-00002",2703c67b238658c6df9696f15af9fc472e09474ca3b8f6bead025c6266029f3f,139,3f8f691e5ec9bcbec95c0bfad07ae20549cae6a75deebbe1f4abb96fbd85ffa7
"(3,1,0,0)","(3,1,0,0):iso-00002",2703c67b238658c6df9696f15af9fc472e09474ca3b8f6bead025c6266029f3f,139,06f6ed6746eed221a3fa8a6ec961a9daa3b7c1bfdfe119ef58302acf7bf12e99
"(3,1,0,0)","(3,1,0,0):iso-00002",2703c67b238658c6df9696f15af9fc472e09474ca3b8f6bead025c6266029f3f,139,5daffc0d1070ea0b44c5b1f30881c16e4f4e42d52ffd8b63226cd3c184fa2080
"(3,1,0,0)","(3,1,0,0):iso-00002",2703c67b238658c6df9696f15af9fc472e09474ca3b8f6bead025c6266029f3f,139,07b7f8cf37d69882cc9b863f17953ffec55446e8f53afe6835d4c99624d559e4
"(3,1,0,0)","(3,1,0,0):iso-00002",2703c67b238658c6df9696f15af9fc472e09474ca3b8f6bead025c6266029f3f,139,ddf82524b85b2098aa814151826c8f19faad9b49eb83ed2cffce05a55ab6e060
"(3,1,0,0)","(3,1,0,0):iso-00002",2703c67b238658c6df9696f15af9fc472e09474ca3b8f6bead025c6266029f3f,139,e17caf7c62f2101c9a6eba764c5a91ecc2cbd20be2e5d77606b03a23e25e87cc
"(3,1,0,0)","(3,1,0,0):iso-00002",2703c67b238658c6df9696f15af9fc472e09474ca3b8f6bead025c6266029f3f,139,df6ef41e91e7d9dae0aeffa7c8d41854545dedc79812d39efda7ae8bc0a3b4c0
"(3,1,0,0)","(3,1,0,0):iso-00002",2703c67b238658c6df9696f15af9fc472e09474ca3b8f6bead025c6266029f3f,139,f6cb3f5bf749bd9f1f26b8cfc4208d5de23dbce625042b48172242de5f9371bb
"(3,1,0,0)","(3,1,0,0):iso-00002",2703c67b238658c6df9696f15af9fc472e09474ca3b8f6bead025c6266029f3f,139,f71436a2564a69aee8828a9d1c781b318391505bbb67d0ba53e437286c9f796e
"(3,1,0,0)","(3,1,0,0):iso-00002",2703c67b238658c6df9696f15af9fc472e09474ca3b8f6bead025c6266029f3f,139,5180723f2985f0564c9f0a77c84d20b0b0ba8a134f2bd955969944e52c15efd8
"(3,1,0,0)","(3,1,0,0):iso-00002",2703c67b238658c6df9696f15af9fc472e09474ca3b8f6bead025c6266029f3f,139,030a94e1e72cb28af36c44842967a78bb4b99ad7408b437aa10925b3f36a2a8e
"(3,1,0,0)","(3,1,0,0):iso-00002",2703c67b238658c6df9696f15af9fc472e09474ca3b8f6bead025c6266029f3f,139,eb4fe327c617f721d5440cb09a35fc6e9dd79ccc068760d969da3ca1c1b79f15
"(3,1,0,0)","(3,1,0,0):iso-00002",2703c67b238658c6df9696f15af9fc472e09474ca3b8f6bead025c6266029f3f,139,b429df6adddbaa141390c2927884a0ec0d47d6425e30aab0d2e7d961813dcc70
"(3,1,0,0)","(3,1,0,0):iso-00002",2703c67b238658c6df9696f15af9fc472e09474ca3b8f6bead025c6266029f3f,139,166fd5e1f0d6db45cb35f28fc7da869672d023bb705ed03c13392a07c94b22a0
"(3,1,0,0)","(3,1,0,0):iso-00002",2703c67b238658c6df9696f15af9fc472e09474ca3b8f6bead025c6266029f3f,139,63f127aa290c4275a42650ad4346bda7dac14115ebb2741e99368a7ad7506489
"(3,1,0,0)","(3,1,0,0):iso-00002",2703c67b238658c6df9696f15af9fc472e09474ca3b8f6bead025c6266029f3f,139,aeafbc7a8623158748daf2ab218f1bf69268089e8091844f3625318cf8038156
"(3,1,0,0)","(3,1,0,0):iso-00002",2703c67b238658c6df9696f15af9fc472e09474ca3b8f6bead025c6266029f3f,139,b85cb1e0c2d2317f53a2d6c24016703e1d6c77b0ccb7d83a6f148bb804a900b2
"(3,1,0,0)","(3,1,0,0):iso-00002",2703c67b238658c6df9696f15af9fc472e09474ca3b8f6bead025c6266029f3f,139,3a79f0106588b91102befc3941cf767d15d30e6fe780ec23803e9e3d26d4b24b
"(3,1,0,0)","(3,1,0,0):iso-00002",2703c67b238658c6df9696f15af9fc472e09474ca3b8f6bead025c6266029f3f,139,0cf280c91621c23050dbe2a598841c758580d74d5c14736ad2946b38cf3eb1a2
"(3,1,0,0)","(3,1,0,0):iso-00002",2703c67b238658c6df9696f15af9fc472e09474ca3b8f6bead025c6266029f3f,139,b81dca9a6935de20c7b8ee3d8bd2db3512cf00880859b3f8b59b7099e7e2fec8
"(3,1,0,0)","(3,1,0,0):iso-00002",2703c67b238658c6df9696f15af9fc472e09474ca3b8f6bead025c6266029f3f,139,d612a3ab2f318166c7b6833a1d4a62e13c440a3166855fbf4ade4813846acb51
"(3,1,0,0)","(3,1,0,0):iso-00002",2703c67b238658c6df9696f15af9fc472e09474ca3b8f6bead025c6266029f3f,139,26ffdac86cbe8864624b7ad8c00a8867bd6374c2ad0e2b048b602a8b16a0f55b
"(3,1,0,0)","(3,1,0,0):iso-00002",2703c67b238658c6df9696f15af9fc472e09474ca3b8f6bead025c6266029f3f,139,d4b0e65b7eba8cdd9f33590c8d51ab6963d85af2cf874ed60d1c8622f60e9cc3
"(3,1,0,0)","(3,1,0,0):iso-00002",2703c67b238658c6df9696f15af9fc472e09474ca3b8f6bead025c6266029f3f,139,4fe07b809e787ced17c331b79fe02012fffc33957b4059c418b0a5b48684e304
"(3,1,0,0)","(3,1,0,0):iso-00002",2703c67b238658c6df9696f15af9fc472e09474ca3b8f6bead025c6266029f3f,139,4500d5293a959f84782601a529689013558ac93f323cec31d3e072d10d64397d
"(3,1,0,0)","(3,1,0,0):iso-00002",2703c67b238658c6df9696f15af9fc472e09474ca3b8f6bead025c6266029f3f,139,74279f4b1c39bc1ca1eb191da8dbb52352dba1cb16db9d66c053168a94e79ae1
"(3,1,0,0)","(3,1,0,0):iso-00002",2703c67b238658c6df9696f15af9fc472e09474ca3b8f6bead025c6266029f3f,139,2871763399d752a86c10ffc8800c6ec0d5fa0876737c2a34a6ab1636d3dfa829
"(3,1,0,0)","(3,1,0,0):iso-00002",2703c67b238658c6df9696f15af9fc472e09474ca3b8f6bead025c6266029f3f,139,4c89a553b17dcd2ab4eb29476af188a7130e37247d4780cbde4389dcf932d16c
"(3,1,0,0)","(3,1,0,0):iso-00002",2703c67b238658c6df9696f15af9fc472e09474ca3b8f6bead025c6266029f3f,139,e42e60d6cef94a6c4b97aff693d273430addf286e4e0f8ac40650cf960258660
"(3,1,0,0)","(3,1,0,0):iso-00003",8f64930e02595e61efd85247d4c0b2595920c76d7c17f50bf647a8bb48880187,273,8f64930e02595e61efd85247d4c0b2595920c76d7c17f50bf647a8bb48880187
"(3,1,0,0)","(3,1,0,0):iso-00003",8f64930e02595e61efd85247d4c0b2595920c76d7c17f50bf647a8bb48880187,273,5314951c59ee7208b4392111201a682a1599c3434397652a5b09d447168b3b58
"(3,1,0,0)","(3,1,0,0):iso-00003",8f64930e02595e61efd85247d4c0b2595920c76d7c17f50bf647a8bb48880187,273,cb9fd89f013493ccb9c5f20b9e62f9af6dea79130db80c65b683d89fec191946
"(3,1,0,0)","(3,1,0,0):iso-00003",8f64930e02595e61efd85247d4c0b2595920c76d7c17f50bf647a8bb48880187,273,afca03c90803cbc0c38961e9dffc850c77030a18b5e8decef488b4b449021463
"(3,1,0,0)","(3,1,0,0):iso-00003",8f64930e02595e61efd85247d4c0b2595920c76d7c17f50bf647a8bb48880187,273,9547dbc19770fe52cc5adfb47fcfa47c04b608d350b358422ca8482848ec5e82
"(3,1,0,0)","(3,1,0,0):iso-00003",8f64930e02595e61efd85247d4c0b2595920c76d7c17f50bf647a8bb48880187,273,b57efe163c03b85fd8ae380062f8b55f4e030721b051991c742027a039713539
"(3,1,0,0)","(3,1,0,0):iso-00003",8f64930e02595e61efd85247d4c0b2595920c76d7c17f50bf647a8bb48880187,273,726ba76167e8259e5e63a4905c2544a4c1429a5aa31664e4b5846c518950ebc9
"(3,1,0,0)","(3,1,0,0):iso-00003",8f64930e02595e61efd85247d4c0b2595920c76d7c17f50bf647a8bb48880187,273,96035e872d0189494d1729c57db8db6ffb1166395246d05235776b488720052f
"(3,1,0,0)","(3,1,0,0):iso-00003",8f64930e02595e61efd85247d4c0b2595920c76d7c17f50bf647a8bb48880187,273,ed616d3f56222699fafc9808a1cde9d0da58921f6fa03db5a7b7193305f1e95d
"(3,1,0,0)","(3,1,0,0):iso-00003",8f64930e02595e61efd85247d4c0b2595920c76d7c17f50bf647a8bb48880187,273,67dcf3ee6a3e4c61c7a29aef631e47882d76e01cd6fffb7001fc3de147e3c906
"(3,1,0,0)","(3,1,0,0):iso-00003",8f64930e02595e61efd85247d4c0b2595920c76d7c17f50bf647a8bb48880187,273,23e132e94f4754cc5cf568f2c909fb93427e4e89a524a3ae513ac9cd487d7ed9
"(3,1,0,0)","(3,1,0,0):iso-00003",8f64930e02595e61efd85247d4c0b2595920c76d7c17f50bf647a8bb48880187,273,620fcb3b6e48b00e6ca5797edb6b6654200240b23729c375883d9588fea11912
"(3,1,0,0)","(3,1,0,0):iso-00003",8f64930e02595e61efd85247d4c0b2595920c76d7c17f50bf647a8bb48880187,273,1e883db9b738e1f06ec310adfa8def7f8b5e713af2aa3c97d6b99b38845e5b5e
"(3,1,0,0)","(3,1,0,0):iso-00003",8f64930e02595e61efd85247d4c0b2595920c76d7c17f50bf647a8bb48880187,273,49eac8095f39c16a3b0ba28f87a94b4ed022c6733c961168d3a027f1ec995b0c
"(3,1,0,0)","(3,1,0,0):iso-00003",8f64930e02595e61efd85247d4c0b2595920c76d7c17f50bf647a8bb48880187,273,b826a072db7fcedf5ce3af93594c12eaf5e4c1c48296a02c056f171e4edbe739
"(3,1,0,0)","(3,1,0,0):iso-00003",8f64930e02595e61efd85247d4c0b2595920c76d7c17f50bf647a8bb48880187,273,b9b4d98837072dae865eeb5ffe1bf596741c6f444991c6da8cbdfbbc6dc65062
"(3,1,0,0)","(3,1,0,0):iso-00003",8f64930e02595e61efd85247d4c0b2595920c76d7c17f50bf647a8bb48880187,273,da659377a44efef5ccfc860f6605dea1d11d28f67e85dc2276c886d140425758
"(3,1,0,0)","(3,1,0,0):iso-00003",8f64930e02595e61efd85247d4c0b2595920c76d7c17f50bf647a8bb48880187,273,dc4fe401bb7dc5abf127d091db45ab3cf7309bc8ada3af9cfd7576ce61c807f9
"(3,1,0,0)","(3,1,0,0):iso-00003",8f64930e02595e61efd85247d4c0b2595920c76d7c17f50bf647a8bb48880187,273,d0db7bc5e4b0bd9b7893f8fc2efe4824fef1be7c7ebe17284b0fc98dacd5b39c
"(3,1,0,0)","(3,1,0,0):iso-00003",8f64930e02595e61efd85247d4c0b2595920c76d7c17f50bf647a8bb48880187,273,e51f00be4310665e1bdab587328bc2dfa5e0ca4bdbb2c4aae1145ac9f8104a76
"(3,1,0,0)","(3,1,0,0):iso-00003",8f64930e02595e61efd85247d4c0b2595920c76d7c17f50bf647a8bb48880187,273,89389fa74f1c09dcb04c1639c04062f21096e682cfccb7978c75808fd97eef99
"(3,1,0,0)","(3,1,0,0):iso-00003",8f64930e02595e61efd85247d4c0b2595920c76d7c17f50bf647a8bb48880187,273,41aced90663e086906e0a27103f848d3fab7cb30d3483c21e3788b1d3c77c4bf
"(3,1,0,0)","(3,1,0,0):iso-00003",8f64930e02595e61efd85247d4c0b2595920c76d7c17f50bf647a8bb48880187,273,f1b882042ea5abc68ab909d3c0deae7cf53282407f85627bebc104b81fdd06d5
"(3,1,0,0)","(3,1,0,0):iso-00003",8f64930e02595e61efd85247d4c0b2595920c76d7c17f50bf647a8bb48880187,273,030f8a624079a7677dea14fc8e7d2386c4b01e0fe31b6ec30b2d0c8cdaabe69d
"(3,1,0,0)","(3,1,0,0):iso-00003",8f64930e02595e61efd85247d4c0b2595920c76d7c17f50bf647a8bb48880187,273,a991b319982bb6849d339975d35b298d28b754d912b23fca3777f9d4fbef4331
"(3,1,0,0)","(3,1,0,0):iso-00003",8f64930e02595e61efd85247d4c0b2595920c76d7c17f50bf647a8bb48880187,273,6df16dcc886a2fc5eda0f8665edaa5aa6771020e1a5640819116386988828b65
"(3,1,0,0)","(3,1,0,0):iso-00003",8f64930e02595e61efd85247d4c0b2595920c76d7c17f50bf647a8bb48880187,273,4ff01d30823d1b6ba386bff81e8d67479d5a9bbec2ea6984d505017a342b9064
"(3,1,0,0)","(3,1,0,0):iso-00003",8f64930e02595e61efd85247d4c0b2595920c76d7c17f50bf647a8bb48880187,273,fffe2df73641358da3f1c61926d382f7801c7c5251f461a86ae4c499f6cb16d5
"(3,1,0,0)","(3,1,0,0):iso-00003",8f64930e02595e61efd85247d4c0b2595920c76d7c17f50bf647a8bb48880187,273,7fc9702e6d7ffe8728cab97fdd44e535abd8bd8f49cd870ae42fdf0e778fd80f
"(3,1,0,0)","(3,1,0,0):iso-00003",8f64930e02595e61efd85247d4c0b2595920c76d7c17f50bf647a8bb48880187,273,2257bf33792766ec27e8294fc848e80916ea3ee1731346fd63f76893cbd2c4ff
"(3,1,0,0)","(3,1,0,0):iso-00003",8f64930e02595e61efd85247d4c0b2595920c76d7c17f50bf647a8bb48880187,273,eba0e056e61b08b150680478264651dadfa89190c68d186656e3f38eb7258ac4
"(3,1,0,0)","(3,1,0,0):iso-00003",8f64930e02595e61efd85247d4c0b2595920c76d7c17f50bf647a8bb48880187,273,2b338c4a859486053a2c8b1b2e63c0341a1cb53e0473d063f822f321e3c8216c
"(3,1,0,0)","(3,1,0,0):iso-00003",8f64930e02595e61efd85247d4c0b2595920c76d7c17f50bf647a8bb48880187,273,96cca1c0efa5a3471c304bd62b467bbf3e7dea4d34c9796ee4025bb3d3fdb218
"(3,1,0,0)","(3,1,0,0):iso-00003",8f64930e02595e61efd85247d4c0b2595920c76d7c17f50bf647a8bb48880187,273,b6553c763614a35bae8739fcce3869a84a5a764c110ce44de02d9bd343257371
"(3,1,0,0)","(3,1,0,0):iso-00003",8f64930e02595e61efd85247d4c0b2595920c76d7c17f50bf647a8bb48880187,273,319881c721a4533fcd8e3c6d0de984ac35f1a30f64622e1124f28d1537cf736b
"(3,1,0,0)","(3,1,0,0):iso-00003",8f64930e02595e61efd85247d4c0b2595920c76d7c17f50bf647a8bb48880187,273,1162ab07371e802615afd4f390f65032c7e617056dd48db9ebda9a26f32c73f7
"(3,1,0,0)","(3,1,0,0):iso-00003",8f64930e02595e61efd85247d4c0b2595920c76d7c17f50bf647a8bb48880187,273,0036d48269392bd8f16becb3336af614129850dffef8deca94e7d7e50c319e7b
"(3,1,0,0)","(3,1,0,0):iso-00003",8f64930e02595e61efd85247d4c0b2595920c76d7c17f50bf647a8bb48880187,273,12aacea3fc09221c50db890fe04e3d078c6359dce32744dc3d014ab2ae3faa19
"(3,1,0,0)","(3,1,0,0):iso-00003",8f64930e02595e61efd85247d4c0b2595920c76d7c17f50bf647a8bb48880187,273,456e9089f9e88a4cc2d74578dae17cfb5b0d80f2a8faa07c86d6f50f4e4579a1
"(3,1,0,0)","(3,1,0,0):iso-00003",8f64930e02595e61efd85247d4c0b2595920c76d7c17f50bf647a8bb48880187,273,c9198a8a6c7638f93b4659a22fa7739dff704b708970aae3bf063028230a7d0d
"(3,1,0,0)","(3,1,0,0):iso-00003",8f64930e02595e61efd85247d4c0b2595920c76d7c17f50bf647a8bb48880187,273,936c1ce2c1c6d8177f3c7a107ecacbe37248290d2335b3b9ec8ffb7191d96db1
"(3,1,0,0)","(3,1,0,0):iso-00003",8f64930e02595e61efd85247d4c0b2595920c76d7c17f50bf647a8bb48880187,273,f60ac027a0ab6be18e7a2ec10f686ee550b863e7751b88a94499b292838b5e14
"(3,1,0,0)","(3,1,0,0):iso-00003",8f64930e02595e61efd85247d4c0b2595920c76d7c17f50bf647a8bb48880187,273,e494fa8a968ac3b5887bf6528eb133852dfd372d8b5fd44207cef310323ccd54
"(3,1,0,0)","(3,1,0,0):iso-00003",8f64930e02595e61efd85247d4c0b2595920c76d7c17f50bf647a8bb48880187,273,e00ab9233d391c5ef37fdeead53e32e464f1f455f5e565b2b6ee5628a7d0283e
"(3,1,0,0)","(3,1,0,0):iso-00003",8f64930e02595e61efd85247d4c0b2595920c76d7c17f50bf647a8bb48880187,273,8b13c46c3a19d3297d061f2426ba971112fa7bcbea224a164114e83bd0f68005
"(3,1,0,0)","(3,1,0,0):iso-00003",8f64930e02595e61efd85247d4c0b2595920c76d7c17f50bf647a8bb48880187,273,9c900b64e1689ec95dc1c3f504b005f2d24353a964068056f5d0dc20823b224b
"(3,1,0,0)","(3,1,0,0):iso-00003",8f64930e02595e61efd85247d4c0b2595920c76d7c17f50bf647a8bb48880187,273,e534f832f854837b5872a79f528418e1b94f29293ec310b52b74083d913af15f
"(3,1,0,0)","(3,1,0,0):iso-00003",8f64930e02595e61efd85247d4c0b2595920c76d7c17f50bf647a8bb48880187,273,a5dba211431038f81ac14d1c9782c4aef614d0f96a4f56527e47eee73e1718ac
"(3,1,0,0)","(3,1,0,0):iso-00003",8f64930e02595e61efd85247d4c0b2595920c76d7c17f50bf647a8bb48880187,273,5550c0c55e41364514bb9de3fd07ea1de8342d70e07d9f7ad0628c147c769e6e
"(3,1,0,0)","(3,1,0,0):iso-00003",8f64930e02595e61efd85247d4c0b2595920c76d7c17f50bf647a8bb48880187,273,15ba4c69637202010950417492a5665a1898f04027e5eafc1655f6694ac73ca6
"(3,1,0,0)","(3,1,0,0):iso-00003",8f64930e02595e61efd85247d4c0b2595920c76d7c17f50bf647a8bb48880187,273,77686f4c72d3d7c2a756e9a966b6555ff133bb9fb562b45e11f4b8cbfe90602f
"(3,1,0,0)","(3,1,0,0):iso-00003",8f64930e02595e61efd85247d4c0b2595920c76d7c17f50bf647a8bb48880187,273,e9e0d3369f2c22a1237bccb18c40ad5565a2a0b4112d1b1aefc66e3207fbdc43
"(3,1,0,0)","(3,1,0,0):iso-00003",8f64930e02595e61efd85247d4c0b2595920c76d7c17f50bf647a8bb48880187,273,cbc03ff8227ade06dff26b158126f6fc499c923be867526b8f73c1d0d9cea7d1
"(3,1,0,0)","(3,1,0,0):iso-00003",8f64930e02595e61efd85247d4c0b2595920c76d7c17f50bf647a8bb48880187,273,d1a6bcb86360749ffffb52fa5124f4cf64d23f2ef2f8562989f2076c928f8cd1
"(3,1,0,0)","(3,1,0,0):iso-00003",8f64930e02595e61efd85247d4c0b2595920c76d7c17f50bf647a8bb48880187,273,232ed7d8e8db4ab940d83a4264e0db1c456ae8b9e4e2e6b2946207ba40ff6077
"(3,1,0,0)","(3,1,0,0):iso-00003",8f64930e02595e61efd85247d4c0b2595920c76d7c17f50bf647a8bb48880187,273,fee18a99c69fda98dd436301bf4416ff776d6f94eecfc547629bd533a0432287
"(3,1,0,0)","(3,1,0,0):iso-00003",8f64930e02595e61efd85247d4c0b2595920c76d7c17f50bf647a8bb48880187,273,69543a4d54e8af5ec64a7b6deb9c84d3ae6a630d38ca8e137880ac6650668841
"(3,1,0,0)","(3,1,0,0):iso-00003",8f64930e02595e61efd85247d4c0b2595920c76d7c17f50bf647a8bb48880187,273,577a4d21e7ed6b6b2562ee24efd2c786906376ce0c58f57c189a789c6c966d1b
"(3,1,0,0)","(3,1,0,0):iso-00003",8f64930e02595e61efd85247d4c0b2595920c76d7c17f50bf647a8bb48880187,273,40dd1a557fac7a8656e24c71aae91acd070d030a52c43002b804f84d44db2f91
"(3,1,0,0)","(3,1,0,0):iso-00003",8f64930e02595e61efd85247d4c0b2595920c76d7c17f50bf647a8bb48880187,273,8eea24af086dcbd2475b7d419fa6262c2e2b18ec8bf006a881042c8781c5107d
"(3,1,0,0)","(3,1,0,0):iso-00003",8f64930e02595e61efd85247d4c0b2595920c76d7c17f50bf647a8bb48880187,273,c5726bd832239d883689684e1fe21440a09c74f51417353da1d4d06ace35baad
"(3,1,0,0)","(3,1,0,0):iso-00003",8f64930e02595e61efd85247d4c0b2595920c76d7c17f50bf647a8bb48880187,273,ef0c32678bbbdb3aa3b70d268444184f23dd4c2323db430178ee9f9e7f9d17c5
"(3,1,0,0)","(3,1,0,0):iso-00003",8f64930e02595e61efd85247d4c0b2595920c76d7c17f50bf647a8bb48880187,273,664ab2dee8ad59b0e33038a5ddeb3ec74d2bba352a219a300e7d098a0eca2087
"(3,1,0,0)","(3,1,0,0):iso-00003",8f64930e02595e61efd85247d4c0b2595920c76d7c17f50bf647a8bb48880187,273,19114557df62137ab94fe5383ef0a617e5669f98debdaacd3ff3a1f5b4db145f
"(3,1,0,0)","(3,1,0,0):iso-00003",8f64930e02595e61efd85247d4c0b2595920c76d7c17f50bf647a8bb48880187,273,2382328e2c4a6102e28fd2d8e1a90f23d8575e2b8f392ad523df7b0e6bfd4cc4
"(3,1,0,0)","(3,1,0,0):iso-00003",8f64930e02595e61efd85247d4c0b2595920c76d7c17f50bf647a8bb48880187,273,8c83b2fe7f6db972adfb7783a36d23cabe360516d9c16b558f53cc2ccc5ec87d
"(3,1,0,0)","(3,1,0,0):iso-00003",8f64930e02595e61efd85247d4c0b2595920c76d7c17f50bf647a8bb48880187,273,11249825fbbb4d263cb0564c8d6c8d8bf49dc7f50b1ca01cb458de8236953d35
"(3,1,0,0)","(3,1,0,0):iso-00003",8f64930e02595e61efd85247d4c0b2595920c76d7c17f50bf647a8bb48880187,273,6c9b059c2592d719d3812689d2fa4a0a8a22c7e935795e40853a03cfcfeb7c7f
"(3,1,0,0)","(3,1,0,0):iso-00003",8f64930e02595e61efd85247d4c0b2595920c76d7c17f50bf647a8bb48880187,273,96f4623b6cdf743a389265ba616522dce8839fac6a329fbdd55ccec34b3c161b
"(3,1,0,0)","(3,1,0,0):iso-00003",8f64930e02595e61efd85247d4c0b2595920c76d7c17f50bf647a8bb48880187,273,260ceec14e40a0b367a3441245e0639eb9a82f0aff7f482edafecb2af82af03e
"(3,1,0,0)","(3,1,0,0):iso-00003",8f64930e02595e61efd85247d4c0b2595920c76d7c17f50bf647a8bb48880187,273,ae0de3178ce34408cac1e07bb15ec74d03383788de3111aa979fe5ef83d3f5d0
"(3,1,0,0)","(3,1,0,0):iso-00003",8f64930e02595e61efd85247d4c0b2595920c76d7c17f50bf647a8bb48880187,273,3bf4581ae69810524651a08825e89a44b89d13ee68d03d89b7481251fe5001f5
"(3,1,0,0)","(3,1,0,0):iso-00003",8f64930e02595e61efd85247d4c0b2595920c76d7c17f50bf647a8bb48880187,273,ac06793145dcdf752d7bd98fda8e67a21c57548faacbb26a2d812893c647c96e
"(3,1,0,0)","(3,1,0,0):iso-00003",8f64930e02595e61efd85247d4c0b2595920c76d7c17f50bf647a8bb48880187,273,63c2e63d8f9eb5e31c1d54c433023574f98a7cdc0555adfbf3dddf4db5f4f495
"(3,1,0,0)","(3,1,0,0):iso-00003",8f64930e02595e61efd85247d4c0b2595920c76d7c17f50bf647a8bb48880187,273,e803ecf8951e9a646384760969cc99328bda58040c5ebc22eac07f5abb6cab64
"(3,1,0,0)","(3,1,0,0):iso-00003",8f64930e02595e61efd85247d4c0b2595920c76d7c17f50bf647a8bb48880187,273,7dab6e3f380abfe8568acbffab03611be900f86de6b9f55fec15f80840faffbd
"(3,1,0,0)","(3,1,0,0):iso-00003",8f64930e02595e61efd85247d4c0b2595920c76d7c17f50bf647a8bb48880187,273,e92b01ad4841d356e1f04b4299e678aa5972ae7e1d8c00053a0997c8f5cdc596
"(3,1,0,0)","(3,1,0,0):iso-00003",8f64930e02595e61efd85247d4c0b2595920c76d7c17f50bf647a8bb48880187,273,76b8b44eda84bfbb7cf51465ded0cfb9f7805e0b2dcebd99d595f8b48b44aacc
"(3,1,0,0)","(3,1,0,0):iso-00003",8f64930e02595e61efd85247d4c0b2595920c76d7c17f50bf647a8bb48880187,273,8b140f035285b8059142bcfa1ad6c7e96260621cc3a3c0d1ce8e964973b6d983
"(3,1,0,0)","(3,1,0,0):iso-00003",8f64930e02595e61efd85247d4c0b2595920c76d7c17f50bf647a8bb48880187,273,9ed42dbe4cfff45e88aaf37bb8c6a60556c5ab78d043de2e9969067fa0f88031
"(3,1,0,0)","(3,1,0,0):iso-00003",8f64930e02595e61efd85247d4c0b2595920c76d7c17f50bf647a8bb48880187,273,148fb510695db475532c2b9a8c0c0726686a8e67e1e5214496b8a63cefbbfff2
"(3,1,0,0)","(3,1,0,0):iso-00003",8f64930e02595e61efd85247d4c0b2595920c76d7c17f50bf647a8bb48880187,273,43dac653b31493d804247d913068265832cd9678f470349a799cea07e588f251
"(3,1,0,0)","(3,1,0,0):iso-00003",8f64930e02595e61efd85247d4c0b2595920c76d7c17f50bf647a8bb48880187,273,671099e31c714e5cb216fbd5487734ae4c31cc2f7650873e64f9d0131033a66e
"(3,1,0,0)","(3,1,0,0):iso-00003",8f64930e02595e61efd85247d4c0b2595920c76d7c17f50bf647a8bb48880187,273,5cc3b03ce312f127311ac8f321fdd06fc3aa0e478becdb409417b091e88b99dd
"(3,1,0,0)","(3,1,0,0):iso-00003",8f64930e02595e61efd85247d4c0b2595920c76d7c17f50bf647a8bb48880187,273,3ee8df620c38d82d1e349f8d52a2e4b19da7fc00625f09cea91fd4cc5800d736
"(3,1,0,0)","(3,1,0,0):iso-00003",8f64930e02595e61efd85247d4c0b2595920c76d7c17f50bf647a8bb48880187,273,1cb91acfc4e3ca472f33c739b8da3126222d82cdaf0db4867ce51c1184211843
"(3,1,0,0)","(3,1,0,0):iso-00003",8f64930e02595e61efd85247d4c0b2595920c76d7c17f50bf647a8bb48880187,273,ec42fc65759b29b4ed4c6df3635f3cf96a90b725acd4d87b8863e690eff476de
"(3,1,0,0)","(3,1,0,0):iso-00003",8f64930e02595e61efd85247d4c0b2595920c76d7c17f50bf647a8bb48880187,273,a2d0ecd9bf39b3b6da4697dc748d91e79a0ab099d38ee200fbeb5198fe1ef374
"(3,1,0,0)","(3,1,0,0):iso-00003",8f64930e02595e61efd85247d4c0b2595920c76d7c17f50bf647a8bb48880187,273,f5e0cd1bed26f1131ec6566b1ede084fca818d087c7a8e75241e8a2ae1cb7e0d
"(3,1,0,0)","(3,1,0,0):iso-00003",8f64930e02595e61efd85247d4c0b2595920c76d7c17f50bf647a8bb48880187,273,1d259ebbb2c620a1b08e174142f2fbd9b2c03c93d8c74c8404a3d78096c29e35
"(3,1,0,0)","(3,1,0,0):iso-00003",8f64930e02595e61efd85247d4c0b2595920c76d7c17f50bf647a8bb48880187,273,9879c0f2b6af7a784d0fb4c6c7a30c3c47b08ec5e84a2fcf1c8dbfbaff384d5a
"(3,1,0,0)","(3,1,0,0):iso-00003",8f64930e02595e61efd85247d4c0b2595920c76d7c17f50bf647a8bb48880187,273,ddb1772821ec7022044f8dabc6a9835f1b9d5f6e354c339a757e4d26917bca5d
"(3,1,0,0)","(3,1,0,0):iso-00003",8f64930e02595e61efd85247d4c0b2595920c76d7c17f50bf647a8bb48880187,273,3e144759a64fa9af913c874e7cd2e69d9419a3f91c297a113d03b6debfdf2afd
"(3,1,0,0)","(3,1,0,0):iso-00003",8f64930e02595e61efd85247d4c0b2595920c76d7c17f50bf647a8bb48880187,273,f90c2743908e9142500def96bca57c9b1f32b1c5a59593157629b9a2603efb6f
"(3,1,0,0)","(3,1,0,0):iso-00003",8f64930e02595e61efd85247d4c0b2595920c76d7c17f50bf647a8bb48880187,273,d3301a54330cd1f85e04c2beb2e66b12ec5b33ce2980bd4f31ea164492368975
"(3,1,0,0)","(3,1,0,0):iso-00003",8f64930e02595e61efd85247d4c0b2595920c76d7c17f50bf647a8bb48880187,273,d049892d8ff5abee3e0e4870be79b1ef5f7a5c32d072fd1c08ded47bc51fc757
"(3,1,0,0)","(3,1,0,0):iso-00003",8f64930e02595e61efd85247d4c0b2595920c76d7c17f50bf647a8bb48880187,273,f3230af8dbd8a225324cee10260515a27b4d56ab3a70029a23642345302377d9
"(3,1,0,0)","(3,1,0,0):iso-00003",8f64930e02595e61efd85247d4c0b2595920c76d7c17f50bf647a8bb48880187,273,43ea62311755176037ea0f51793e318d95f23599cb8c5405f352c374d64255f8
"(3,1,0,0)","(3,1,0,0):iso-00003",8f64930e02595e61efd85247d4c0b2595920c76d7c17f50bf647a8bb48880187,273,eb15418c3e4af4b04cb65a86c8e25b242c837282b06737d1732cad347f1fc09e
"(3,1,0,0)","(3,1,0,0):iso-00003",8f64930e02595e61efd85247d4c0b2595920c76d7c17f50bf647a8bb48880187,273,95e435010548e626d1c83fb3109eb232920522d5cb8c75987c2be95ab3a64c1d
"(3,1,0,0)","(3,1,0,0):iso-00003",8f64930e02595e61efd85247d4c0b2595920c76d7c17f50bf647a8bb48880187,273,a74a15b5362e0ccbb134341767a5d9ea380c80fc4f23df7b7c912f1b9184a525
"(3,1,0,0)","(3,1,0,0):iso-00003",8f64930e02595e61efd85247d4c0b2595920c76d7c17f50bf647a8bb48880187,273,14c320381712054c92109b21fe0ba8a03b7106c44c8c289e6a0fa03c571acef5
"(3,1,0,0)","(3,1,0,0):iso-00003",8f64930e02595e61efd85247d4c0b2595920c76d7c17f50bf647a8bb48880187,273,6c5358cd0c0de0020421174ad636b48f0344d080a880ffda1857f049e0bf55a0
"(3,1,0,0)","(3,1,0,0):iso-00003",8f64930e02595e61efd85247d4c0b2595920c76d7c17f50bf647a8bb48880187,273,9d14d06b56a585c2d1812ce6c222a9b284c685c19816c27eeaaa4644d240b70e
"(3,1,0,0)","(3,1,0,0):iso-00003",8f64930e02595e61efd85247d4c0b2595920c76d7c17f50bf647a8bb48880187,273,d845e98d1511b329f1d0e8fdc22b1469cc6f6f50413bef5097448686514ff0e3
"(3,1,0,0)","(3,1,0,0):iso-00003",8f64930e02595e61efd85247d4c0b2595920c76d7c17f50bf647a8bb48880187,273,c46a1d21a2b6781ea943d41234b6a82bdb9300fa5f9c1b61d8b50e598818ff29
"(3,1,0,0)","(3,1,0,0):iso-00003",8f64930e02595e61efd85247d4c0b2595920c76d7c17f50bf647a8bb48880187,273,386186f74e0927383bad8ebe8e22c0c49f64d39b053b9c3dc322a695d26cdef2
"(3,1,0,0)","(3,1,0,0):iso-00003",8f64930e02595e61efd85247d4c0b2595920c76d7c17f50bf647a8bb48880187,273,2a8c398b90dd28ce476de0f206232d559261e3cccaef7f2207cf34046c3ad0f6
"(3,1,0,0)","(3,1,0,0):iso-00003",8f64930e02595e61efd85247d4c0b2595920c76d7c17f50bf647a8bb48880187,273,579d6d4bcde735b1f8406da66559a8fa991e335be46cff844d1dae4a7eeea49c
"(3,1,0,0)","(3,1,0,0):iso-00003",8f64930e02595e61efd85247d4c0b2595920c76d7c17f50bf647a8bb48880187,273,bb0641e52a396e1d5c680250117f5c368f574510acc814c0cba393de5ff277ad
"(3,1,0,0)","(3,1,0,0):iso-00003",8f64930e02595e61efd85247d4c0b2595920c76d7c17f50bf647a8bb48880187,273,7097eab4159e6b317fa384eddd9c703d5982ebb90ad2b8f03c42caa990451701
"(3,1,0,0)","(3,1,0,0):iso-00003",8f64930e02595e61efd85247d4c0b2595920c76d7c17f50bf647a8bb48880187,273,998cce414cc1a1dc9d98b0e3094b0862b0e2855e7baf0c02f93429985b495e17
"(3,1,0,0)","(3,1,0,0):iso-00003",8f64930e02595e61efd85247d4c0b2595920c76d7c17f50bf647a8bb48880187,273,cff32789a2cb2f0dc4b284514850a9e54b9d70d8ba2257a5b3ffd759e40e6fda
"(3,1,0,0)","(3,1,0,0):iso-00003",8f64930e02595e61efd85247d4c0b2595920c76d7c17f50bf647a8bb48880187,273,156e43f0742ca126ee359c0fd97962f0a220731c52e28a477b3bbc242942db26
"(3,1,0,0)","(3,1,0,0):iso-00003",8f64930e02595e61efd85247d4c0b2595920c76d7c17f50bf647a8bb48880187,273,d8c3609cf1ea2f0b0b82a45eebcf142a176b26b59295f6fb4f9053d980288424
"(3,1,0,0)","(3,1,0,0):iso-00003",8f64930e02595e61efd85247d4c0b2595920c76d7c17f50bf647a8bb48880187,273,050b70a334be00c810f0cbcec7d6fe8f43e8d0335af87ea17f237dfd3f4d28a4
"(3,1,0,0)","(3,1,0,0):iso-00003",8f64930e02595e61efd85247d4c0b2595920c76d7c17f50bf647a8bb48880187,273,34c53df42512fd33947c2518d6dea02b4dd03280964b820ea9e62e37218bfb13
"(3,1,0,0)","(3,1,0,0):iso-00003",8f64930e02595e61efd85247d4c0b2595920c76d7c17f50bf647a8bb48880187,273,ca05cdf93d47640f45d8d83504e88f18e2eae2f617761963a3acb56a8eb10bb5
"(3,1,0,0)","(3,1,0,0):iso-00003",8f64930e02595e61efd85247d4c0b2595920c76d7c17f50bf647a8bb48880187,273,dbdd0f095e298abbb0aadb37381e9c833af45c202ea8bfa12fb88235ccce531a
"(3,1,0,0)","(3,1,0,0):iso-00003",8f64930e02595e61efd85247d4c0b2595920c76d7c17f50bf647a8bb48880187,273,d20e28fa1ed81cf303d4249f0f22ee1e0ff28c7d12cbe6a85f326b90f7b5b480
"(3,1,0,0)","(3,1,0,0):iso-00003",8f64930e02595e61efd85247d4c0b2595920c76d7c17f50bf647a8bb48880187,273,7e038d32b4dc1d60c758e851ecf94af2d4cded1161767b7dd4b522029b0fbffc
"(3,1,0,0)","(3,1,0,0):iso-00003",8f64930e02595e61efd85247d4c0b2595920c76d7c17f50bf647a8bb48880187,273,51d0341dba70cea3b5bd115f457cb1c36cc4166e515638a596bf728f25ef16f0
"(3,1,0,0)","(3,1,0,0):iso-00003",8f64930e02595e61efd85247d4c0b2595920c76d7c17f50bf647a8bb48880187,273,821592085a8874c9f46eaf0078ef35afe97fbac8a40ddcb6b69b72d717052a4b
"(3,1,0,0)","(3,1,0,0):iso-00003",8f64930e02595e61efd85247d4c0b2595920c76d7c17f50bf647a8bb48880187,273,7cf32f036446f4e424b617b852e32e0a7f032383aa70f9dc59f0f392de01f828
"(3,1,0,0)","(3,1,0,0):iso-00003",8f64930e02595e61efd85247d4c0b2595920c76d7c17f50bf647a8bb48880187,273,13b690cf00dc1fd07a56ee5f808959653e6f12a58339178e41de1a003ad08190
"(3,1,0,0)","(3,1,0,0):iso-00003",8f64930e02595e61efd85247d4c0b2595920c76d7c17f50bf647a8bb48880187,273,9163d78d6c8b02f23e014bf8a40bbdf1c7fbc8e81a17d150b8df63074108363c
"(3,1,0,0)","(3,1,0,0):iso-00003",8f64930e02595e61efd85247d4c0b2595920c76d7c17f50bf647a8bb48880187,273,a370d55a6cf8da5117450d038402f14475368f6ee53e9e8af1b018a8010dc97d
"(3,1,0,0)","(3,1,0,0):iso-00003",8f64930e02595e61efd85247d4c0b2595920c76d7c17f50bf647a8bb48880187,273,5f512beb5459dccdb56469ba65b9114535aa46b6e0d2da0afa8adcaefd81f0b8
"(3,1,0,0)","(3,1,0,0):iso-00003",8f64930e02595e61efd85247d4c0b2595920c76d7c17f50bf647a8bb48880187,273,3f1ac87ac5fd77d12b8799065bc4cdab2a1f94fb3b3a20ebec492ced46115660
"(3,1,0,0)","(3,1,0,0):iso-00003",8f64930e02595e61efd85247d4c0b2595920c76d7c17f50bf647a8bb48880187,273,0b10b9bdae6f1aa2a12a30129a36a4a6cc6390ad114961df7c3ca434a337dd29
"(3,1,0,0)","(3,1,0,0):iso-00003",8f64930e02595e61efd85247d4c0b2595920c76d7c17f50bf647a8bb48880187,273,a96d7a759ec992b94fe0a7ff03e5c8a0b7ae5b6d9e24ff6b71ab1722f01193c3
"(3,1,0,0)","(3,1,0,0):iso-00003",8f64930e02595e61efd85247d4c0b2595920c76d7c17f50bf647a8bb48880187,273,2319287df0578602863440067dfd69e980e468a87d3efd9029140094f4a7ffee
"(3,1,0,0)","(3,1,0,0):iso-00003",8f64930e02595e61efd85247d4c0b2595920c76d7c17f50bf647a8bb48880187,273,65b8db4125d4aa25d3ce3e1116f0c16e503d3b36f148e046b004fb29dba81d7b
"(3,1,0,0)","(3,1,0,0):iso-00003",8f64930e02595e61efd85247d4c0b2595920c76d7c17f50bf647a8bb48880187,273,bd587f5bd4b2ed4d214a2c15506a707a95af5201abd2eda2f808d0c94bfd59bc
"(3,1,0,0)","(3,1,0,0):iso-00003",8f64930e02595e61efd85247d4c0b2595920c76d7c17f50bf647a8bb48880187,273,82c6158c18d9626b8e3947c65fdfbb6639c09d20de35c96998d63464d92bbefc
"(3,1,0,0)","(3,1,0,0):iso-00003",8f64930e02595e61efd85247d4c0b2595920c76d7c17f50bf647a8bb48880187,273,e1b5bbac5223b7c79b86036e622286ab3f53c32c5df3081133c95d44516e13f9
"(3,1,0,0)","(3,1,0,0):iso-00003",8f64930e02595e61efd85247d4c0b2595920c76d7c17f50bf647a8bb48880187,273,bf41ea4f86b080ce2e2783475011cd4d701f9dcf9c8c53fd6d04ea21ea7434e6
"(3,1,0,0)","(3,1,0,0):iso-00003",8f64930e02595e61efd85247d4c0b2595920c76d7c17f50bf647a8bb48880187,273,6078efeb37a65140f6d9ec46932ff3a865ba92a959398964d9e1c392258fc027
"(3,1,0,0)","(3,1,0,0):iso-00003",8f64930e02595e61efd85247d4c0b2595920c76d7c17f50bf647a8bb48880187,273,9ec80fdfade21cca3c6bde456e40beeb5e0808e018be6e337f8e8a6ac3ded7c4
"(3,1,0,0)","(3,1,0,0):iso-00003",8f64930e02595e61efd85247d4c0b2595920c76d7c17f50bf647a8bb48880187,273,ee37b430752dc0c30e46f9027470725e5445623ac5721fa079f82bf0b5b155bf
"(3,1,0,0)","(3,1,0,0):iso-00003",8f64930e02595e61efd85247d4c0b2595920c76d7c17f50bf647a8bb48880187,273,aee6d91a482cb90ec5cbb06e1b66eb6d8d5bc50a5bc97702256d889db2b91b6e
"(3,1,0,0)","(3,1,0,0):iso-00003",8f64930e02595e61efd85247d4c0b2595920c76d7c17f50bf647a8bb48880187,273,c533711a23ba9287c0546975f0148b3a67073b2a677a350ee4ef16baa495ec5b
"(3,1,0,0)","(3,1,0,0):iso-00003",8f64930e02595e61efd85247d4c0b2595920c76d7c17f50bf647a8bb48880187,273,17536a6c86b9d4ddec40114e14adedaa98f2a87c9daf5d06e0588f7f1f75b24c
"(3,1,0,0)","(3,1,0,0):iso-00003",8f64930e02595e61efd85247d4c0b2595920c76d7c17f50bf647a8bb48880187,273,8b9550795b740cebc7e05a035c8249dff32fc79af00c574492ca0fab03af0658
"(3,1,0,0)","(3,1,0,0):iso-00003",8f64930e02595e61efd85247d4c0b2595920c76d7c17f50bf647a8bb48880187,273,a04e055f1b75ea901b313b6cc10e45668349fffb6158b254ee624effddab541f
"(3,1,0,0)","(3,1,0,0):iso-00003",8f64930e02595e61efd85247d4c0b2595920c76d7c17f50bf647a8bb48880187,273,d94e03a27aa15473256c75521618b034e2c03773b3d7ffa992d078254dbd04fd
"(3,1,0,0)","(3,1,0,0):iso-00003",8f64930e02595e61efd85247d4c0b2595920c76d7c17f50bf647a8bb48880187,273,93bd503eaea28371463b88ee01b5792e755800f337c0506f06afeb98f49ccc30
"(3,1,0,0)","(3,1,0,0):iso-00003",8f64930e02595e61efd85247d4c0b2595920c76d7c17f50bf647a8bb48880187,273,8e94fed25667da5ea9e732be2773ca179b0aff2b0eb093e3de411d30df7c9438
"(3,1,0,0)","(3,1,0,0):iso-00003",8f64930e02595e61efd85247d4c0b2595920c76d7c17f50bf647a8bb48880187,273,1e1ae3d9995359167fcf20845b833872c861a9d9b796f6de7578205a64d850e6
"(3,1,0,0)","(3,1,0,0):iso-00003",8f64930e02595e61efd85247d4c0b2595920c76d7c17f50bf647a8bb48880187,273,3c2e91fd451e5aa07932cf934a6597e6fe965d98e05581d143405810f6f684c7
"(3,1,0,0)","(3,1,0,0):iso-00003",8f64930e02595e61efd85247d4c0b2595920c76d7c17f50bf647a8bb48880187,273,e4fb20edd5fae741138c8b05cc0c0739b53c1429d6781bae625c5b5a97076317
"(3,1,0,0)","(3,1,0,0):iso-00003",8f64930e02595e61efd85247d4c0b2595920c76d7c17f50bf647a8bb48880187,273,480abc0053dc086036f1eda480ee7480d0e77395e84324bbaa143757ca607d14
"(3,1,0,0)","(3,1,0,0):iso-00003",8f64930e02595e61efd85247d4c0b2595920c76d7c17f50bf647a8bb48880187,273,118386c833d532e0c4ee68d4511c36faa1cad74a21ac7de78e70accc673afeae
"(3,1,0,0)","(3,1,0,0):iso-00003",8f64930e02595e61efd85247d4c0b2595920c76d7c17f50bf647a8bb48880187,273,c1404a51370f2a2aa1842269cc8aaf802aed1401ceabed85bbb05f94bfcfa140
"(3,1,0,0)","(3,1,0,0):iso-00003",8f64930e02595e61efd85247d4c0b2595920c76d7c17f50bf647a8bb48880187,273,7f96bc62498c650c813b45ef597cdd880d8dc8844952a4cfff53f564b4925c31
"(3,1,0,0)","(3,1,0,0):iso-00003",8f64930e02595e61efd85247d4c0b2595920c76d7c17f50bf647a8bb48880187,273,96ea40fa20df092fcf6e2f1946ab18470874ef721bfc94d342fd083213e6403f
"(3,1,0,0)","(3,1,0,0):iso-00003",8f64930e02595e61efd85247d4c0b2595920c76d7c17f50bf647a8bb48880187,273,30ab863ee01b43490f0c2644f7eac9be7a2ddb1c61eb63fc11299436a438b8ec
"(3,1,0,0)","(3,1,0,0):iso-00003",8f64930e02595e61efd85247d4c0b2595920c76d7c17f50bf647a8bb48880187,273,8f5904844f325aecfa900ef66deb9e7e7980cdc06489ad98e4b72ffb59d85c56
"(3,1,0,0)","(3,1,0,0):iso-00003",8f64930e02595e61efd85247d4c0b2595920c76d7c17f50bf647a8bb48880187,273,f7844168c84154661f856912b1176094ff34959bb6599753cc5e1948cf3cb629
"(3,1,0,0)","(3,1,0,0):iso-00003",8f64930e02595e61efd85247d4c0b2595920c76d7c17f50bf647a8bb48880187,273,d9b3e4dfbecb059ff66360a3357bd0569e639f3e06f40bf7c42a0ad99daf3032
"(3,1,0,0)","(3,1,0,0):iso-00003",8f64930e02595e61efd85247d4c0b2595920c76d7c17f50bf647a8bb48880187,273,da47e516452c18b90f79e8d9246c867073344025213d1561227ac6a96dbd199d
"(3,1,0,0)","(3,1,0,0):iso-00003",8f64930e02595e61efd85247d4c0b2595920c76d7c17f50bf647a8bb48880187,273,a8b59ea31be37560210fd306f710330ef95069572cf2b6893853b289e16cca4a
"(3,1,0,0)","(3,1,0,0):iso-00003",8f64930e02595e61efd85247d4c0b2595920c76d7c17f50bf647a8bb48880187,273,c64ab1ef4d7d9abb557f0cb6c1636d41f05f502f1b8a9446aa11754dff269c43
"(3,1,0,0)","(3,1,0,0):iso-00003",8f64930e02595e61efd85247d4c0b2595920c76d7c17f50bf647a8bb48880187,273,eee1a2c35b01be7195370488fffffa9e39d0a705e79b811078d43fb5abd2e64a
"(3,1,0,0)","(3,1,0,0):iso-00003",8f64930e02595e61efd85247d4c0b2595920c76d7c17f50bf647a8bb48880187,273,c9d2258da886f3f8956647a9a653457ad8dd5147aa159e22d6da465ed7b234d5
"(3,1,0,0)","(3,1,0,0):iso-00003",8f64930e02595e61efd85247d4c0b2595920c76d7c17f50bf647a8bb48880187,273,f21f05a025879d4e4b48fd76e2f4d240d4d2c28520c1220844aa56cbd011e7fd
"(3,1,0,0)","(3,1,0,0):iso-00003",8f64930e02595e61efd85247d4c0b2595920c76d7c17f50bf647a8bb48880187,273,86e14ad0babf1ce91ea2be9315507fee00e594107909f64daa02834980b672c7
"(3,1,0,0)","(3,1,0,0):iso-00003",8f64930e02595e61efd85247d4c0b2595920c76d7c17f50bf647a8bb48880187,273,e7c6ac74a4ce465426bc31650fd4e7ca59bdbed726e28612e5a52983ec11e2d7
"(3,1,0,0)","(3,1,0,0):iso-00003",8f64930e02595e61efd85247d4c0b2595920c76d7c17f50bf647a8bb48880187,273,1c68136c87dbe52a95e5b3578463203bbd150be7fec550536895c643154a7c2e
"(3,1,0,0)","(3,1,0,0):iso-00003",8f64930e02595e61efd85247d4c0b2595920c76d7c17f50bf647a8bb48880187,273,e141fc5c46a93643383ac09a2d86ff8864b1f453c3a4194aaa37d186cffa198f
"(3,1,0,0)","(3,1,0,0):iso-00003",8f64930e02595e61efd85247d4c0b2595920c76d7c17f50bf647a8bb48880187,273,919cc61fa63bfafed452c1e26f3f0a274c31732ef1be86d6b8183aebebeedbf3
"(3,1,0,0)","(3,1,0,0):iso-00003",8f64930e02595e61efd85247d4c0b2595920c76d7c17f50bf647a8bb48880187,273,2333c24dcd119d7f3c3ebd352f45343cd81e9e2611ea6bcdb91b2c5207aeb102
"(3,1,0,0)","(3,1,0,0):iso-00003",8f64930e02595e61efd85247d4c0b2595920c76d7c17f50bf647a8bb48880187,273,63371117faeed72a524f797be39929b8ece0821a76e80afe4cac2f907a130225
"(3,1,0,0)","(3,1,0,0):iso-00003",8f64930e02595e61efd85247d4c0b2595920c76d7c17f50bf647a8bb48880187,273,00b7f4434b9f7d8d2d877a773d8a05cf1e2ffc81ff40ad6d1d314b40896733ca
"(3,1,0,0)","(3,1,0,0):iso-00003",8f64930e02595e61efd85247d4c0b2595920c76d7c17f50bf647a8bb48880187,273,76e02902db2bcf88332bf149eb538c44efc4b99823f1ed0808d9c34ded2abdc2
"(3,1,0,0)","(3,1,0,0):iso-00003",8f64930e02595e61efd85247d4c0b2595920c76d7c17f50bf647a8bb48880187,273,46b1016bd00aaf1bcb6d1f091b7f0cd272ef455b28fd9cfa2993d797b9d7d5fc
"(3,1,0,0)","(3,1,0,0):iso-00003",8f64930e02595e61efd85247d4c0b2595920c76d7c17f50bf647a8bb48880187,273,2ba7554d4e49567b395ac7e83e254a243d64a42bf01eb5dec12156a0c87adbb9
"(3,1,0,0)","(3,1,0,0):iso-00003",8f64930e02595e61efd85247d4c0b2595920c76d7c17f50bf647a8bb48880187,273,7176a4800b5c73b2c1343004bc0c9e030edd8d3613db3114a3de60816e7ff258
"(3,1,0,0)","(3,1,0,0):iso-00003",8f64930e02595e61efd85247d4c0b2595920c76d7c17f50bf647a8bb48880187,273,a074677a7f7e6c0275fe13ce6414cb68d41e8e1048e6f14f90ea5e968ae40749
"(3,1,0,0)","(3,1,0,0):iso-00003",8f64930e02595e61efd85247d4c0b2595920c76d7c17f50bf647a8bb48880187,273,8d4bc07c97577cc6ecc1adaa0cb6a4d396b4565ba410f18ea6a083f4e8549c71
"(3,1,0,0)","(3,1,0,0):iso-00003",8f64930e02595e61efd85247d4c0b2595920c76d7c17f50bf647a8bb48880187,273,e101ea0d0cff2748bdc683b9d3e768be49a5d02029e3730af99af83ea861c8fd
"(3,1,0,0)","(3,1,0,0):iso-00003",8f64930e02595e61efd85247d4c0b2595920c76d7c17f50bf647a8bb48880187,273,d3f88b2d241356569b4e6b334dcd021d8839fc19e82b6836271b6574ac9c4e51
"(3,1,0,0)","(3,1,0,0):iso-00003",8f64930e02595e61efd85247d4c0b2595920c76d7c17f50bf647a8bb48880187,273,bb865cabbed886ab7e9e16b67c2492486ec3ca181a1a3d7c9edc176384efe294
"(3,1,0,0)","(3,1,0,0):iso-00003",8f64930e02595e61efd85247d4c0b2595920c76d7c17f50bf647a8bb48880187,273,19245a79a080a6a2dafcbf5004a076bf7eb892318c416c118677f45b48232402
"(3,1,0,0)","(3,1,0,0):iso-00003",8f64930e02595e61efd85247d4c0b2595920c76d7c17f50bf647a8bb48880187,273,327e129812d2232dbb102a79fb9761c169bff830806d17cd4173be9483e17f07
"(3,1,0,0)","(3,1,0,0):iso-00003",8f64930e02595e61efd85247d4c0b2595920c76d7c17f50bf647a8bb48880187,273,0ac6086c88629b408fc4f07f4a648336f94ffebc5bcd099dade85886e4e47df8
"(3,1,0,0)","(3,1,0,0):iso-00003",8f64930e02595e61efd85247d4c0b2595920c76d7c17f50bf647a8bb48880187,273,24f90f562c82d8b0481e87cce034b7b6872fc37876230b2b548131d06169ba30
"(3,1,0,0)","(3,1,0,0):iso-00003",8f64930e02595e61efd85247d4c0b2595920c76d7c17f50bf647a8bb48880187,273,84d58e2b5d7cc7964d276a5aff07fb07469bf88df1594a43502334b581f724aa
"(3,1,0,0)","(3,1,0,0):iso-00003",8f64930e02595e61efd85247d4c0b2595920c76d7c17f50bf647a8bb48880187,273,6712cd9e59f80b6008339b01699a0ef446a3006da67aeeb7496ec7bfa53e7092
"(3,1,0,0)","(3,1,0,0):iso-00003",8f64930e02595e61efd85247d4c0b2595920c76d7c17f50bf647a8bb48880187,273,db73df9bc2fd48f94e133f3fbcb54791700630b14eef822bb2e3827674469be8
"(3,1,0,0)","(3,1,0,0):iso-00003",8f64930e02595e61efd85247d4c0b2595920c76d7c17f50bf647a8bb48880187,273,796695b1ed44ea5abc58adff35ca2378ff2312d095e9dbeab423180c72d54eb6
"(3,1,0,0)","(3,1,0,0):iso-00003",8f64930e02595e61efd85247d4c0b2595920c76d7c17f50bf647a8bb48880187,273,e14f855bd084b21e70a925d9c2f41e2faa4b8c995809a131f8c408a00c8e576b
"(3,1,0,0)","(3,1,0,0):iso-00003",8f64930e02595e61efd85247d4c0b2595920c76d7c17f50bf647a8bb48880187,273,09ab8bef567827b5164b680a43df3e1783688fda0f5af0f53c714375f5dd6e18
"(3,1,0,0)","(3,1,0,0):iso-00003",8f64930e02595e61efd85247d4c0b2595920c76d7c17f50bf647a8bb48880187,273,3835470595aa42b556c97392ecb7e998d49a14c4863e002b0980c36197256d2b
"(3,1,0,0)","(3,1,0,0):iso-00003",8f64930e02595e61efd85247d4c0b2595920c76d7c17f50bf647a8bb48880187,273,639d7c77ae29f4acba62e2da8d97c79b3e018fe19d694c27af06fd927968561d
"(3,1,0,0)","(3,1,0,0):iso-00003",8f64930e02595e61efd85247d4c0b2595920c76d7c17f50bf647a8bb48880187,273,c55986af49d499b667ba21f8e393870e3b850ef958980f1266a81783e0b63070
"(3,1,0,0)","(3,1,0,0):iso-00003",8f64930e02595e61efd85247d4c0b2595920c76d7c17f50bf647a8bb48880187,273,897f001b3dbfb528eb2a4a89eb3dcaf7046f0598ca55187d11ae802e0d17bfe6
"(3,1,0,0)","(3,1,0,0):iso-00003",8f64930e02595e61efd85247d4c0b2595920c76d7c17f50bf647a8bb48880187,273,c0dec31b08b3a5d464f06d78b0281f790d948e9bdaf282fb0b176e9a8e6e9731
"(3,1,0,0)","(3,1,0,0):iso-00003",8f64930e02595e61efd85247d4c0b2595920c76d7c17f50bf647a8bb48880187,273,735a1c4f0f8a1a7d2fea7e47316e074123a841bb6f2d814a1ef95d6519472e7f
"(3,1,0,0)","(3,1,0,0):iso-00003",8f64930e02595e61efd85247d4c0b2595920c76d7c17f50bf647a8bb48880187,273,6f7726d0f902ac39fe5dedc2a316a7ba6f02432e03381fc79d8e2fae803a42fc
"(3,1,0,0)","(3,1,0,0):iso-00003",8f64930e02595e61efd85247d4c0b2595920c76d7c17f50bf647a8bb48880187,273,6a27646bdf020d4b6c8583865adb6f9c96bd70c6fdbcc312ed2010e59d120cb9
"(3,1,0,0)","(3,1,0,0):iso-00003",8f64930e02595e61efd85247d4c0b2595920c76d7c17f50bf647a8bb48880187,273,92c202c7dca9137700f45c11c1e95ee443fee923bdc3d5ec2f36daac51143444
"(3,1,0,0)","(3,1,0,0):iso-00003",8f64930e02595e61efd85247d4c0b2595920c76d7c17f50bf647a8bb48880187,273,2f1556c3c4bca16c48bdc64e2a91fe7216d33f87e463863fed2199c32f164105
"(3,1,0,0)","(3,1,0,0):iso-00003",8f64930e02595e61efd85247d4c0b2595920c76d7c17f50bf647a8bb48880187,273,e3b89db717931d89e80e3b4ece53330d4b96c360472cbdd3228c9ab7fc758786
"(3,1,0,0)","(3,1,0,0):iso-00003",8f64930e02595e61efd85247d4c0b2595920c76d7c17f50bf647a8bb48880187,273,dce74adeb681a12cd7693caf01da32be0acad3df3d814f9155afbfd2fcec3751
"(3,1,0,0)","(3,1,0,0):iso-00003",8f64930e02595e61efd85247d4c0b2595920c76d7c17f50bf647a8bb48880187,273,7e8a829f2a6d1a80372e0061859506314facabb2c595b28412dba8dcceafe56f
"(3,1,0,0)","(3,1,0,0):iso-00003",8f64930e02595e61efd85247d4c0b2595920c76d7c17f50bf647a8bb48880187,273,a1a87075856c974d388fa8c1db97db726cab7d2e3cf72e769ac8fd76b08bdac9
"(3,1,0,0)","(3,1,0,0):iso-00003",8f64930e02595e61efd85247d4c0b2595920c76d7c17f50bf647a8bb48880187,273,74238d8c80f8af6def1de22c38d42ada3f4a129c5cd6b5ae97a9a0b60e6b928b
"(3,1,0,0)","(3,1,0,0):iso-00003",8f64930e02595e61efd85247d4c0b2595920c76d7c17f50bf647a8bb48880187,273,a21b7dda6b4bfb730b37572b95003ba263260f0bc09826e26ee360fd2e00d45d
"(3,1,0,0)","(3,1,0,0):iso-00003",8f64930e02595e61efd85247d4c0b2595920c76d7c17f50bf647a8bb48880187,273,21b34126199640a8ab2eeb7c227bdfd391cc253c35b339711aa7d895d5a75784
"(3,1,0,0)","(3,1,0,0):iso-00003",8f64930e02595e61efd85247d4c0b2595920c76d7c17f50bf647a8bb48880187,273,7a69147cbc06784ced8bc8d20c23c4850b1275cde198ba0b5d815334dfcc0a4d
"(3,1,0,0)","(3,1,0,0):iso-00003",8f64930e02595e61efd85247d4c0b2595920c76d7c17f50bf647a8bb48880187,273,82ab9b21e17f3c2c01c5e9d53af445bd28190bbe30ed6daf73abc2d532a1dde1
"(3,1,0,0)","(3,1,0,0):iso-00003",8f64930e02595e61efd85247d4c0b2595920c76d7c17f50bf647a8bb48880187,273,0189d4004a524e2c634fbdf41c7db7beac5e5882e3367809b623a37370cde34c
"(3,1,0,0)","(3,1,0,0):iso-00003",8f64930e02595e61efd85247d4c0b2595920c76d7c17f50bf647a8bb48880187,273,60344dfe18fd66900610de1d78d16881058fd35b3f3c7daf937d2a68ef630dfc
"(3,1,0,0)","(3,1,0,0):iso-00003",8f64930e02595e61efd85247d4c0b2595920c76d7c17f50bf647a8bb48880187,273,6a0e730388fd4111c46ad9c3597513c567781b1e87a42ab7e899e20ca87eb706
"(3,1,0,0)","(3,1,0,0):iso-00003",8f64930e02595e61efd85247d4c0b2595920c76d7c17f50bf647a8bb48880187,273,2412953f670162c01bafd8d7097ef52b5f12b80a219c5ef5ce292c3689a285b5
"(3,1,0,0)","(3,1,0,0):iso-00003",8f64930e02595e61efd85247d4c0b2595920c76d7c17f50bf647a8bb48880187,273,2ec6b4c0e5cc5cc44587aebfc6e6509523fa96e90336a63cc1e9bf0bb74e209a
"(3,1,0,0)","(3,1,0,0):iso-00003",8f64930e02595e61efd85247d4c0b2595920c76d7c17f50bf647a8bb48880187,273,b4cc8520d1e65004fd262aa63104a8bc57c7a4022e357a5100c10140b83b62d8
"(3,1,0,0)","(3,1,0,0):iso-00003",8f64930e02595e61efd85247d4c0b2595920c76d7c17f50bf647a8bb48880187,273,b9054b2f0279ca2bdab5caca08e534f101067419c2f0068d2f692cf091067a81
"(3,1,0,0)","(3,1,0,0):iso-00003",8f64930e02595e61efd85247d4c0b2595920c76d7c17f50bf647a8bb48880187,273,7dcf3c00712d776b750b14270492b6381233ff0c00f7398b563ad3dfd867b197
"(3,1,0,0)","(3,1,0,0):iso-00003",8f64930e02595e61efd85247d4c0b2595920c76d7c17f50bf647a8bb48880187,273,df75f97d3f5659857a487aec9e7aba67fb9cfeeeab6e3e790999d1e76194ebb2
"(3,1,0,0)","(3,1,0,0):iso-00003",8f64930e02595e61efd85247d4c0b2595920c76d7c17f50bf647a8bb48880187,273,f8072c550232b8740bda4e0e8ed5a18c5b2d7cf53dcc04454a752bf569aed709
"(3,1,0,0)","(3,1,0,0):iso-00003",8f64930e02595e61efd85247d4c0b2595920c76d7c17f50bf647a8bb48880187,273,0dcb889bde2c019e359730b9129ae4aece37c0501afc65c18159e4fcff888723
"(3,1,0,0)","(3,1,0,0):iso-00003",8f64930e02595e61efd85247d4c0b2595920c76d7c17f50bf647a8bb48880187,273,d383bd88fab6c2d4e74bd5ad3ffbc463ec576e4db4726175bb2856b5d5ca1f10
"(3,1,0,0)","(3,1,0,0):iso-00003",8f64930e02595e61efd85247d4c0b2595920c76d7c17f50bf647a8bb48880187,273,c42eb742899aa5322283c611f2143303d4ab9ae3b9ff2e4b80ead9ddae18cf44
"(3,1,0,0)","(3,1,0,0):iso-00003",8f64930e02595e61efd85247d4c0b2595920c76d7c17f50bf647a8bb48880187,273,5e4c8f3dcc65910ef7ca49ca6a9ae2184e21bcbb11e2c14b846b436d58e50bd0
"(3,1,0,0)","(3,1,0,0):iso-00003",8f64930e02595e61efd85247d4c0b2595920c76d7c17f50bf647a8bb48880187,273,8f518f29ca918114ee21aad91c1cfb0dedf447fd73226a3932384cfaa9a39618
"(3,1,0,0)","(3,1,0,0):iso-00003",8f64930e02595e61efd85247d4c0b2595920c76d7c17f50bf647a8bb48880187,273,893840dc8c89b3fc8d907921bdb151a0144c6f0c516dc18184f343e2a871895f
"(3,1,0,0)","(3,1,0,0):iso-00003",8f64930e02595e61efd85247d4c0b2595920c76d7c17f50bf647a8bb48880187,273,acc4d2b87606ba944432b5c7a6eb5b215d47e965dbf6d05b774e39ac8747aedd
"(3,1,0,0)","(3,1,0,0):iso-00003",8f64930e02595e61efd85247d4c0b2595920c76d7c17f50bf647a8bb48880187,273,a39ec68b940f96c0b5d282020b686f70b1d38bd5df1ebc5c4e03c4670355d6ae
"(3,1,0,0)","(3,1,0,0):iso-00003",8f64930e02595e61efd85247d4c0b2595920c76d7c17f50bf647a8bb48880187,273,a78b4d4ea370e0141b358c581bcb5c1bf389e991bb158a042bd1b0525330ddbf
"(3,1,0,0)","(3,1,0,0):iso-00003",8f64930e02595e61efd85247d4c0b2595920c76d7c17f50bf647a8bb48880187,273,d91cc4dbae36738ffb779a8d486afc524edd1dbd3ca737069a5df1d3d31a9c1b
"(3,1,0,0)","(3,1,0,0):iso-00003",8f64930e02595e61efd85247d4c0b2595920c76d7c17f50bf647a8bb48880187,273,1cc8ca62904dc2be0a09267a54e797ca182fcb46509133525e108266cff887f2
"(3,1,0,0)","(3,1,0,0):iso-00003",8f64930e02595e61efd85247d4c0b2595920c76d7c17f50bf647a8bb48880187,273,c3bb408ad2fcd09ede89202485dce1f5d094e641b13825ccdc402f78706c4593
"(3,1,0,0)","(3,1,0,0):iso-00003",8f64930e02595e61efd85247d4c0b2595920c76d7c17f50bf647a8bb48880187,273,1a0279aa4e820c3905872419545af0e79f53ed09ab5055666a6e720927878a1b
"(3,1,0,0)","(3,1,0,0):iso-00003",8f64930e02595e61efd85247d4c0b2595920c76d7c17f50bf647a8bb48880187,273,969285deb2424c22da3d4e26905232b63bbc93e8490dbdfda2a2e31cd2eca1d5
"(3,1,0,0)","(3,1,0,0):iso-00003",8f64930e02595e61efd85247d4c0b2595920c76d7c17f50bf647a8bb48880187,273,5f35b4b0fa184d6991926e7d05b8b2a082da629907cc50b0ca7493a43a578d8a
"(3,1,0,0)","(3,1,0,0):iso-00003",8f64930e02595e61efd85247d4c0b2595920c76d7c17f50bf647a8bb48880187,273,ea3f707630d87ed8341332329acd3fc73504a336d575941a9db68745512e0a8e
"(3,1,0,0)","(3,1,0,0):iso-00003",8f64930e02595e61efd85247d4c0b2595920c76d7c17f50bf647a8bb48880187,273,fe8fd430fc44da2f6325626d9a0b8e8ccd70572f72ab61c314e98dd26dbbc801
"(3,1,0,0)","(3,1,0,0):iso-00003",8f64930e02595e61efd85247d4c0b2595920c76d7c17f50bf647a8bb48880187,273,824167ec817fd9d45a26ad5f2f89e5cc2b2f9e7d907c450d15d41ba13d1979fa
"(3,1,0,0)","(3,1,0,0):iso-00003",8f64930e02595e61efd85247d4c0b2595920c76d7c17f50bf647a8bb48880187,273,f42421450ea983f1db3a06a82b1e713215e2c9b836485c3a96e2a6f2c8b2e83a
"(3,1,0,0)","(3,1,0,0):iso-00003",8f64930e02595e61efd85247d4c0b2595920c76d7c17f50bf647a8bb48880187,273,1f43e660c5a6c5b8f0a8cd7cc0251c318c285c452101e85d6625cee971b8ada2
"(3,1,0,0)","(3,1,0,0):iso-00003",8f64930e02595e61efd85247d4c0b2595920c76d7c17f50bf647a8bb48880187,273,3b4e05d6e823da7f4da0cc81289e52775c2142f104dec188aef4704e7c1548a3
"(3,1,0,0)","(3,1,0,0):iso-00003",8f64930e02595e61efd85247d4c0b2595920c76d7c17f50bf647a8bb48880187,273,c81b64cb5a2f63cb99d38dcbd824cf081e2de20509e90ba85d147240e70abc0f
"(3,1,0,0)","(3,1,0,0):iso-00003",8f64930e02595e61efd85247d4c0b2595920c76d7c17f50bf647a8bb48880187,273,faf0bfc577f54fd1baf427886733b37bfbbd72d6fc1691e0e71a6cbba7409f2a
"(3,1,0,0)","(3,1,0,0):iso-00003",8f64930e02595e61efd85247d4c0b2595920c76d7c17f50bf647a8bb48880187,273,984485ee9ad7e3e6afd5be9c3ea78a2e06a5f83f8a6216f313aa0dc5fd697b77
"(3,1,0,0)","(3,1,0,0):iso-00003",8f64930e02595e61efd85247d4c0b2595920c76d7c17f50bf647a8bb48880187,273,9099c04fa2458c68144f8b97585be2f1360c003f2e1b54e542d5856b082a3bbb
"(3,1,0,0)","(3,1,0,0):iso-00003",8f64930e02595e61efd85247d4c0b2595920c76d7c17f50bf647a8bb48880187,273,1349775acbf94fada407481303fb332d8b6025a72b759447ae94f8bf3e5ccc07
"(3,1,0,0)","(3,1,0,0):iso-00003",8f64930e02595e61efd85247d4c0b2595920c76d7c17f50bf647a8bb48880187,273,a1899ba35658c80da5c27c53ebc6f7c88d2b6faadcbe2b6e47e90c4584696184
"(3,1,0,0)","(3,1,0,0):iso-00003",8f64930e02595e61efd85247d4c0b2595920c76d7c17f50bf647a8bb48880187,273,5688203bf5c7e60115b765a3728a3ae51ea7a4f71675cf48d064ffd210ba73d9
"(3,1,0,0)","(3,1,0,0):iso-00003",8f64930e02595e61efd85247d4c0b2595920c76d7c17f50bf647a8bb48880187,273,05f345f58131bfd16822578b8ae6b9b97e130f71acfe0be94dc1dd4c858105e3
"(3,1,0,0)","(3,1,0,0):iso-00003",8f64930e02595e61efd85247d4c0b2595920c76d7c17f50bf647a8bb48880187,273,3287c0ece519499b790de7b1a7a433ade46bbee317b2c4067881fe11946a6b20
"(3,1,0,0)","(3,1,0,0):iso-00003",8f64930e02595e61efd85247d4c0b2595920c76d7c17f50bf647a8bb48880187,273,3f6f6a1f42685535dbfea57761640bdaa4a29b76650425eb55a5f497abc04301
"(3,1,0,0)","(3,1,0,0):iso-00003",8f64930e02595e61efd85247d4c0b2595920c76d7c17f50bf647a8bb48880187,273,1c299a7bab1c48e0184fd877cabefb972bf3c2e3f76dee60afe2f263bf381d12
"(3,1,0,0)","(3,1,0,0):iso-00003",8f64930e02595e61efd85247d4c0b2595920c76d7c17f50bf647a8bb48880187,273,d43e22113a6c6bbae0f690c1f2c409a5934e0d0712a6a9d263a015f5a59f2b3f
"(3,1,0,0)","(3,1,0,0):iso-00003",8f64930e02595e61efd85247d4c0b2595920c76d7c17f50bf647a8bb48880187,273,15569dd07e9788efb84d2316b527f1143f6fe802185b42a076803c3366a955b1
"(3,1,0,0)","(3,1,0,0):iso-00003",8f64930e02595e61efd85247d4c0b2595920c76d7c17f50bf647a8bb48880187,273,f45c71f8680bc881f86ec80e0dd2ce21bbdc1458bce6038fe72e98992d4cdb82
"(3,1,0,0)","(3,1,0,0):iso-00003",8f64930e02595e61efd85247d4c0b2595920c76d7c17f50bf647a8bb48880187,273,97b9cc5d1097e1d1b026b9782898500d258ac1988b5d8d7c11ae2f9222fff852
"(3,1,0,0)","(3,1,0,0):iso-00003",8f64930e02595e61efd85247d4c0b2595920c76d7c17f50bf647a8bb48880187,273,4769ef2b2b0558e3ce3996bbc0310099f213d51c8a7b818d1f781bd9d8755913
"(3,1,0,0)","(3,1,0,0):iso-00003",8f64930e02595e61efd85247d4c0b2595920c76d7c17f50bf647a8bb48880187,273,0d6a7693d410d45fd9c49ea0767ddf6d382be41684c60cd5f51c83a63cc505c1
"(3,1,0,0)","(3,1,0,0):iso-00003",8f64930e02595e61efd85247d4c0b2595920c76d7c17f50bf647a8bb48880187,273,1d32f0cdb88e045cf660cd30ea1e8c02c1caf68c42b11213e8f5a3549b6cf32e
"(3,1,0,0)","(3,1,0,0):iso-00003",8f64930e02595e61efd85247d4c0b2595920c76d7c17f50bf647a8bb48880187,273,5b6cf2d1415b2a3468d9368cad1cdbf91f81ded7d98e8c31227d6ba8de19905d
"(3,1,0,0)","(3,1,0,0):iso-00003",8f64930e02595e61efd85247d4c0b2595920c76d7c17f50bf647a8bb48880187,273,c1d45bbd0750b7df5b542a7410fb8a4e5b8bc7ebea785e286aab01c125d8c7e4
"(3,1,0,0)","(3,1,0,0):iso-00003",8f64930e02595e61efd85247d4c0b2595920c76d7c17f50bf647a8bb48880187,273,6c83356f027166e98356a09ad9b7aff842bd971fc1fde9ec9615d2d6ef00f7f6
"(3,1,0,0)","(3,1,0,0):iso-00003",8f64930e02595e61efd85247d4c0b2595920c76d7c17f50bf647a8bb48880187,273,da90b2711e8449dc6eabcc29a8adb6b754077010574577eb279d9a801e50fa0f
"(3,1,0,0)","(3,1,0,0):iso-00003",8f64930e02595e61efd85247d4c0b2595920c76d7c17f50bf647a8bb48880187,273,d54e33c41f39fb157cac9de520929d9e6c53294f1a633eb37a0468dc1ac2f30b
"(3,1,0,0)","(3,1,0,0):iso-00003",8f64930e02595e61efd85247d4c0b2595920c76d7c17f50bf647a8bb48880187,273,a145791e1089e43a5d07ba85f1ac33e21d1db3f3b8e53866b40733caa69d39f0
"(3,1,0,0)","(3,1,0,0):iso-00003",8f64930e02595e61efd85247d4c0b2595920c76d7c17f50bf647a8bb48880187,273,5a100434c2cfeeb3ec9e8b7a0cf83bd873defa66ff708459fdf6e0e014b3e76e
"(3,1,0,0)","(3,1,0,0):iso-00003",8f64930e02595e61efd85247d4c0b2595920c76d7c17f50bf647a8bb48880187,273,a80188a3c7aa0fa925bffdbe281a80d52cebaf31764adab6685d69e536155f0a
"(3,1,0,0)","(3,1,0,0):iso-00003",8f64930e02595e61efd85247d4c0b2595920c76d7c17f50bf647a8bb48880187,273,0ab04c3e6df9069e15c296b50a365099b03571ac714e1d1864cd0f91e588df08
"(3,1,0,0)","(3,1,0,0):iso-00003",8f64930e02595e61efd85247d4c0b2595920c76d7c17f50bf647a8bb48880187,273,8aabec447f1537c0a1273b02246a3d89665fcbb7a573f2bab2f4a564ab30382f
"(3,1,0,0)","(3,1,0,0):iso-00003",8f64930e02595e61efd85247d4c0b2595920c76d7c17f50bf647a8bb48880187,273,dadd2b95617e8156de5925c0acb13cddfd5d012b9a294696fb29fe2af38f842a
"(3,1,0,0)","(3,1,0,0):iso-00003",8f64930e02595e61efd85247d4c0b2595920c76d7c17f50bf647a8bb48880187,273,674b150aff09993f1056863bc460b1e4935eeba68d2fc098a7ac97fcf447a722
"(3,1,0,0)","(3,1,0,0):iso-00004",296a05d7676f86eb249e0149373e1a3104baff834c29dbb3f1ed69e1549224b7,165,296a05d7676f86eb249e0149373e1a3104baff834c29dbb3f1ed69e1549224b7
"(3,1,0,0)","(3,1,0,0):iso-00004",296a05d7676f86eb249e0149373e1a3104baff834c29dbb3f1ed69e1549224b7,165,b7a480495e733ca775233c55e183f868b07aa7d00fa1a0bdaf97f4293bdccde4
"(3,1,0,0)","(3,1,0,0):iso-00004",296a05d7676f86eb249e0149373e1a3104baff834c29dbb3f1ed69e1549224b7,165,e44623cf6805b3b232a6626cd42a5b1bc26240a1eb2ea303179c5ed262094989
"(3,1,0,0)","(3,1,0,0):iso-00004",296a05d7676f86eb249e0149373e1a3104baff834c29dbb3f1ed69e1549224b7,165,6499618f3b35a2421b312a02864532b5a695f924395cee4e76119a5150c9c6ed
"(3,1,0,0)","(3,1,0,0):iso-00004",296a05d7676f86eb249e0149373e1a3104baff834c29dbb3f1ed69e1549224b7,165,f06b908ae11f8571dcdd51bedaddd9302454c47241498d98627fc43cc947d811
"(3,1,0,0)","(3,1,0,0):iso-00004",296a05d7676f86eb249e0149373e1a3104baff834c29dbb3f1ed69e1549224b7,165,75bb1f772a5f432978c1a03eee615c74a46a7f94d559f1684939041cf9683eb0
"(3,1,0,0)","(3,1,0,0):iso-00004",296a05d7676f86eb249e0149373e1a3104baff834c29dbb3f1ed69e1549224b7,165,7bc37765a54375f37433a73ed9f529564b595b5cfaa42b1fa9e217bdb60c754c
"(3,1,0,0)","(3,1,0,0):iso-00004",296a05d7676f86eb249e0149373e1a3104baff834c29dbb3f1ed69e1549224b7,165,e60dc98d1d5f645828dd0f1c1b06e56b91c08e6f11b57d452c812331a4f7c0a2
"(3,1,0,0)","(3,1,0,0):iso-00004",296a05d7676f86eb249e0149373e1a3104baff834c29dbb3f1ed69e1549224b7,165,3cb09286a03482e11153d279fd3aa9fc819cbb45d34cc374882893f6c51d216f
"(3,1,0,0)","(3,1,0,0):iso-00004",296a05d7676f86eb249e0149373e1a3104baff834c29dbb3f1ed69e1549224b7,165,e471903fca39122ce89a0fd697187ab74ee68e4935987f25d55b7200d3d2bd4f
"(3,1,0,0)","(3,1,0,0):iso-00004",296a05d7676f86eb249e0149373e1a3104baff834c29dbb3f1ed69e1549224b7,165,3867547addbee5be24cb302878bd3d16ed2ec4f97e7701345cee29e1340aaa3e
"(3,1,0,0)","(3,1,0,0):iso-00004",296a05d7676f86eb249e0149373e1a3104baff834c29dbb3f1ed69e1549224b7,165,fbc4940f3cf70120ff0597626ec8077fc4a5eeee1f4e0e3d283115accc857d76
"(3,1,0,0)","(3,1,0,0):iso-00004",296a05d7676f86eb249e0149373e1a3104baff834c29dbb3f1ed69e1549224b7,165,63a027cf6df9557c8c0ce6546fb065d82ecb25ee2d8ea4e9aee5185ae40725e1
"(3,1,0,0)","(3,1,0,0):iso-00004",296a05d7676f86eb249e0149373e1a3104baff834c29dbb3f1ed69e1549224b7,165,dd1a87bb8eea06ebaa57d64ce5cccd43c60662923627914f65ac5ddd7943da76
"(3,1,0,0)","(3,1,0,0):iso-00004",296a05d7676f86eb249e0149373e1a3104baff834c29dbb3f1ed69e1549224b7,165,c70472360dafd2d9695ea70380a94a49323302b4cac77dcd644647deb78aeac3
"(3,1,0,0)","(3,1,0,0):iso-00004",296a05d7676f86eb249e0149373e1a3104baff834c29dbb3f1ed69e1549224b7,165,2a1e605c8176d039bc0b801f2379c607b64ae37c0878ac4cbb946d46ad640d47
"(3,1,0,0)","(3,1,0,0):iso-00004",296a05d7676f86eb249e0149373e1a3104baff834c29dbb3f1ed69e1549224b7,165,6c491e0abfe9b20ef8ad9462c5b2d270e9b899fd391ee97ae71c7388b3aa95d2
"(3,1,0,0)","(3,1,0,0):iso-00004",296a05d7676f86eb249e0149373e1a3104baff834c29dbb3f1ed69e1549224b7,165,1a912732ceabeaead576944c1d91d9fd88a5fc9cf2ee9285e3f106e0fb8ef7b9
"(3,1,0,0)","(3,1,0,0):iso-00004",296a05d7676f86eb249e0149373e1a3104baff834c29dbb3f1ed69e1549224b7,165,cda3e8cb73f56145c00c24b3fd24628cf2536bb963b8825b9b9b53244d50bf05
"(3,1,0,0)","(3,1,0,0):iso-00004",296a05d7676f86eb249e0149373e1a3104baff834c29dbb3f1ed69e1549224b7,165,3fb973be9f613291de94e58891b6cdbaf337c5cb10ff93766fec6bf6168a34c4
"(3,1,0,0)","(3,1,0,0):iso-00004",296a05d7676f86eb249e0149373e1a3104baff834c29dbb3f1ed69e1549224b7,165,02b7191c6567d94d9e7bea362127c39e9e733adcfb8eb4f13dd03739c550a6ca
"(3,1,0,0)","(3,1,0,0):iso-00004",296a05d7676f86eb249e0149373e1a3104baff834c29dbb3f1ed69e1549224b7,165,d2b3273c66f80c6b7f9d27971ade37704cefe98f5b02741afeade8fe18873de9
"(3,1,0,0)","(3,1,0,0):iso-00004",296a05d7676f86eb249e0149373e1a3104baff834c29dbb3f1ed69e1549224b7,165,aa2a6feb7b8b2da88b5c45ebce0f43a5f7be34270f95607c882a30a2624d72af
"(3,1,0,0)","(3,1,0,0):iso-00004",296a05d7676f86eb249e0149373e1a3104baff834c29dbb3f1ed69e1549224b7,165,edf27e0d0877b85e74becf7f2e681d252fc6fb9752ca243d9befd603d89b1567
"(3,1,0,0)","(3,1,0,0):iso-00004",296a05d7676f86eb249e0149373e1a3104baff834c29dbb3f1ed69e1549224b7,165,2b2347b07c6898dfcdba28965a850879c8be3a0c4c15c6d061b6b50c01d83da8
"(3,1,0,0)","(3,1,0,0):iso-00004",296a05d7676f86eb249e0149373e1a3104baff834c29dbb3f1ed69e1549224b7,165,77c6bccd9d5700a3ff434860716bee9ffcdbaaf04b930ef236b3179f636b2e43
"(3,1,0,0)","(3,1,0,0):iso-00004",296a05d7676f86eb249e0149373e1a3104baff834c29dbb3f1ed69e1549224b7,165,8811f0b5f26c3a83486c1130bba88655f179c425540f438ed24c72bd52e19253
"(3,1,0,0)","(3,1,0,0):iso-00004",296a05d7676f86eb249e0149373e1a3104baff834c29dbb3f1ed69e1549224b7,165,db5188f8fb92aedffed6800e74c2c43585a01aa4bb41782af322c95a459a429f
"(3,1,0,0)","(3,1,0,0):iso-00004",296a05d7676f86eb249e0149373e1a3104baff834c29dbb3f1ed69e1549224b7,165,8c2159f8f0eb3a27cc97ba79207f714093331e783899581ae68c73976612b4e8
"(3,1,0,0)","(3,1,0,0):iso-00004",296a05d7676f86eb249e0149373e1a3104baff834c29dbb3f1ed69e1549224b7,165,d8eea884262ee80f09805c6b8c2adb5a96fb34ddf9d73cdb866ef7541f8a8920
"(3,1,0,0)","(3,1,0,0):iso-00004",296a05d7676f86eb249e0149373e1a3104baff834c29dbb3f1ed69e1549224b7,165,cd6f8741fc916cb90b8136fe68d5da59556b81ee6dcfa25f61129c4a8421137f
"(3,1,0,0)","(3,1,0,0):iso-00004",296a05d7676f86eb249e0149373e1a3104baff834c29dbb3f1ed69e1549224b7,165,8b9eb3df93dffd9d151e285aea644c627aaedf95236b020f878a968afbc85d32
"(3,1,0,0)","(3,1,0,0):iso-00004",296a05d7676f86eb249e0149373e1a3104baff834c29dbb3f1ed69e1549224b7,165,d6e893b8525eb94ae184a8ceb41a9638c01914cc43d8520aac96415b9dba985b
"(3,1,0,0)","(3,1,0,0):iso-00004",296a05d7676f86eb249e0149373e1a3104baff834c29dbb3f1ed69e1549224b7,165,343f4ed9fd0477f9cb7ec66a382f0b5f3f8851d71ae8d8826ce09d86a4cc55bb
"(3,1,0,0)","(3,1,0,0):iso-00004",296a05d7676f86eb249e0149373e1a3104baff834c29dbb3f1ed69e1549224b7,165,f1c4ae7c182e3b179866f6bed3c6fc5886d44b066ce73a40422e574ac822d803
"(3,1,0,0)","(3,1,0,0):iso-00004",296a05d7676f86eb249e0149373e1a3104baff834c29dbb3f1ed69e1549224b7,165,44da40fd07de4441c4b146c3e2291e462f506adb5f3ee6eb83ec318ec57157e5
"(3,1,0,0)","(3,1,0,0):iso-00004",296a05d7676f86eb249e0149373e1a3104baff834c29dbb3f1ed69e1549224b7,165,6602e52e6786a1038ceefe171e494fd8aa30a1cc27ee41686ac4341d9561ff33
"(3,1,0,0)","(3,1,0,0):iso-00004",296a05d7676f86eb249e0149373e1a3104baff834c29dbb3f1ed69e1549224b7,165,4be4f6064a89e84d2faee92228cf797bfc244eacbe46389f9b56ba6e6f4be05e
"(3,1,0,0)","(3,1,0,0):iso-00004",296a05d7676f86eb249e0149373e1a3104baff834c29dbb3f1ed69e1549224b7,165,9dcf74bb2b58c9c25f53dc81e3a4bc8607079727e64bd7711d19e1d28a98b3ad
"(3,1,0,0)","(3,1,0,0):iso-00004",296a05d7676f86eb249e0149373e1a3104baff834c29dbb3f1ed69e1549224b7,165,94f503a97368aea795f824a5e2efcfc2136194f6815b34a704afd83baaa0cb22
"(3,1,0,0)","(3,1,0,0):iso-00004",296a05d7676f86eb249e0149373e1a3104baff834c29dbb3f1ed69e1549224b7,165,9151577ab53bb365b842e2b8317829b8845a8508851e870b1d216880c18c81e0
"(3,1,0,0)","(3,1,0,0):iso-00004",296a05d7676f86eb249e0149373e1a3104baff834c29dbb3f1ed69e1549224b7,165,c47980018ded7aec544a5861ccc8ae9d061275e8ef6ab0b8f69211c1a9c278d3
"(3,1,0,0)","(3,1,0,0):iso-00004",296a05d7676f86eb249e0149373e1a3104baff834c29dbb3f1ed69e1549224b7,165,499888c91f4c792bae081d4b9ad4cb4ee5f903916e25e81cf5aae4664b97516f
"(3,1,0,0)","(3,1,0,0):iso-00004",296a05d7676f86eb249e0149373e1a3104baff834c29dbb3f1ed69e1549224b7,165,22db40b4359dda9d60290b2e13b57421badbfe1757b52fea929313daa9dfcb60
"(3,1,0,0)","(3,1,0,0):iso-00004",296a05d7676f86eb249e0149373e1a3104baff834c29dbb3f1ed69e1549224b7,165,7a47c9dd7a25817820aa792d64921c4cd9ddfb6c27b647e0e24dd3be755f53e5
"(3,1,0,0)","(3,1,0,0):iso-00004",296a05d7676f86eb249e0149373e1a3104baff834c29dbb3f1ed69e1549224b7,165,23c6a3de40237b3212219eb79f878e7558cc0aedfd90817e816de2f25fb0299f
"(3,1,0,0)","(3,1,0,0):iso-00004",296a05d7676f86eb249e0149373e1a3104baff834c29dbb3f1ed69e1549224b7,165,850879cc4c982e6f12a500297ec81315c84431da582b55270bca937860fe4446
"(3,1,0,0)","(3,1,0,0):iso-00004",296a05d7676f86eb249e0149373e1a3104baff834c29dbb3f1ed69e1549224b7,165,5c441ceae8b4f180663a76329b723ecb70e260e0d8b293aab991923f701dc68c
"(3,1,0,0)","(3,1,0,0):iso-00004",296a05d7676f86eb249e0149373e1a3104baff834c29dbb3f1ed69e1549224b7,165,d7a352973fe6f50d8abb6c4bd5acc3cca8a63f8bd0c58610cb973e850ceb1443
"(3,1,0,0)","(3,1,0,0):iso-00004",296a05d7676f86eb249e0149373e1a3104baff834c29dbb3f1ed69e1549224b7,165,7a67252bc6d6c8e1ea52b809b74c11ca0bb114071a3ae1cd05d489b09fc95c6e
"(3,1,0,0)","(3,1,0,0):iso-00004",296a05d7676f86eb249e0149373e1a3104baff834c29dbb3f1ed69e1549224b7,165,5ce3569bad8d57206d013a5fc5eb2e7b6755fb04cd737c386e9673746e1b7cf2
"(3,1,0,0)","(3,1,0,0):iso-00004",296a05d7676f86eb249e0149373e1a3104baff834c29dbb3f1ed69e1549224b7,165,91af872325cfed0328e6382ece71a5c27663420f92ca542ec4f15b3efec4e364
"(3,1,0,0)","(3,1,0,0):iso-00004",296a05d7676f86eb249e0149373e1a3104baff834c29dbb3f1ed69e1549224b7,165,a4acb0065db71caace407816565c9de408fbfaa4a6451133a7d6374870f21226
"(3,1,0,0)","(3,1,0,0):iso-00004",296a05d7676f86eb249e0149373e1a3104baff834c29dbb3f1ed69e1549224b7,165,8caa892d41ac315031917de7bc0a6ab95ff69059b38651b28c83288defa8ece1
"(3,1,0,0)","(3,1,0,0):iso-00004",296a05d7676f86eb249e0149373e1a3104baff834c29dbb3f1ed69e1549224b7,165,ad44d6b5a1b32afc1c747d2d7b726b2214076bc81be272de8acfeecc8487ebb8
"(3,1,0,0)","(3,1,0,0):iso-00004",296a05d7676f86eb249e0149373e1a3104baff834c29dbb3f1ed69e1549224b7,165,dd0a69eb90826838ae3771e2d6fe9b5f32540971df48399891a98f8e14097c05
"(3,1,0,0)","(3,1,0,0):iso-00004",296a05d7676f86eb249e0149373e1a3104baff834c29dbb3f1ed69e1549224b7,165,4091015abf5c90d3afc868264c4e5f2d6f517d3b1c1788c4e6da90f8b55be2ab
"(3,1,0,0)","(3,1,0,0):iso-00004",296a05d7676f86eb249e0149373e1a3104baff834c29dbb3f1ed69e1549224b7,165,33aeb0afbbe5e0b8a7f018e20b3f7c97fbd05d136f4a10d950018a6ab9614bed
"(3,1,0,0)","(3,1,0,0):iso-00004",296a05d7676f86eb249e0149373e1a3104baff834c29dbb3f1ed69e1549224b7,165,178b0812cd8e9e2817d76285ff52d96bcea7727ef158b8467ffd3bf0bf9a3ff5
"(3,1,0,0)","(3,1,0,0):iso-00004",296a05d7676f86eb249e0149373e1a3104baff834c29dbb3f1ed69e1549224b7,165,1bd5f10a3fd8cd5310132e187a8933fee72be4a0578e8021ab37c571496b3aa3
"(3,1,0,0)","(3,1,0,0):iso-00004",296a05d7676f86eb249e0149373e1a3104baff834c29dbb3f1ed69e1549224b7,165,44d0ec051ea14f3861ed874f56038ce083bab8eb236f9a2e97b3b98032ecbc82
"(3,1,0,0)","(3,1,0,0):iso-00004",296a05d7676f86eb249e0149373e1a3104baff834c29dbb3f1ed69e1549224b7,165,632a0e16b97f959a3eea2f287ebb0a3be29a84c75beb8c113846e9052c3808ab
"(3,1,0,0)","(3,1,0,0):iso-00004",296a05d7676f86eb249e0149373e1a3104baff834c29dbb3f1ed69e1549224b7,165,bbf37032b39af18006ca806ce48023f1948a0ec2726d309369981a1016e85cce
"(3,1,0,0)","(3,1,0,0):iso-00004",296a05d7676f86eb249e0149373e1a3104baff834c29dbb3f1ed69e1549224b7,165,0fd0c4215eb8a7eb57d4c42da6c9164f8119ef35cd58c5a0b7372dab0bb7da76
"(3,1,0,0)","(3,1,0,0):iso-00004",296a05d7676f86eb249e0149373e1a3104baff834c29dbb3f1ed69e1549224b7,165,612bfae2756c5f3874d523f4bc28748766728991efb898c01710189d10ef7364
"(3,1,0,0)","(3,1,0,0):iso-00004",296a05d7676f86eb249e0149373e1a3104baff834c29dbb3f1ed69e1549224b7,165,b430aed42a056b214e71c9a4ecae00cc972a579fe85e97d920f503402e540e93
"(3,1,0,0)","(3,1,0,0):iso-00004",296a05d7676f86eb249e0149373e1a3104baff834c29dbb3f1ed69e1549224b7,165,1d6a294f8c768e25e2d77e11c7204d0b674c2e58bbc2937a34c9016a506b1fe6
"(3,1,0,0)","(3,1,0,0):iso-00004",296a05d7676f86eb249e0149373e1a3104baff834c29dbb3f1ed69e1549224b7,165,61c202bef592353e54ae002ab56ebc09245ce7f49a217cc91323ce0d15cf7dcd
"(3,1,0,0)","(3,1,0,0):iso-00004",296a05d7676f86eb249e0149373e1a3104baff834c29dbb3f1ed69e1549224b7,165,536d2e297face130df3a6101bd3f01ac0a0a5bd812585234b42c7d8aaff43d54
"(3,1,0,0)","(3,1,0,0):iso-00004",296a05d7676f86eb249e0149373e1a3104baff834c29dbb3f1ed69e1549224b7,165,fdab47681d6beb6fc2c0cd8b6c6a5002e6e5c29f2974550f726e79fb04ba2e61
"(3,1,0,0)","(3,1,0,0):iso-00004",296a05d7676f86eb249e0149373e1a3104baff834c29dbb3f1ed69e1549224b7,165,8bcf00d49e1056db458a09a4034118c1e8cbdfc1daf28ebc64d6564f2ad572d7
"(3,1,0,0)","(3,1,0,0):iso-00004",296a05d7676f86eb249e0149373e1a3104baff834c29dbb3f1ed69e1549224b7,165,aad460e7070ba2d2149bda963006eba4d2ffc7a7b13642a276c416253c7bb12b
"(3,1,0,0)","(3,1,0,0):iso-00004",296a05d7676f86eb249e0149373e1a3104baff834c29dbb3f1ed69e1549224b7,165,9092b3d071bcdbd29c9853e89f1f1535d292be26588f13c7098fc987c2f5ff55
"(3,1,0,0)","(3,1,0,0):iso-00004",296a05d7676f86eb249e0149373e1a3104baff834c29dbb3f1ed69e1549224b7,165,313d414be41db7f62218ef0ab3aa8c0fee851afa66063551544c5ff4c008b289
"(3,1,0,0)","(3,1,0,0):iso-00004",296a05d7676f86eb249e0149373e1a3104baff834c29dbb3f1ed69e1549224b7,165,7b21a54de763b301a50123e2bf49b0ae9f9650032e2179e96597e239f854d73a
"(3,1,0,0)","(3,1,0,0):iso-00004",296a05d7676f86eb249e0149373e1a3104baff834c29dbb3f1ed69e1549224b7,165,198cb80fe73205f72fd544ade82c1fd9ff6c06154dc3a433b9f369f835207385
"(3,1,0,0)","(3,1,0,0):iso-00004",296a05d7676f86eb249e0149373e1a3104baff834c29dbb3f1ed69e1549224b7,165,81e7299dd4fcfba34f24dc8a33fc0bb93ed92db04e423cf4a2bbe49d41ac1df8
"(3,1,0,0)","(3,1,0,0):iso-00004",296a05d7676f86eb249e0149373e1a3104baff834c29dbb3f1ed69e1549224b7,165,4ade65ae93a844ec727d3d3911700f2434307dc76d062fb79af870518d845917
"(3,1,0,0)","(3,1,0,0):iso-00004",296a05d7676f86eb249e0149373e1a3104baff834c29dbb3f1ed69e1549224b7,165,8744a2dee834f2eac5f7146b32f6364798fd2489b06f259873c25a80ffed975e
"(3,1,0,0)","(3,1,0,0):iso-00004",296a05d7676f86eb249e0149373e1a3104baff834c29dbb3f1ed69e1549224b7,165,bce03d946db22048eeb6810a75fd0236db86b1b4a88ce7884e3ba8ed42bc9652
"(3,1,0,0)","(3,1,0,0):iso-00004",296a05d7676f86eb249e0149373e1a3104baff834c29dbb3f1ed69e1549224b7,165,69f26d7e3692ba12126b056e69d978a187b19426fc5236da5d6c8fbb03846920
"(3,1,0,0)","(3,1,0,0):iso-00004",296a05d7676f86eb249e0149373e1a3104baff834c29dbb3f1ed69e1549224b7,165,82d65b10b2a821df8ac3888f113b4cce8b543fb7e527d390c09236b60583d652
"(3,1,0,0)","(3,1,0,0):iso-00004",296a05d7676f86eb249e0149373e1a3104baff834c29dbb3f1ed69e1549224b7,165,d443893ec77bf8c4776140489449d4eb46eec4355817bfca836ebe2f74b37ab5
"(3,1,0,0)","(3,1,0,0):iso-00004",296a05d7676f86eb249e0149373e1a3104baff834c29dbb3f1ed69e1549224b7,165,848751b97a0d1a6c566f670efa6311b5b92dc1740162118c5da4cf09e2ccec42
"(3,1,0,0)","(3,1,0,0):iso-00004",296a05d7676f86eb249e0149373e1a3104baff834c29dbb3f1ed69e1549224b7,165,c09061597ed6112ea6d4c2da47b7fab63c21a5a21ae414b2d0f756688e8d746a
"(3,1,0,0)","(3,1,0,0):iso-00004",296a05d7676f86eb249e0149373e1a3104baff834c29dbb3f1ed69e1549224b7,165,730a0b21e97612686b51992be5d0cab7dbce088541841e44ceb25522ee83346d
"(3,1,0,0)","(3,1,0,0):iso-00004",296a05d7676f86eb249e0149373e1a3104baff834c29dbb3f1ed69e1549224b7,165,3902f1088708c0ea8696a82a2f49b3407857e55f475c01cb316020a384cf0021
"(3,1,0,0)","(3,1,0,0):iso-00004",296a05d7676f86eb249e0149373e1a3104baff834c29dbb3f1ed69e1549224b7,165,e5f3a53c1ddb24cf1b22dac8afd1c865ae25d8155364236d2f126edb2d38febe
"(3,1,0,0)","(3,1,0,0):iso-00004",296a05d7676f86eb249e0149373e1a3104baff834c29dbb3f1ed69e1549224b7,165,2116fa41d57bfd1efd601442eaaeae486f267791827a1fec18550510d49c76aa
"(3,1,0,0)","(3,1,0,0):iso-00004",296a05d7676f86eb249e0149373e1a3104baff834c29dbb3f1ed69e1549224b7,165,bd64340c443c2e403210f0470e3ba1edef4ba36265360cec524109afbb50825f
"(3,1,0,0)","(3,1,0,0):iso-00004",296a05d7676f86eb249e0149373e1a3104baff834c29dbb3f1ed69e1549224b7,165,ac004944ae0a3c71374c0a6f2c9a76c6074ed6b2536837d1cc6f3ab67c750990
"(3,1,0,0)","(3,1,0,0):iso-00004",296a05d7676f86eb249e0149373e1a3104baff834c29dbb3f1ed69e1549224b7,165,46450cd0b1807fc3b7bcac2d9127e7284ec70ef18d166559b0b7cfbe341349bf
"(3,1,0,0)","(3,1,0,0):iso-00004",296a05d7676f86eb249e0149373e1a3104baff834c29dbb3f1ed69e1549224b7,165,a0391ec8f8d8a17815d04785528395ba249471ef5230a64bb6f03d26c5c08f8d
"(3,1,0,0)","(3,1,0,0):iso-00004",296a05d7676f86eb249e0149373e1a3104baff834c29dbb3f1ed69e1549224b7,165,1e92eecec333a6971a8862eb59836130440f5a8cbc0243c3b446e407665e3853
"(3,1,0,0)","(3,1,0,0):iso-00004",296a05d7676f86eb249e0149373e1a3104baff834c29dbb3f1ed69e1549224b7,165,66fec9a249faf3774239369e94845113399c08d6d121a2f6af474535954edc5e
"(3,1,0,0)","(3,1,0,0):iso-00004",296a05d7676f86eb249e0149373e1a3104baff834c29dbb3f1ed69e1549224b7,165,65f0e5bcee17ce13233b37273eba947857886a20523035f6edc3c3156570ad38
"(3,1,0,0)","(3,1,0,0):iso-00004",296a05d7676f86eb249e0149373e1a3104baff834c29dbb3f1ed69e1549224b7,165,6061bebb10ab374df1c101a44b62d64a61a4f5fbbff56bae51c8e87bdac92c33
"(3,1,0,0)","(3,1,0,0):iso-00004",296a05d7676f86eb249e0149373e1a3104baff834c29dbb3f1ed69e1549224b7,165,db238dbd23b37c17833f0b68deae3ee2d6e936b3910b5489f00db938cca6202c
"(3,1,0,0)","(3,1,0,0):iso-00004",296a05d7676f86eb249e0149373e1a3104baff834c29dbb3f1ed69e1549224b7,165,fc3b83434ccc674b3a7474585c3d9a87bd5b9acea6886ed1ad03da417af60242
"(3,1,0,0)","(3,1,0,0):iso-00004",296a05d7676f86eb249e0149373e1a3104baff834c29dbb3f1ed69e1549224b7,165,f9ce36130c53c7a95741ef91a13bb6e4baa97cac15bef255d778895b193d5079
"(3,1,0,0)","(3,1,0,0):iso-00004",296a05d7676f86eb249e0149373e1a3104baff834c29dbb3f1ed69e1549224b7,165,273bbfbc1dec4c49f49d84d3f553b11eb636cd44c3abfeda46618764513c3cc6
"(3,1,0,0)","(3,1,0,0):iso-00004",296a05d7676f86eb249e0149373e1a3104baff834c29dbb3f1ed69e1549224b7,165,48668614abc47785abfbfd70a9547f8db278736e82ee011f48512df7b5e7c882
"(3,1,0,0)","(3,1,0,0):iso-00004",296a05d7676f86eb249e0149373e1a3104baff834c29dbb3f1ed69e1549224b7,165,7117261f0c50c8c5dd842df500a1f36fd69b8313bfb575738c66307b9dee2f90
"(3,1,0,0)","(3,1,0,0):iso-00004",296a05d7676f86eb249e0149373e1a3104baff834c29dbb3f1ed69e1549224b7,165,90a2bd6d79486c218eff4973f36828342b37216812385f8f268da474527618bb
"(3,1,0,0)","(3,1,0,0):iso-00004",296a05d7676f86eb249e0149373e1a3104baff834c29dbb3f1ed69e1549224b7,165,25a1ff7e89964c3d124806ee7ce8a966c30803073a8bc89dc4fb69b830bcae4e
"(3,1,0,0)","(3,1,0,0):iso-00004",296a05d7676f86eb249e0149373e1a3104baff834c29dbb3f1ed69e1549224b7,165,9c283ccb3cc1bd3fbd9f7477c87514b3243bb6e40a25868037f3584d6b73a19d
"(3,1,0,0)","(3,1,0,0):iso-00004",296a05d7676f86eb249e0149373e1a3104baff834c29dbb3f1ed69e1549224b7,165,88d4056a2a1d4c39c1495621e7a6b31514c01d9cb4b07404bd8aded3c79c5242
"(3,1,0,0)","(3,1,0,0):iso-00004",296a05d7676f86eb249e0149373e1a3104baff834c29dbb3f1ed69e1549224b7,165,9c48dcf14ae0942b2cd6f5b1b7c70d6c9b48df265dc0ec160d312c296dd66dd1
"(3,1,0,0)","(3,1,0,0):iso-00004",296a05d7676f86eb249e0149373e1a3104baff834c29dbb3f1ed69e1549224b7,165,1bedc6ab2a55590b4da7b2d1b8b80ad00f9ad4362f8fbe0e357b0726142d5a42
"(3,1,0,0)","(3,1,0,0):iso-00004",296a05d7676f86eb249e0149373e1a3104baff834c29dbb3f1ed69e1549224b7,165,ae4d304047c4e21366cda5e6163e9e005fe0a3a84ed069f152683739d346397e
"(3,1,0,0)","(3,1,0,0):iso-00004",296a05d7676f86eb249e0149373e1a3104baff834c29dbb3f1ed69e1549224b7,165,23f0ba9473e09e13eec2eb73bbcc0449a854493b56529ffc8f637e469e8a6219
"(3,1,0,0)","(3,1,0,0):iso-00004",296a05d7676f86eb249e0149373e1a3104baff834c29dbb3f1ed69e1549224b7,165,d340c08cfee62b2f336fac00e1c8e5fdb5b72482b551d7dbbc48fff6698015ed
"(3,1,0,0)","(3,1,0,0):iso-00004",296a05d7676f86eb249e0149373e1a3104baff834c29dbb3f1ed69e1549224b7,165,bb9d1894e1a14793598844240a5df4ad850908ff518961c0afade8d720ccd3cb
"(3,1,0,0)","(3,1,0,0):iso-00004",296a05d7676f86eb249e0149373e1a3104baff834c29dbb3f1ed69e1549224b7,165,1555ae90e41bd6ae874964819988aa1988d12fe4f95f8ac65d3e6423f8d2757b
"(3,1,0,0)","(3,1,0,0):iso-00004",296a05d7676f86eb249e0149373e1a3104baff834c29dbb3f1ed69e1549224b7,165,ce3a6506ef2ee53481f322b0c8b5153bc43802c0be796d944733329110b6cf86
"(3,1,0,0)","(3,1,0,0):iso-00004",296a05d7676f86eb249e0149373e1a3104baff834c29dbb3f1ed69e1549224b7,165,1e8bde89c150f2d9facadebb2364ee6c6c124791a644e080ec50a3beee401b3d
"(3,1,0,0)","(3,1,0,0):iso-00004",296a05d7676f86eb249e0149373e1a3104baff834c29dbb3f1ed69e1549224b7,165,42735318c1e7e92c78ce44f48979d87549cc00212f82181f1b04e18cc749c322
"(3,1,0,0)","(3,1,0,0):iso-00004",296a05d7676f86eb249e0149373e1a3104baff834c29dbb3f1ed69e1549224b7,165,739a12a774aa0d49083a97d62eca8986b5ab81ab7f2a1c984096a1ba5df9cace
"(3,1,0,0)","(3,1,0,0):iso-00004",296a05d7676f86eb249e0149373e1a3104baff834c29dbb3f1ed69e1549224b7,165,5e3491ca93e35b318e44253e3095b72a06d948ca03817bd1a54e555b303f8ef7
"(3,1,0,0)","(3,1,0,0):iso-00004",296a05d7676f86eb249e0149373e1a3104baff834c29dbb3f1ed69e1549224b7,165,5ea7b677b9f4d03914aef782ad51f4c9a5562941d8368fef5c1bd7267919b73c
"(3,1,0,0)","(3,1,0,0):iso-00004",296a05d7676f86eb249e0149373e1a3104baff834c29dbb3f1ed69e1549224b7,165,60466940902674f59ae4ffc5273e42f6f376b9ae6cf5d625dd89c246faceb32d
"(3,1,0,0)","(3,1,0,0):iso-00004",296a05d7676f86eb249e0149373e1a3104baff834c29dbb3f1ed69e1549224b7,165,a307ba5e7c74e15debd951e2c27e0a8c930a4ea858aa87d1f49df4ee48aa068c
"(3,1,0,0)","(3,1,0,0):iso-00004",296a05d7676f86eb249e0149373e1a3104baff834c29dbb3f1ed69e1549224b7,165,67779df0a2d5f18fe2cb5ad7a7d92298df06a940560a9e4d5895efe55ca56beb
"(3,1,0,0)","(3,1,0,0):iso-00004",296a05d7676f86eb249e0149373e1a3104baff834c29dbb3f1ed69e1549224b7,165,7e7db37e0b4c808c556351d53ec0cc8d540b5bef75397286bbcb9cc5e8e3e56e
"(3,1,0,0)","(3,1,0,0):iso-00004",296a05d7676f86eb249e0149373e1a3104baff834c29dbb3f1ed69e1549224b7,165,3acc4f31c6b056bd8f85841dae70469e6d29882a8b101db6ca80b2cffc49965e
"(3,1,0,0)","(3,1,0,0):iso-00004",296a05d7676f86eb249e0149373e1a3104baff834c29dbb3f1ed69e1549224b7,165,14c8e333af01ae012b0ae6e62bf08bea0e85e5975af3e648aa53f8877dc45473
"(3,1,0,0)","(3,1,0,0):iso-00004",296a05d7676f86eb249e0149373e1a3104baff834c29dbb3f1ed69e1549224b7,165,fc60383814bf088a651ae5f4f54686cc92b6ad13bb991bf586d915ab6831ba01
"(3,1,0,0)","(3,1,0,0):iso-00004",296a05d7676f86eb249e0149373e1a3104baff834c29dbb3f1ed69e1549224b7,165,4e537d80d1f7dad18d77116f5dad860d76d8ac661baa9f7b641857aeeb55339c
"(3,1,0,0)","(3,1,0,0):iso-00004",296a05d7676f86eb249e0149373e1a3104baff834c29dbb3f1ed69e1549224b7,165,15e639b697a0739bddc24fec98f49568bababca40fc566832736fecdd8f457f2
"(3,1,0,0)","(3,1,0,0):iso-00004",296a05d7676f86eb249e0149373e1a3104baff834c29dbb3f1ed69e1549224b7,165,0dd9c006c7755c81056a8ef6f5cdd7b9563d27e78de590f0112995cdac313de5
"(3,1,0,0)","(3,1,0,0):iso-00004",296a05d7676f86eb249e0149373e1a3104baff834c29dbb3f1ed69e1549224b7,165,80b57e1eea508e61e39a64976362b7dd709fd0525a3c7dad13db0ad5dc13c880
"(3,1,0,0)","(3,1,0,0):iso-00004",296a05d7676f86eb249e0149373e1a3104baff834c29dbb3f1ed69e1549224b7,165,2cf8cd968cc3c46125997084de41e62303f7760805c02bb6a70b558a1f8ba30b
"(3,1,0,0)","(3,1,0,0):iso-00004",296a05d7676f86eb249e0149373e1a3104baff834c29dbb3f1ed69e1549224b7,165,b427b9e03fcc880f64badc47bfaffb404bee163671b3c1981a93041c598e7993
"(3,1,0,0)","(3,1,0,0):iso-00004",296a05d7676f86eb249e0149373e1a3104baff834c29dbb3f1ed69e1549224b7,165,079c13ceed58d369f4a9057f82a0d8348de310777ec67a65a07908f2a7b45800
"(3,1,0,0)","(3,1,0,0):iso-00004",296a05d7676f86eb249e0149373e1a3104baff834c29dbb3f1ed69e1549224b7,165,7cdb59bf36692e507b020163778870a1ba5d9f0ea4bdf5adefc82461ef4dd118
"(3,1,0,0)","(3,1,0,0):iso-00004",296a05d7676f86eb249e0149373e1a3104baff834c29dbb3f1ed69e1549224b7,165,c7edac8a5756acc5a83a92a5624bc4ae4f30301bb39e7c34a73f528c5eb45577
"(3,1,0,0)","(3,1,0,0):iso-00004",296a05d7676f86eb249e0149373e1a3104baff834c29dbb3f1ed69e1549224b7,165,f43ac10cf0f660515d93ece5aa324ec5f7c7b7aed02f09822087559d85b6938e
"(3,1,0,0)","(3,1,0,0):iso-00004",296a05d7676f86eb249e0149373e1a3104baff834c29dbb3f1ed69e1549224b7,165,795ba1ad2cb0a891e2ab0952d616796e3497edef550774b3d6f97c892ccda2b8
"(3,1,0,0)","(3,1,0,0):iso-00004",296a05d7676f86eb249e0149373e1a3104baff834c29dbb3f1ed69e1549224b7,165,76b032e5d9d41e86397757921c0e44cf842824655cef9c251c9a71637c14eed6
"(3,1,0,0)","(3,1,0,0):iso-00004",296a05d7676f86eb249e0149373e1a3104baff834c29dbb3f1ed69e1549224b7,165,fff3a172071497cceb5b331803f054d74ff31bcbc8d3a2eb256bf24025048dbc
"(3,1,0,0)","(3,1,0,0):iso-00004",296a05d7676f86eb249e0149373e1a3104baff834c29dbb3f1ed69e1549224b7,165,2cfa8a2d4e4951e393a7993bd10f97f52fd291f39ea965fcbf31759bb7bf8b41
"(3,1,0,0)","(3,1,0,0):iso-00004",296a05d7676f86eb249e0149373e1a3104baff834c29dbb3f1ed69e1549224b7,165,9d7df1207a7184fac5e8c7be67bcc7ca28d08270bc84db639bdfc6e54aeb8429
"(3,1,0,0)","(3,1,0,0):iso-00004",296a05d7676f86eb249e0149373e1a3104baff834c29dbb3f1ed69e1549224b7,165,953143fcb01ebd263118fd5f8f4f2eb1293322cc68938b31cde0d229d183d803
"(3,1,0,0)","(3,1,0,0):iso-00004",296a05d7676f86eb249e0149373e1a3104baff834c29dbb3f1ed69e1549224b7,165,67222df666b9cc4cee9bfd648a0c873877b58d86533ae9381a556de09fb08fce
"(3,1,0,0)","(3,1,0,0):iso-00004",296a05d7676f86eb249e0149373e1a3104baff834c29dbb3f1ed69e1549224b7,165,289b37cdeb05ad8959157a3a73549e7511b2e0b163a9d1a7d035f42f94f60245
"(3,1,0,0)","(3,1,0,0):iso-00004",296a05d7676f86eb249e0149373e1a3104baff834c29dbb3f1ed69e1549224b7,165,aafd802dd3777fd8d8c00c41fd590855698ddd0751e489a85674ad85e12d1afc
"(3,1,0,0)","(3,1,0,0):iso-00004",296a05d7676f86eb249e0149373e1a3104baff834c29dbb3f1ed69e1549224b7,165,b55a639d2c1e872f4c13ce6b4b8649b066215304ca34c53251a463137984ce64
"(3,1,0,0)","(3,1,0,0):iso-00004",296a05d7676f86eb249e0149373e1a3104baff834c29dbb3f1ed69e1549224b7,165,4ef3c60ea456410bd59990c9a83788259b8ae41e5a4695e82863102c8e1c183e
"(3,1,0,0)","(3,1,0,0):iso-00004",296a05d7676f86eb249e0149373e1a3104baff834c29dbb3f1ed69e1549224b7,165,324c1658437bb256552a6def6f7bafcc9c314250f0e566079616ccc416d5e842
"(3,1,0,0)","(3,1,0,0):iso-00004",296a05d7676f86eb249e0149373e1a3104baff834c29dbb3f1ed69e1549224b7,165,3defe32ba9fb69ae4cfec636655ede180059793fd6ca1066919c1d097936c60b
"(3,1,0,0)","(3,1,0,0):iso-00004",296a05d7676f86eb249e0149373e1a3104baff834c29dbb3f1ed69e1549224b7,165,7b90780d8658ec6f68d3112f48e1166dc0a0c9c76bf47e5c727804b76003bc56
"(3,1,0,0)","(3,1,0,0):iso-00004",296a05d7676f86eb249e0149373e1a3104baff834c29dbb3f1ed69e1549224b7,165,37d1c879947d711df4553217c3c680ffd56d1cf097683bdb224de5ee92910392
"(3,1,0,0)","(3,1,0,0):iso-00004",296a05d7676f86eb249e0149373e1a3104baff834c29dbb3f1ed69e1549224b7,165,888abe212310ec3a2eb6ed69ca558bf5671b96941a0f26c74c00f1988b3abf94
"(3,1,0,0)","(3,1,0,0):iso-00004",296a05d7676f86eb249e0149373e1a3104baff834c29dbb3f1ed69e1549224b7,165,72fdce35b803dd55b9787df5a1d15a1369fd56485e86e57c5b24da6713f2ac0f
"(3,1,0,0)","(3,1,0,0):iso-00004",296a05d7676f86eb249e0149373e1a3104baff834c29dbb3f1ed69e1549224b7,165,1b2bc060c06699932aaa3d032c6c4298713747349e9925ac49deb33bdcd75c4b
"(3,1,0,0)","(3,1,0,0):iso-00004",296a05d7676f86eb249e0149373e1a3104baff834c29dbb3f1ed69e1549224b7,165,7c760297d588051680a4b19e4cfb92f85b86729e7e3556226ba3404c75ba7ae6
"(3,1,0,0)","(3,1,0,0):iso-00004",296a05d7676f86eb249e0149373e1a3104baff834c29dbb3f1ed69e1549224b7,165,e0e9ab7b72a9a78582da308b693f5e3c1aba10baf851b7e9a56aea544b401f85
"(3,1,0,0)","(3,1,0,0):iso-00004",296a05d7676f86eb249e0149373e1a3104baff834c29dbb3f1ed69e1549224b7,165,0321b654e1a95a2a90bddeca2e6b8ab272a3fd8fc7378650bd07240f0f8e495d
"(3,1,0,0)","(3,1,0,0):iso-00004",296a05d7676f86eb249e0149373e1a3104baff834c29dbb3f1ed69e1549224b7,165,f5164f03aac0b17c8196d2f686e082eaed76c44d8ddb8a6205c556e90ec21e79
"(3,1,0,0)","(3,1,0,0):iso-00004",296a05d7676f86eb249e0149373e1a3104baff834c29dbb3f1ed69e1549224b7,165,035a5201441fb168c82994cc2c50bdaba56f0ca1fb36d3d107859edc9ea56062
"(3,1,0,0)","(3,1,0,0):iso-00004",296a05d7676f86eb249e0149373e1a3104baff834c29dbb3f1ed69e1549224b7,165,5092c11dd6e124a134b7897d8dac4fc294b4de2807f1569a602d102f3eb6887c
"(3,1,0,0)","(3,1,0,0):iso-00004",296a05d7676f86eb249e0149373e1a3104baff834c29dbb3f1ed69e1549224b7,165,1fa430d34c4cc038bd1cf1a121f4500461c5aefaa7067cc76d0fa0fd924f99eb
"(3,1,0,0)","(3,1,0,0):iso-00004",296a05d7676f86eb249e0149373e1a3104baff834c29dbb3f1ed69e1549224b7,165,c63feaccf413aa7230d77cc3e23e9813890d49eb45efce02cc23af796d3b7729
"(3,1,0,0)","(3,1,0,0):iso-00004",296a05d7676f86eb249e0149373e1a3104baff834c29dbb3f1ed69e1549224b7,165,3f1f90a57e667aef36246f3246c71c4d2dcb09cb4dd0b69444ccfec42412f5bb
"(3,1,0,0)","(3,1,0,0):iso-00004",296a05d7676f86eb249e0149373e1a3104baff834c29dbb3f1ed69e1549224b7,165,b951ed46b1349b441a70b28886890de50f49f6a05e355cd36390aad94e0f49ea
"(3,1,0,0)","(3,1,0,0):iso-00005",a9a8c10b75308e16f422ae578a1804702e3e980e227ae9355e940b1da5f30805,133,a9a8c10b75308e16f422ae578a1804702e3e980e227ae9355e940b1da5f30805
"(3,1,0,0)","(3,1,0,0):iso-00005",a9a8c10b75308e16f422ae578a1804702e3e980e227ae9355e940b1da5f30805,133,a63bf08b7fe33e228e12f6a6ed99a50a47fdae2966689cd744b3c8bcebe4a0cb
"(3,1,0,0)","(3,1,0,0):iso-00005",a9a8c10b75308e16f422ae578a1804702e3e980e227ae9355e940b1da5f30805,133,f454e32a5c33788db720e18a4ad9a354c2aa4c2b9dc5e4334209f89958a03bbe
"(3,1,0,0)","(3,1,0,0):iso-00005",a9a8c10b75308e16f422ae578a1804702e3e980e227ae9355e940b1da5f30805,133,4706746506cba2d2a90e49ba1ce9338f025a77706e7a4eacef0548250a1ccbb1
"(3,1,0,0)","(3,1,0,0):iso-00005",a9a8c10b75308e16f422ae578a1804702e3e980e227ae9355e940b1da5f30805,133,c06e939aca8df39f61600d06892bc7cea464bc9236dacc049134c9a094a5f3c1
"(3,1,0,0)","(3,1,0,0):iso-00005",a9a8c10b75308e16f422ae578a1804702e3e980e227ae9355e940b1da5f30805,133,ce376922f409c22b77a11078cf28ee3d42918775735acf1f0b28c8b51b2f4257
"(3,1,0,0)","(3,1,0,0):iso-00005",a9a8c10b75308e16f422ae578a1804702e3e980e227ae9355e940b1da5f30805,133,52c493ad8a65168cb93c6b4964f872c62d35286d0118a0b72c547140ef1815bd
"(3,1,0,0)","(3,1,0,0):iso-00005",a9a8c10b75308e16f422ae578a1804702e3e980e227ae9355e940b1da5f30805,133,0dfba12ef776c081349f66247e4d34dbb4a05a8d31257c247d3e498c2da8aabd
"(3,1,0,0)","(3,1,0,0):iso-00005",a9a8c10b75308e16f422ae578a1804702e3e980e227ae9355e940b1da5f30805,133,9ea804a488de992b6ad84219ce2f8b94026ee3586c29e219afbde267ca1ce58f
"(3,1,0,0)","(3,1,0,0):iso-00005",a9a8c10b75308e16f422ae578a1804702e3e980e227ae9355e940b1da5f30805,133,c0cafe7250e1675a222667918d29427d532ce7f20f272bfabd85e0cdb357d611
"(3,1,0,0)","(3,1,0,0):iso-00005",a9a8c10b75308e16f422ae578a1804702e3e980e227ae9355e940b1da5f30805,133,a31fe4f2743c7e3f5483e051a8eb2b28d558385a9f23720b97abf88cb46984e7
"(3,1,0,0)","(3,1,0,0):iso-00005",a9a8c10b75308e16f422ae578a1804702e3e980e227ae9355e940b1da5f30805,133,ec57c5e8896c6837e332fdc672a5496705f6407afeebf0f3cb26fe64e79555db
"(3,1,0,0)","(3,1,0,0):iso-00005",a9a8c10b75308e16f422ae578a1804702e3e980e227ae9355e940b1da5f30805,133,037ef6809451905ade185d6abd76e7cd152a1eb8ffcf8412bd5812c4b20550ff
"(3,1,0,0)","(3,1,0,0):iso-00005",a9a8c10b75308e16f422ae578a1804702e3e980e227ae9355e940b1da5f30805,133,47e33ee8f8179ce544011122c46b13f6c8a40beed73f58431d08779769d8c84e
"(3,1,0,0)","(3,1,0,0):iso-00005",a9a8c10b75308e16f422ae578a1804702e3e980e227ae9355e940b1da5f30805,133,9db5d68a88c2008d91f35d03ab5937b4996b035b55b5b8f9101d316ebee85d7d
"(3,1,0,0)","(3,1,0,0):iso-00005",a9a8c10b75308e16f422ae578a1804702e3e980e227ae9355e940b1da5f30805,133,b2819b109918be7ddf5c88ed0b074a2c445baea8c9784476a2a8e734f14d90d6
"(3,1,0,0)","(3,1,0,0):iso-00005",a9a8c10b75308e16f422ae578a1804702e3e980e227ae9355e940b1da5f30805,133,6f4cadd7d06a89186a748ef7fcd25fc64d0d344bb93cec5d21f737766b4b948e
"(3,1,0,0)","(3,1,0,0):iso-00005",a9a8c10b75308e16f422ae578a1804702e3e980e227ae9355e940b1da5f30805,133,a970d6e3892e36dc93f3c0747cf1933112286a7cb340c0c76b4fc1c7294b79eb
"(3,1,0,0)","(3,1,0,0):iso-00005",a9a8c10b75308e16f422ae578a1804702e3e980e227ae9355e940b1da5f30805,133,4f9563f7229b8c751750f24010448cdbe7d19baf5abe3529afa1ca2fc6753ebe
"(3,1,0,0)","(3,1,0,0):iso-00005",a9a8c10b75308e16f422ae578a1804702e3e980e227ae9355e940b1da5f30805,133,59ae64242d7e58f504832d0c028e6e93e2a6cb9a8c8a7d854011960c73e8e00a
"(3,1,0,0)","(3,1,0,0):iso-00005",a9a8c10b75308e16f422ae578a1804702e3e980e227ae9355e940b1da5f30805,133,7649494e72510e7b9f4b5dd6d379e805f76e55cef8d4221cd4f679cb27e09daa
"(3,1,0,0)","(3,1,0,0):iso-00005",a9a8c10b75308e16f422ae578a1804702e3e980e227ae9355e940b1da5f30805,133,6e96c4c03ac0a3500ff669467a2b92d8d530b4bc2e17c9f92309c47491f95305
"(3,1,0,0)","(3,1,0,0):iso-00005",a9a8c10b75308e16f422ae578a1804702e3e980e227ae9355e940b1da5f30805,133,afa3764a1e8bfe4c696bfd23dba3e451c61f8753a2025f551cadc1e30c47b7f5
"(3,1,0,0)","(3,1,0,0):iso-00005",a9a8c10b75308e16f422ae578a1804702e3e980e227ae9355e940b1da5f30805,133,a28c5f8721e5c6fb4d1527893c8756f408db83b23f145302ed693e7fe0f5830a
"(3,1,0,0)","(3,1,0,0):iso-00005",a9a8c10b75308e16f422ae578a1804702e3e980e227ae9355e940b1da5f30805,133,6de1f4e6a911cf04d31d15ed5e56affa888728374fa484169a56d84a14137f1f
"(3,1,0,0)","(3,1,0,0):iso-00005",a9a8c10b75308e16f422ae578a1804702e3e980e227ae9355e940b1da5f30805,133,9fa116a97afba094ed8d1f58f00be9947493cde5b9d54e93b9d197923edfa152
"(3,1,0,0)","(3,1,0,0):iso-00005",a9a8c10b75308e16f422ae578a1804702e3e980e227ae9355e940b1da5f30805,133,75e716aa6fb6e5035302558a8b098eeb3fcdcac96fbe423f238eebcb7257f0e0
"(3,1,0,0)","(3,1,0,0):iso-00005",a9a8c10b75308e16f422ae578a1804702e3e980e227ae9355e940b1da5f30805,133,53cf6e11407629fae5195647e9e69c820ea9e255d4fb8539e1c92ae068e9153e
"(3,1,0,0)","(3,1,0,0):iso-00005",a9a8c10b75308e16f422ae578a1804702e3e980e227ae9355e940b1da5f30805,133,3e5023bfb9083e40e72271802c33b0c93b692efdb53315933c2ca41cf175925d
"(3,1,0,0)","(3,1,0,0):iso-00005",a9a8c10b75308e16f422ae578a1804702e3e980e227ae9355e940b1da5f30805,133,0f724f0e1bd5961ceb8fbe061b73b21bcf6f838b343dea687a3615284216ef2c
"(3,1,0,0)","(3,1,0,0):iso-00005",a9a8c10b75308e16f422ae578a1804702e3e980e227ae9355e940b1da5f30805,133,d05414f6ea78a6a65926073d8b0f37a7a2eb3e5fe73616d446ba2038ca63d793
"(3,1,0,0)","(3,1,0,0):iso-00005",a9a8c10b75308e16f422ae578a1804702e3e980e227ae9355e940b1da5f30805,133,26293f1b9c12bcf8fd656aeb63af850886abe20ade24b6415e66d3ac1a07b4e7
"(3,1,0,0)","(3,1,0,0):iso-00005",a9a8c10b75308e16f422ae578a1804702e3e980e227ae9355e940b1da5f30805,133,4eb943ee5aa0051ccaee74a8d0a54d77bbdead6ad9049a7e62e4bfc29659a1bd
"(3,1,0,0)","(3,1,0,0):iso-00005",a9a8c10b75308e16f422ae578a1804702e3e980e227ae9355e940b1da5f30805,133,937e40ed681b5ad44bff5c8f506a3fce414fc541a0f4ca8ae2a674cd426a72b3
"(3,1,0,0)","(3,1,0,0):iso-00005",a9a8c10b75308e16f422ae578a1804702e3e980e227ae9355e940b1da5f30805,133,348f79d7c87eb8e84b171f7957dc6141dac341191856219e29c78b5b7b873ea4
"(3,1,0,0)","(3,1,0,0):iso-00005",a9a8c10b75308e16f422ae578a1804702e3e980e227ae9355e940b1da5f30805,133,e9355f3aef78cf8e90dc647330e23b79e4a8f4332deb905734166d6fb59de49a
"(3,1,0,0)","(3,1,0,0):iso-00005",a9a8c10b75308e16f422ae578a1804702e3e980e227ae9355e940b1da5f30805,133,e77f38096b42cfce65af68701882acea78325d957da700519bd338dc7c30d941
"(3,1,0,0)","(3,1,0,0):iso-00005",a9a8c10b75308e16f422ae578a1804702e3e980e227ae9355e940b1da5f30805,133,387ee8767315f53842dbbc5ecd2a2321c892951e00ab34f8042e5345f4bb1900
"(3,1,0,0)","(3,1,0,0):iso-00005",a9a8c10b75308e16f422ae578a1804702e3e980e227ae9355e940b1da5f30805,133,96791078094a98b70c66e74ce3d2cdbd5544af345020d181bfbf1c48c3695088
"(3,1,0,0)","(3,1,0,0):iso-00005",a9a8c10b75308e16f422ae578a1804702e3e980e227ae9355e940b1da5f30805,133,4ea18854fa3041b57fb2bee463fb1edcf8224f1007c2d1808304d126495c5d50
"(3,1,0,0)","(3,1,0,0):iso-00005",a9a8c10b75308e16f422ae578a1804702e3e980e227ae9355e940b1da5f30805,133,0103fabdf1fcdb1157cf424eb0727fb9048a882d907ff84b739da74afc5c9509
"(3,1,0,0)","(3,1,0,0):iso-00005",a9a8c10b75308e16f422ae578a1804702e3e980e227ae9355e940b1da5f30805,133,77c1cd8aea42ce160e2acbbd37d498c1892caf07da88f22e7ffcfcf4dde311ce
"(3,1,0,0)","(3,1,0,0):iso-00005",a9a8c10b75308e16f422ae578a1804702e3e980e227ae9355e940b1da5f30805,133,0911269bd5e75f67da7239cad400a403100561c5b9b6aef00552f65e0cfdb528
"(3,1,0,0)","(3,1,0,0):iso-00005",a9a8c10b75308e16f422ae578a1804702e3e980e227ae9355e940b1da5f30805,133,1e916d49ae70c04a622c4fd3fe99b355c0ac14aa69a8f8b2710d49fe27f201ec
"(3,1,0,0)","(3,1,0,0):iso-00005",a9a8c10b75308e16f422ae578a1804702e3e980e227ae9355e940b1da5f30805,133,2fdf7e7d638b2ab5bfa2ed81c11dfdd9e5f2c5c693458e0fdb2be5eccce404d2
"(3,1,0,0)","(3,1,0,0):iso-00005",a9a8c10b75308e16f422ae578a1804702e3e980e227ae9355e940b1da5f30805,133,9ec6759350ec8b892348bed807f9cf86f5b81df52c1472c7ae507c6c4c58dbe1
"(3,1,0,0)","(3,1,0,0):iso-00005",a9a8c10b75308e16f422ae578a1804702e3e980e227ae9355e940b1da5f30805,133,27e5e06ee810ea0843255f3f9af951b56979cbd75f0a85bc999ebf2484449aa7
"(3,1,0,0)","(3,1,0,0):iso-00005",a9a8c10b75308e16f422ae578a1804702e3e980e227ae9355e940b1da5f30805,133,460e9b74722992f5c8ddbcf7606e719898173f09bc22ee23cf392cf575420671
"(3,1,0,0)","(3,1,0,0):iso-00005",a9a8c10b75308e16f422ae578a1804702e3e980e227ae9355e940b1da5f30805,133,b1f52e545c44a6865a14acac076f317ba3495d8a40ab047d7b9f97cb7709132d
"(3,1,0,0)","(3,1,0,0):iso-00005",a9a8c10b75308e16f422ae578a1804702e3e980e227ae9355e940b1da5f30805,133,8069759331faed95b618836f13e0bdf169cf26540bb369d6e4d5caf92e79b35f
"(3,1,0,0)","(3,1,0,0):iso-00005",a9a8c10b75308e16f422ae578a1804702e3e980e227ae9355e940b1da5f30805,133,0c04b57f754f1e69f4c8b0912e4cc398b2902b34cc616678f88c044a6f3ae968
"(3,1,0,0)","(3,1,0,0):iso-00005",a9a8c10b75308e16f422ae578a1804702e3e980e227ae9355e940b1da5f30805,133,18b82fc6d1ee480d136880e4b606a9583c37237b09b393b8a1bff46f50b36d38
"(3,1,0,0)","(3,1,0,0):iso-00005",a9a8c10b75308e16f422ae578a1804702e3e980e227ae9355e940b1da5f30805,133,7f4efcfd7bffebcd8b095c2f57aa7ff6a27615b578aa4335f514b93c1e8c2258
"(3,1,0,0)","(3,1,0,0):iso-00005",a9a8c10b75308e16f422ae578a1804702e3e980e227ae9355e940b1da5f30805,133,c02c7e8aa6ba2d5166822fb72d7dc0959b0406a1ef59e8ed36a026d6223c6ff6
"(3,1,0,0)","(3,1,0,0):iso-00005",a9a8c10b75308e16f422ae578a1804702e3e980e227ae9355e940b1da5f30805,133,ed52462c3260319656c3d82dcb6aaeefe914e932ef2bfdf8b15b45bb99af5b7d
"(3,1,0,0)","(3,1,0,0):iso-00005",a9a8c10b75308e16f422ae578a1804702e3e980e227ae9355e940b1da5f30805,133,1b6aa2d7b8bfeb0b1dafb7c58beb20244112f938303906e7ef9ff69118973c20
"(3,1,0,0)","(3,1,0,0):iso-00005",a9a8c10b75308e16f422ae578a1804702e3e980e227ae9355e940b1da5f30805,133,c33e888421cfc800bb88ea36e9fce0cf5aed6ab87df95fc4c4b77a7986da4731
"(3,1,0,0)","(3,1,0,0):iso-00005",a9a8c10b75308e16f422ae578a1804702e3e980e227ae9355e940b1da5f30805,133,75dd662286dc0b9fc326e376a4884c5df0a980e0e7a6cb1355ea17e64e3e8b3a
"(3,1,0,0)","(3,1,0,0):iso-00005",a9a8c10b75308e16f422ae578a1804702e3e980e227ae9355e940b1da5f30805,133,f044bd509ad501ecd5db247705f2e91b18bc56618e8ea076e4f2961465c835a1
"(3,1,0,0)","(3,1,0,0):iso-00005",a9a8c10b75308e16f422ae578a1804702e3e980e227ae9355e940b1da5f30805,133,7d676178c3c70c4960bce5a7352830f7234db50819e8abc40069d49ceffd9c4a
"(3,1,0,0)","(3,1,0,0):iso-00005",a9a8c10b75308e16f422ae578a1804702e3e980e227ae9355e940b1da5f30805,133,f67826272c0b2d0477d44818f8ecd7be2ef46044a7ea41accde86b44ee5bcc5b
"(3,1,0,0)","(3,1,0,0):iso-00005",a9a8c10b75308e16f422ae578a1804702e3e980e227ae9355e940b1da5f30805,133,2851292a39be507b79cde71d5a603c3b0dda5a52f69287709d2277ca3d6c25d4
"(3,1,0,0)","(3,1,0,0):iso-00005",a9a8c10b75308e16f422ae578a1804702e3e980e227ae9355e940b1da5f30805,133,3146d099005ab9af20916657a3720b37f8de1f225f54e211ad19a01e0b289b91
"(3,1,0,0)","(3,1,0,0):iso-00005",a9a8c10b75308e16f422ae578a1804702e3e980e227ae9355e940b1da5f30805,133,d491b7b618b0ba1865d317ff8d1d6e2105ac67442c17c7a508fc6b63ad4eac3f
"(3,1,0,0)","(3,1,0,0):iso-00005",a9a8c10b75308e16f422ae578a1804702e3e980e227ae9355e940b1da5f30805,133,2a5362c0df8e9469a6c91faad73186cc0b3f83297b3fabb5da66938aded7f1be
"(3,1,0,0)","(3,1,0,0):iso-00005",a9a8c10b75308e16f422ae578a1804702e3e980e227ae9355e940b1da5f30805,133,791e68f33003b8f08b9aa752daec0c8342e7ba865907430e668c2f11cdae1ae1
"(3,1,0,0)","(3,1,0,0):iso-00005",a9a8c10b75308e16f422ae578a1804702e3e980e227ae9355e940b1da5f30805,133,36e9a7a26d8c9a8d6c22e8d1619e14be10f2ef02412ee2cab2cfa021b1441744
"(3,1,0,0)","(3,1,0,0):iso-00005",a9a8c10b75308e16f422ae578a1804702e3e980e227ae9355e940b1da5f30805,133,70c8de0815d31210eba3eea3e4e1c3fe1539f9301a19e18367b9b52df7662941
"(3,1,0,0)","(3,1,0,0):iso-00005",a9a8c10b75308e16f422ae578a1804702e3e980e227ae9355e940b1da5f30805,133,ea97f608954f96c772838fa355b92090ca76782161d02b3a65cdb98ba0c229e6
"(3,1,0,0)","(3,1,0,0):iso-00005",a9a8c10b75308e16f422ae578a1804702e3e980e227ae9355e940b1da5f30805,133,5fa5a8996ae7bded9682c3d956dfa47485b9b6554764f6c82f573dfc593a1e94
"(3,1,0,0)","(3,1,0,0):iso-00005",a9a8c10b75308e16f422ae578a1804702e3e980e227ae9355e940b1da5f30805,133,73af92105ed5f354a4ad7f46f8f33c2b8c9a89dd20748156e43bc0bfbe4eed28
"(3,1,0,0)","(3,1,0,0):iso-00005",a9a8c10b75308e16f422ae578a1804702e3e980e227ae9355e940b1da5f30805,133,16b281036d3459953194585bb83407e0187e5b0b13c92e6b161b67c168b2e991
"(3,1,0,0)","(3,1,0,0):iso-00005",a9a8c10b75308e16f422ae578a1804702e3e980e227ae9355e940b1da5f30805,133,31801c58f4622d384e54b3cdf6908a46e67cba8177c3e41944b389e35081102c
"(3,1,0,0)","(3,1,0,0):iso-00005",a9a8c10b75308e16f422ae578a1804702e3e980e227ae9355e940b1da5f30805,133,c21001b5d821815df7e848d77fa3c15602ed112ced7b43cc9bb6ef00ec7eb798
"(3,1,0,0)","(3,1,0,0):iso-00005",a9a8c10b75308e16f422ae578a1804702e3e980e227ae9355e940b1da5f30805,133,adde21ede39bbdff9b6a4a57dbccd285e344757ce923754b8eec7ae5e834ad25
"(3,1,0,0)","(3,1,0,0):iso-00005",a9a8c10b75308e16f422ae578a1804702e3e980e227ae9355e940b1da5f30805,133,76d0d8085f41ef1623bbc4eb17c27304a45929cf59058d20514e99b88dbee645
"(3,1,0,0)","(3,1,0,0):iso-00005",a9a8c10b75308e16f422ae578a1804702e3e980e227ae9355e940b1da5f30805,133,abfcc3f9a1206097f495e0575cc84c44466732b1b5307e4bb326c67cdc85b353
"(3,1,0,0)","(3,1,0,0):iso-00005",a9a8c10b75308e16f422ae578a1804702e3e980e227ae9355e940b1da5f30805,133,b7bd3b237b988c6cd9d3700ac03313bb219b15421f558d87ca3c232b4c8e4239
"(3,1,0,0)","(3,1,0,0):iso-00005",a9a8c10b75308e16f422ae578a1804702e3e980e227ae9355e940b1da5f30805,133,7f298d8af0828c0d3e44cd4391f21304e33c7ef50a86bd7c9353302436c2372b
"(3,1,0,0)","(3,1,0,0):iso-00005",a9a8c10b75308e16f422ae578a1804702e3e980e227ae9355e940b1da5f30805,133,6687cdc9a3fb3aef0ce8146d4bb1a4ccf686c16b5ed0e917915df282cbffa600
"(3,1,0,0)","(3,1,0,0):iso-00005",a9a8c10b75308e16f422ae578a1804702e3e980e227ae9355e940b1da5f30805,133,7c77d9088353771a9933197255733485dab3fb3f5b8b22dbde4cd50e24bc90b3
"(3,1,0,0)","(3,1,0,0):iso-00005",a9a8c10b75308e16f422ae578a1804702e3e980e227ae9355e940b1da5f30805,133,ae9e022294d9792516a955dbbfd0024fca6f3031268a4dcf51d99ca3e623701d
"(3,1,0,0)","(3,1,0,0):iso-00005",a9a8c10b75308e16f422ae578a1804702e3e980e227ae9355e940b1da5f30805,133,2d2d48a77e039b22e53c9c3ac92c1217ccf9759c1fe13c3842188c90f2f16c38
"(3,1,0,0)","(3,1,0,0):iso-00005",a9a8c10b75308e16f422ae578a1804702e3e980e227ae9355e940b1da5f30805,133,bf381f686db808b5206c5126864c531aac14f7b16d4d123807db4c26f2f9fe8c
"(3,1,0,0)","(3,1,0,0):iso-00005",a9a8c10b75308e16f422ae578a1804702e3e980e227ae9355e940b1da5f30805,133,8a297f3d556196cab38013ec3f513eb4ab74ed6697a7bd54db251a7d3b1b9867
"(3,1,0,0)","(3,1,0,0):iso-00005",a9a8c10b75308e16f422ae578a1804702e3e980e227ae9355e940b1da5f30805,133,6a1d9bcd9f26d4011f3979f87cf2711a0c3ede63ef92ec3adab3331407676647
"(3,1,0,0)","(3,1,0,0):iso-00005",a9a8c10b75308e16f422ae578a1804702e3e980e227ae9355e940b1da5f30805,133,99e407485e95e5dfc66eee5f7693fadc57d690be251331b0ac6b945356ce0536
"(3,1,0,0)","(3,1,0,0):iso-00005",a9a8c10b75308e16f422ae578a1804702e3e980e227ae9355e940b1da5f30805,133,3e5306c6b7fc9a51cb238328e38c9cddef92f8dffd18314c6d39828a0786165c
"(3,1,0,0)","(3,1,0,0):iso-00005",a9a8c10b75308e16f422ae578a1804702e3e980e227ae9355e940b1da5f30805,133,0c8412bba54e32f5ccdd9e903298b193106e06e62c5264079298c8c826a5be91
"(3,1,0,0)","(3,1,0,0):iso-00005",a9a8c10b75308e16f422ae578a1804702e3e980e227ae9355e940b1da5f30805,133,e9769dca0237da35d4c94dec496eb98854b34c8e28d373ff78c6c8238927810b
"(3,1,0,0)","(3,1,0,0):iso-00005",a9a8c10b75308e16f422ae578a1804702e3e980e227ae9355e940b1da5f30805,133,9fcfaf770577a58dbf6239119b4c46254ed6a9b27695492d4ed58f9193bee4b9
"(3,1,0,0)","(3,1,0,0):iso-00005",a9a8c10b75308e16f422ae578a1804702e3e980e227ae9355e940b1da5f30805,133,59c8ce43b47e856c074ecc89cc43b30ebc23e2a0017f5aa9c037464666929517
"(3,1,0,0)","(3,1,0,0):iso-00005",a9a8c10b75308e16f422ae578a1804702e3e980e227ae9355e940b1da5f30805,133,64fceb6c01ca4032a9f2764bc36af0ea0c804ec14a15adc42ddd8e293acb20db
"(3,1,0,0)","(3,1,0,0):iso-00005",a9a8c10b75308e16f422ae578a1804702e3e980e227ae9355e940b1da5f30805,133,b4996dfdf4096e49b4e4354abc977346a0fa85cc3a9b642c9425e337b6f687d2
"(3,1,0,0)","(3,1,0,0):iso-00005",a9a8c10b75308e16f422ae578a1804702e3e980e227ae9355e940b1da5f30805,133,6d67b2ffaeb0436b92a5f800285b147442f8e08e1296dacb11abc8fd1b3debc6
"(3,1,0,0)","(3,1,0,0):iso-00005",a9a8c10b75308e16f422ae578a1804702e3e980e227ae9355e940b1da5f30805,133,a1eee358697aae8886cbb99d5e3f1b88f4d8700d3e6c6697e1d71dca3d6f4427
"(3,1,0,0)","(3,1,0,0):iso-00005",a9a8c10b75308e16f422ae578a1804702e3e980e227ae9355e940b1da5f30805,133,895e17678096feb808ee8cb2dad6e00ae9aa0bb60298f3987c0c0c63b940acdc
"(3,1,0,0)","(3,1,0,0):iso-00005",a9a8c10b75308e16f422ae578a1804702e3e980e227ae9355e940b1da5f30805,133,69b46686676c7073cf7870057e2a8bce35d015044ae4d858f0bb26af7003c4c4
"(3,1,0,0)","(3,1,0,0):iso-00005",a9a8c10b75308e16f422ae578a1804702e3e980e227ae9355e940b1da5f30805,133,e2a7ff93094ceb7f4ef199d596957f3d241873683ec26a23cca794123ecf65ed
"(3,1,0,0)","(3,1,0,0):iso-00005",a9a8c10b75308e16f422ae578a1804702e3e980e227ae9355e940b1da5f30805,133,7679095702614823c854168afc428c4684901ead11cab32855cc64b2c86608e8
"(3,1,0,0)","(3,1,0,0):iso-00005",a9a8c10b75308e16f422ae578a1804702e3e980e227ae9355e940b1da5f30805,133,61d83abbee0375ef22040776654f7ab3486fbfd6d0eda2a5335bb32dd2baea62
"(3,1,0,0)","(3,1,0,0):iso-00005",a9a8c10b75308e16f422ae578a1804702e3e980e227ae9355e940b1da5f30805,133,2f1af460dec28cbfaad5f194123b3eb3b752efa665b74ae70caaa331035cd671
"(3,1,0,0)","(3,1,0,0):iso-00005",a9a8c10b75308e16f422ae578a1804702e3e980e227ae9355e940b1da5f30805,133,e2298820d4828e9975d6cee9147bcf473b4230a99cb079c354f441f984773f59
"(3,1,0,0)","(3,1,0,0):iso-00005",a9a8c10b75308e16f422ae578a1804702e3e980e227ae9355e940b1da5f30805,133,3550449ed8f7108df262ca11592bdd65de40a1c6859cdc2d22ac4d35b4098029
"(3,1,0,0)","(3,1,0,0):iso-00005",a9a8c10b75308e16f422ae578a1804702e3e980e227ae9355e940b1da5f30805,133,dae0c93517358a639da41f45a5b352087a905f487625869619b967ebd4464d9e
"(3,1,0,0)","(3,1,0,0):iso-00005",a9a8c10b75308e16f422ae578a1804702e3e980e227ae9355e940b1da5f30805,133,6cc6814d7fe6de935f4384683abebccb493606188e67c2741be8cd19be2a93d3
"(3,1,0,0)","(3,1,0,0):iso-00005",a9a8c10b75308e16f422ae578a1804702e3e980e227ae9355e940b1da5f30805,133,249fb549725fa7a1507b53633feaf407959a8a28b889285caf494fee66bd5a44
"(3,1,0,0)","(3,1,0,0):iso-00005",a9a8c10b75308e16f422ae578a1804702e3e980e227ae9355e940b1da5f30805,133,da7a703dc7b3d3864071d39d11e2b183022a736c35017d0e7c226eeb2d2aad6d
"(3,1,0,0)","(3,1,0,0):iso-00005",a9a8c10b75308e16f422ae578a1804702e3e980e227ae9355e940b1da5f30805,133,0c17c80e6b170e50dc0251ad28e07a7ad6c8651376e3903721fd06e4db2c23f6
"(3,1,0,0)","(3,1,0,0):iso-00005",a9a8c10b75308e16f422ae578a1804702e3e980e227ae9355e940b1da5f30805,133,ddf37000ee0ea3294970555fbbe01dc75009827326501b97d6d6a0dca0796399
"(3,1,0,0)","(3,1,0,0):iso-00005",a9a8c10b75308e16f422ae578a1804702e3e980e227ae9355e940b1da5f30805,133,3846014d1871ae7b67e3e959bd2de16850115f937f656edd32d84166f9ab32c3
"(3,1,0,0)","(3,1,0,0):iso-00005",a9a8c10b75308e16f422ae578a1804702e3e980e227ae9355e940b1da5f30805,133,fb38239995148b775d2fb0379a1e1c677a09810f94f41e59782260fd706885dc
"(3,1,0,0)","(3,1,0,0):iso-00005",a9a8c10b75308e16f422ae578a1804702e3e980e227ae9355e940b1da5f30805,133,ad2a4380527b12d9f1e82fb9770f801ced286717ebf578ec553a569250d9bd91
"(3,1,0,0)","(3,1,0,0):iso-00005",a9a8c10b75308e16f422ae578a1804702e3e980e227ae9355e940b1da5f30805,133,6fa9720c89f40f6533badec2e43357a6a17166449c297cb3c8a9af57150c23eb
"(3,1,0,0)","(3,1,0,0):iso-00005",a9a8c10b75308e16f422ae578a1804702e3e980e227ae9355e940b1da5f30805,133,96fdc72321311cab74d1e1f1a327fde54e30018c1887fe80995576f2545b900b
"(3,1,0,0)","(3,1,0,0):iso-00005",a9a8c10b75308e16f422ae578a1804702e3e980e227ae9355e940b1da5f30805,133,01fa823b0bac7b5992c9f14a43fb1818f12b059b429f5bd765c0f66dfdeef8a9
"(3,1,0,0)","(3,1,0,0):iso-00005",a9a8c10b75308e16f422ae578a1804702e3e980e227ae9355e940b1da5f30805,133,748f681827fdae7a0659b192563070f34a5917d17a1287b9e275eb55c539c52c
"(3,1,0,0)","(3,1,0,0):iso-00005",a9a8c10b75308e16f422ae578a1804702e3e980e227ae9355e940b1da5f30805,133,7ee1fd24a3bdc70def4ec34e94f54653fefc7571481e3793aaf19946a14f1133
"(3,1,0,0)","(3,1,0,0):iso-00005",a9a8c10b75308e16f422ae578a1804702e3e980e227ae9355e940b1da5f30805,133,1f3024e39c2891528a8ccfbd8c0e75090e89fe4a05ea53fa8e6780f473ea113b
"(3,1,0,0)","(3,1,0,0):iso-00005",a9a8c10b75308e16f422ae578a1804702e3e980e227ae9355e940b1da5f30805,133,c30fea7baffbf7cc52313f18f6ec8312c74a8d386886dc7667a9d09ebcd7813f
"(3,1,0,0)","(3,1,0,0):iso-00005",a9a8c10b75308e16f422ae578a1804702e3e980e227ae9355e940b1da5f30805,133,c7c6d9ef5e048044c2d957f5dc15b45d39e08ec540c74dea2dcbc8a656c8c148
"(3,1,0,0)","(3,1,0,0):iso-00005",a9a8c10b75308e16f422ae578a1804702e3e980e227ae9355e940b1da5f30805,133,2b39e9384ed8462f0af952c168db3fa0ce438f1dfeef80ab7408368dd17e0124
"(3,1,0,0)","(3,1,0,0):iso-00005",a9a8c10b75308e16f422ae578a1804702e3e980e227ae9355e940b1da5f30805,133,ac56d557cfe337b78b1410e44cbe63840e103a33c2d742fa814863b7e01703c6
"(3,1,0,0)","(3,1,0,0):iso-00005",a9a8c10b75308e16f422ae578a1804702e3e980e227ae9355e940b1da5f30805,133,7716be8c315a1baa93db3f16660134889bad7b207ecbd66ed6c73b32d9c62732
"(3,1,0,0)","(3,1,0,0):iso-00005",a9a8c10b75308e16f422ae578a1804702e3e980e227ae9355e940b1da5f30805,133,40daa41955033217f44d54f1233423aa79256d2a8b62570ea85d7e4346ea7280
"(3,1,0,0)","(3,1,0,0):iso-00005",a9a8c10b75308e16f422ae578a1804702e3e980e227ae9355e940b1da5f30805,133,e36173b4e8ed0dfb089140774430dd614d96f551ea10e1a02f969ec52592c6dc
"(3,1,0,0)","(3,1,0,0):iso-00005",a9a8c10b75308e16f422ae578a1804702e3e980e227ae9355e940b1da5f30805,133,9797f7e1222bc60b1f381c7a5ab159542e393b6605c978e0b9525a419c2e1f7d
"(3,1,0,0)","(3,1,0,0):iso-00005",a9a8c10b75308e16f422ae578a1804702e3e980e227ae9355e940b1da5f30805,133,19c10f1360708e432881f48c3a8a013a19c4c978bb179223918da977b50b20b5
"(3,1,0,0)","(3,1,0,0):iso-00005",a9a8c10b75308e16f422ae578a1804702e3e980e227ae9355e940b1da5f30805,133,4c4747055b06015391d117c49a4d64c7524457c5f1f70bd398081ac481738d7f
"(3,1,0,0)","(3,1,0,0):iso-00005",a9a8c10b75308e16f422ae578a1804702e3e980e227ae9355e940b1da5f30805,133,99079ac24de6b19ccab445efa67335751196533cbf324f94f0a78ec89945c8de
"(3,1,0,0)","(3,1,0,0):iso-00005",a9a8c10b75308e16f422ae578a1804702e3e980e227ae9355e940b1da5f30805,133,ca9a14ec9bfbba563c3a8c8fbb9e298b3b59fca70dc36fa14cf1c4e0a7723801
"(3,1,0,0)","(3,1,0,0):iso-00005",a9a8c10b75308e16f422ae578a1804702e3e980e227ae9355e940b1da5f30805,133,2dab2f9c90229e34737eb5f1ecc8049c5fbae7707ae5a31085f5663f5ac1c89c
"(3,1,0,0)","(3,1,0,0):iso-00005",a9a8c10b75308e16f422ae578a1804702e3e980e227ae9355e940b1da5f30805,133,5a7570afa6f115c938ddeab462e4e62317f56cf4d2b84884ceba51145d890717
"(3,1,0,0)","(3,1,0,0):iso-00006",4f07a3cfbd06beafc28378c5f538774bda9905d8e5e51376215b64b85414cd21,679,4f07a3cfbd06beafc28378c5f538774bda9905d8e5e51376215b64b85414cd21
"(3,1,0,0)","(3,1,0,0):iso-00006",4f07a3cfbd06beafc28378c5f538774bda9905d8e5e51376215b64b85414cd21,679,b5a00d0a922a9cfe4c9f30440f00a2c332cca906c06ea3c3849e70d929eca5e7
"(3,1,0,0)","(3,1,0,0):iso-00006",4f07a3cfbd06beafc28378c5f538774bda9905d8e5e51376215b64b85414cd21,679,fe8425b95c87f099df418549b90b9098ac038e6646fcf808b538aee55de96fd1
"(3,1,0,0)","(3,1,0,0):iso-00006",4f07a3cfbd06beafc28378c5f538774bda9905d8e5e51376215b64b85414cd21,679,22065490ed4e15932c8d0d3a94ab2060d105f5e88d30f3360053f603789dabf2
"(3,1,0,0)","(3,1,0,0):iso-00006",4f07a3cfbd06beafc28378c5f538774bda9905d8e5e51376215b64b85414cd21,679,e65aaabc249bb2fd9be871094cbd7f8772e6b4af988572240a457495ddcbaf11
"(3,1,0,0)","(3,1,0,0):iso-00006",4f07a3cfbd06beafc28378c5f538774bda9905d8e5e51376215b64b85414cd21,679,db59340d86175739cf5cd047ea64006c53639a6dc9a986572a165c549176eef8
"(3,1,0,0)","(3,1,0,0):iso-00006",4f07a3cfbd06beafc28378c5f538774bda9905d8e5e51376215b64b85414cd21,679,5ef0dd92926c5a0b970003a280fc58d51ceb10b25313928582fd9aa8f2373faf
"(3,1,0,0)","(3,1,0,0):iso-00006",4f07a3cfbd06beafc28378c5f538774bda9905d8e5e51376215b64b85414cd21,679,616118cc711bfc1041a345b413d2b2660a957bff42314d8dcbc6006e97d2e124
"(3,1,0,0)","(3,1,0,0):iso-00006",4f07a3cfbd06beafc28378c5f538774bda9905d8e5e51376215b64b85414cd21,679,a77cd29d4836ff93ed7f21cd14789ff7e663b585841ef17e96f6019367a42f6f
"(3,1,0,0)","(3,1,0,0):iso-00006",4f07a3cfbd06beafc28378c5f538774bda9905d8e5e51376215b64b85414cd21,679,29a19a3717acd08a5639c9fab39ee6b358caeaf4dcaa7b859899a94a628be517
"(3,1,0,0)","(3,1,0,0):iso-00006",4f07a3cfbd06beafc28378c5f538774bda9905d8e5e51376215b64b85414cd21,679,c95f4750f2e2015d8b5b0729f162e8fcc2d43a3051b8e081f665ef86f9ae41f5
"(3,1,0,0)","(3,1,0,0):iso-00006",4f07a3cfbd06beafc28378c5f538774bda9905d8e5e51376215b64b85414cd21,679,53527a1f2fa68bd8229a987c91237b7e1609fbe8be481b1ceadd33258903a5da
"(3,1,0,0)","(3,1,0,0):iso-00006",4f07a3cfbd06beafc28378c5f538774bda9905d8e5e51376215b64b85414cd21,679,cfa608a2790fc86daeeba16e0dce1175d32a87de68c0f1984aec52355b46bc84
"(3,1,0,0)","(3,1,0,0):iso-00006",4f07a3cfbd06beafc28378c5f538774bda9905d8e5e51376215b64b85414cd21,679,66f845655e68af54c7b40c209562642e4e30077cf0c9864820b0e71e8faeeafa
"(3,1,0,0)","(3,1,0,0):iso-00006",4f07a3cfbd06beafc28378c5f538774bda9905d8e5e51376215b64b85414cd21,679,a6a9ea73e53b006e76b3e289ec31b9a5d309f151527544ee3cccdaddc0095e91
"(3,1,0,0)","(3,1,0,0):iso-00006",4f07a3cfbd06beafc28378c5f538774bda9905d8e5e51376215b64b85414cd21,679,b01f043fbf50411240af452a2a532393d0d40793e00a5f586d7f8ad7c1e44215
"(3,1,0,0)","(3,1,0,0):iso-00006",4f07a3cfbd06beafc28378c5f538774bda9905d8e5e51376215b64b85414cd21,679,fcd5d520b054dbc333e8eaa98091ea159d71d4bc3928d5856b072a7bd797f794
"(3,1,0,0)","(3,1,0,0):iso-00006",4f07a3cfbd06beafc28378c5f538774bda9905d8e5e51376215b64b85414cd21,679,cce6ffbf01b3331c7b28830c7f9c3dbcbf30c84c3c83cec57969c86ec83d7f03
"(3,1,0,0)","(3,1,0,0):iso-00006",4f07a3cfbd06beafc28378c5f538774bda9905d8e5e51376215b64b85414cd21,679,3c9b7e9ace27efbd63be6e7b23726e50eb857d4f8bbd4cf9686a06485b79594b
"(3,1,0,0)","(3,1,0,0):iso-00006",4f07a3cfbd06beafc28378c5f538774bda9905d8e5e51376215b64b85414cd21,679,261986e7e242a46a27e393ee66f1602c20da673c0debfdbc444d4cc117da3748
"(3,1,0,0)","(3,1,0,0):iso-00006",4f07a3cfbd06beafc28378c5f538774bda9905d8e5e51376215b64b85414cd21,679,2b68d7df653584f7e5a1a61c445120b267f551fb743e3f64aaa566b0ef21efdb
"(3,1,0,0)","(3,1,0,0):iso-00006",4f07a3cfbd06beafc28378c5f538774bda9905d8e5e51376215b64b85414cd21,679,6aca7b9388be33ee80f89c4ce16534e349f49febb660b766438e7ea766356084
"(3,1,0,0)","(3,1,0,0):iso-00006",4f07a3cfbd06beafc28378c5f538774bda9905d8e5e51376215b64b85414cd21,679,360bff417c146a5765adee71b6646a5ee667f24acc750891d2b0ff61294810a2
"(3,1,0,0)","(3,1,0,0):iso-00006",4f07a3cfbd06beafc28378c5f538774bda9905d8e5e51376215b64b85414cd21,679,f893992f4b865e5866eee7815d037de996ca88c14b1ef8f1ef16037a6de13bcc
"(3,1,0,0)","(3,1,0,0):iso-00006",4f07a3cfbd06beafc28378c5f538774bda9905d8e5e51376215b64b85414cd21,679,6e3e6ab125b150cdbf15319bf4bd29176158c7a623c9936c5a65db8024e06fcf
"(3,1,0,0)","(3,1,0,0):iso-00006",4f07a3cfbd06beafc28378c5f538774bda9905d8e5e51376215b64b85414cd21,679,8baf5250c3f1b78df8357de4605c95dd8d79e5cd04c457e3cabffd669926d863
"(3,1,0,0)","(3,1,0,0):iso-00006",4f07a3cfbd06beafc28378c5f538774bda9905d8e5e51376215b64b85414cd21,679,6e374ac5bb3ea39199eba86161fdc82f4fe45b129d8fd63a94471024c4d97e7d
"(3,1,0,0)","(3,1,0,0):iso-00006",4f07a3cfbd06beafc28378c5f538774bda9905d8e5e51376215b64b85414cd21,679,e876977ba541aa7b5d83751615c464be9d79f95b80788cf8df3e05326d44b6c3
"(3,1,0,0)","(3,1,0,0):iso-00006",4f07a3cfbd06beafc28378c5f538774bda9905d8e5e51376215b64b85414cd21,679,43d9dbade31ddc1fc428e1f9360f734259b41ddc4465e47336c6bf58f10c5ca7
"(3,1,0,0)","(3,1,0,0):iso-00006",4f07a3cfbd06beafc28378c5f538774bda9905d8e5e51376215b64b85414cd21,679,b895f6b82aa3f60cb7dedfafd09ce18e1aa58056509b4469f60b35658efbf3cb
"(3,1,0,0)","(3,1,0,0):iso-00006",4f07a3cfbd06beafc28378c5f538774bda9905d8e5e51376215b64b85414cd21,679,ee3556c3c07d1a18ac4f101dd51ac080385b80ca62e63607d2b872ac266029d1
"(3,1,0,0)","(3,1,0,0):iso-00006",4f07a3cfbd06beafc28378c5f538774bda9905d8e5e51376215b64b85414cd21,679,8f97746394c360a2fae364893ea613300710c165d619bec6879b914390b1ddb6
"(3,1,0,0)","(3,1,0,0):iso-00006",4f07a3cfbd06beafc28378c5f538774bda9905d8e5e51376215b64b85414cd21,679,19c28d2916268672f122743d700be39474d73d1d37ad430e6da68f01f03894f1
"(3,1,0,0)","(3,1,0,0):iso-00006",4f07a3cfbd06beafc28378c5f538774bda9905d8e5e51376215b64b85414cd21,679,f4337d4b780351a96256941b0ed4e630bb5ece8442cc746012c352bb5a4d5f47
"(3,1,0,0)","(3,1,0,0):iso-00006",4f07a3cfbd06beafc28378c5f538774bda9905d8e5e51376215b64b85414cd21,679,eb32a0f4b1ca7d85861fe32b8046924ce982534ffecd0ec75349ddcc3a49732d
"(3,1,0,0)","(3,1,0,0):iso-00006",4f07a3cfbd06beafc28378c5f538774bda9905d8e5e51376215b64b85414cd21,679,979e34dcb347a99d60d669a472f0364e554ae20467b2495f085882c124f1d4cf
"(3,1,0,0)","(3,1,0,0):iso-00006",4f07a3cfbd06beafc28378c5f538774bda9905d8e5e51376215b64b85414cd21,679,445b6c19a1c1fa6df207d4c67aeaf225f404db0af4823ad47a2f4cfe2e40955b
"(3,1,0,0)","(3,1,0,0):iso-00006",4f07a3cfbd06beafc28378c5f538774bda9905d8e5e51376215b64b85414cd21,679,70ea40b7899c4fb949853dfdf8fd3aec1db4fb672e5b2983a52411c855c4db71
"(3,1,0,0)","(3,1,0,0):iso-00006",4f07a3cfbd06beafc28378c5f538774bda9905d8e5e51376215b64b85414cd21,679,3647f9cc02a815fc24cecd73f0f7bd1e42ed4203f9af25dcc5f6ab9cc21fa088
"(3,1,0,0)","(3,1,0,0):iso-00006",4f07a3cfbd06beafc28378c5f538774bda9905d8e5e51376215b64b85414cd21,679,849d15f2682d20d6c8b5936851cc72c3990be269bbcce6a7e87dd87b3b003dea
"(3,1,0,0)","(3,1,0,0):iso-00006",4f07a3cfbd06beafc28378c5f538774bda9905d8e5e51376215b64b85414cd21,679,c3076aa1367cd8814448971d084ada33981c78aacb156f7d65c6d67c36e348b4
"(3,1,0,0)","(3,1,0,0):iso-00006",4f07a3cfbd06beafc28378c5f538774bda9905d8e5e51376215b64b85414cd21,679,fd691764a7d729945b5afbe11e1424f8fd78f2897ba37a1afb0730e868d6dc65
"(3,1,0,0)","(3,1,0,0):iso-00006",4f07a3cfbd06beafc28378c5f538774bda9905d8e5e51376215b64b85414cd21,679,e74f863badf12666551d041229780af5cb73711058d694396434c4ac0e4598f3
"(3,1,0,0)","(3,1,0,0):iso-00006",4f07a3cfbd06beafc28378c5f538774bda9905d8e5e51376215b64b85414cd21,679,1632351f3a289c626f7dfebe3703911cd90088b760ab1599e84c23a45ab9f7c6
"(3,1,0,0)","(3,1,0,0):iso-00006",4f07a3cfbd06beafc28378c5f538774bda9905d8e5e51376215b64b85414cd21,679,d74943c33423902b88eaf4b0b25d40f2aa452442ac2f558426b31a0fd5865b53
"(3,1,0,0)","(3,1,0,0):iso-00006",4f07a3cfbd06beafc28378c5f538774bda9905d8e5e51376215b64b85414cd21,679,f9ec5f80d11ec1e3e21099fb8a5bb835ac92b3dc90f0acde714fd3e05983898c
"(3,1,0,0)","(3,1,0,0):iso-00006",4f07a3cfbd06beafc28378c5f538774bda9905d8e5e51376215b64b85414cd21,679,a1edbc31ff8eedefcd6a1f528c749e077e691991b13f48f5a82ca3675e7b86ac
"(3,1,0,0)","(3,1,0,0):iso-00006",4f07a3cfbd06beafc28378c5f538774bda9905d8e5e51376215b64b85414cd21,679,5a3e49a93adf2b9e93db2cc6610e8aefed869370dedd940e0bbed88e6c1d083d
"(3,1,0,0)","(3,1,0,0):iso-00006",4f07a3cfbd06beafc28378c5f538774bda9905d8e5e51376215b64b85414cd21,679,1c93089b5a00db7e1718aa234020ca5fb20c22e465882a244b21f8c7857f7025
"(3,1,0,0)","(3,1,0,0):iso-00006",4f07a3cfbd06beafc28378c5f538774bda9905d8e5e51376215b64b85414cd21,679,7395f47ff093e4de91f4069d4220efa6a96fbbfe9e5ce978900e193bcdc1cbda
"(3,1,0,0)","(3,1,0,0):iso-00006",4f07a3cfbd06beafc28378c5f538774bda9905d8e5e51376215b64b85414cd21,679,3b69e9ae38ec56510c0b07f6dd21f2ab85ab8fc47234cd076206be7cc45c21e8
"(3,1,0,0)","(3,1,0,0):iso-00006",4f07a3cfbd06beafc28378c5f538774bda9905d8e5e51376215b64b85414cd21,679,19fc22e64a6fb4aa6a8a7676720c80774a81b0d4302c1de0c3382fa2f8791ef2
"(3,1,0,0)","(3,1,0,0):iso-00006",4f07a3cfbd06beafc28378c5f538774bda9905d8e5e51376215b64b85414cd21,679,f851fd20b38d85fbda6040a135a6841a83ca6b7b7761da99d16e8173ae762f49
"(3,1,0,0)","(3,1,0,0):iso-00006",4f07a3cfbd06beafc28378c5f538774bda9905d8e5e51376215b64b85414cd21,679,2f746ed238943c6ddb0e59f79256c351db687b2188471693891a9f7362af9154
"(3,1,0,0)","(3,1,0,0):iso-00006",4f07a3cfbd06beafc28378c5f538774bda9905d8e5e51376215b64b85414cd21,679,72dcdc02f214d380715016207d456db319a459a9b98539b4ec48258a482e5679
"(3,1,0,0)","(3,1,0,0):iso-00006",4f07a3cfbd06beafc28378c5f538774bda9905d8e5e51376215b64b85414cd21,679,81bdb6206eddd99be1f001b3c673da70fca874a0bc9cac2de48ce292f003130a
"(3,1,0,0)","(3,1,0,0):iso-00006",4f07a3cfbd06beafc28378c5f538774bda9905d8e5e51376215b64b85414cd21,679,0ed6c3e69309caeb3d221dd069a989e4da17b8853965a4edf3932b1ad9e9f987
"(3,1,0,0)","(3,1,0,0):iso-00006",4f07a3cfbd06beafc28378c5f538774bda9905d8e5e51376215b64b85414cd21,679,e082460d244dba642eb0a4b9afd792e95641669674d666ad82c88a976827ee4f
"(3,1,0,0)","(3,1,0,0):iso-00006",4f07a3cfbd06beafc28378c5f538774bda9905d8e5e51376215b64b85414cd21,679,559e5eac70d8eed741fe44fc137137dd096e9ad31f0a55c785a31c63709f3756
"(3,1,0,0)","(3,1,0,0):iso-00006",4f07a3cfbd06beafc28378c5f538774bda9905d8e5e51376215b64b85414cd21,679,4398dfd245066f0f12caa2f0a205f2dd42b731e069455eda63037aeff078871e
"(3,1,0,0)","(3,1,0,0):iso-00006",4f07a3cfbd06beafc28378c5f538774bda9905d8e5e51376215b64b85414cd21,679,d9dcbf2cf7b51dc33a72758cf0cd7923792213c6ffbc991910c25bbcf89b58ba
"(3,1,0,0)","(3,1,0,0):iso-00006",4f07a3cfbd06beafc28378c5f538774bda9905d8e5e51376215b64b85414cd21,679,a32f3303360be2e66ce22d49f94c4e18b0d7b130eba5311d25dd1cb3ec2be6a4
"(3,1,0,0)","(3,1,0,0):iso-00006",4f07a3cfbd06beafc28378c5f538774bda9905d8e5e51376215b64b85414cd21,679,233d51d9cac130dd0a23a4c19b58274f2101f848365d96228ce1307c5d809823
"(3,1,0,0)","(3,1,0,0):iso-00006",4f07a3cfbd06beafc28378c5f538774bda9905d8e5e51376215b64b85414cd21,679,9e017509be63bb6d9cca4c67cc8678d2783dfc52ef54e1769e131a32ea12882c
"(3,1,0,0)","(3,1,0,0):iso-00006",4f07a3cfbd06beafc28378c5f538774bda9905d8e5e51376215b64b85414cd21,679,55db84e4d3b116f1b6325ddea4e636414dd3a0a85ff90d22e392057f4fe622c1
"(3,1,0,0)","(3,1,0,0):iso-00006",4f07a3cfbd06beafc28378c5f538774bda9905d8e5e51376215b64b85414cd21,679,61cf5471e475dc7bd317bfeab5635cac39e5344e238cf07ade4e224f8f2c7458
"(3,1,0,0)","(3,1,0,0):iso-00006",4f07a3cfbd06beafc28378c5f538774bda9905d8e5e51376215b64b85414cd21,679,a3da5fa165f5bc27a10b2479f08578f4668a999a8275b164027766974e493752
"(3,1,0,0)","(3,1,0,0):iso-00006",4f07a3cfbd06beafc28378c5f538774bda9905d8e5e51376215b64b85414cd21,679,1616b3ba9c6e9218946cdf06bc923f19afbe84602e5bfbad44df9958a75ac539
"(3,1,0,0)","(3,1,0,0):iso-00006",4f07a3cfbd06beafc28378c5f538774bda9905d8e5e51376215b64b85414cd21,679,e1fc42c0949315855c5e93d7f24caa8e2a81f7bee28ab0233980960c32f52916
"(3,1,0,0)","(3,1,0,0):iso-00006",4f07a3cfbd06beafc28378c5f538774bda9905d8e5e51376215b64b85414cd21,679,1341d7d6b370192ddcb58db87d44e6c3774b2c75f054179d3a7d71ebad1fb7b0
"(3,1,0,0)","(3,1,0,0):iso-00006",4f07a3cfbd06beafc28378c5f538774bda9905d8e5e51376215b64b85414cd21,679,ebbe9468384501cf7caffb63dbe558363bdac04e3b528351e6ac3b7c400ec21e
"(3,1,0,0)","(3,1,0,0):iso-00006",4f07a3cfbd06beafc28378c5f538774bda9905d8e5e51376215b64b85414cd21,679,c6f433eb8581bed87b9476b76002fc8998e83c254da40becb4d96fe6ffe54138
"(3,1,0,0)","(3,1,0,0):iso-00006",4f07a3cfbd06beafc28378c5f538774bda9905d8e5e51376215b64b85414cd21,679,b0c5735c38d0fdeb6a41d6d20a9bf2acca089434278eb27f3937cc039b178075
"(3,1,0,0)","(3,1,0,0):iso-00006",4f07a3cfbd06beafc28378c5f538774bda9905d8e5e51376215b64b85414cd21,679,f150c4f9e97c6eeaa6020212ac6f32888a09e822c6a021faf4523927e95eda73
"(3,1,0,0)","(3,1,0,0):iso-00006",4f07a3cfbd06beafc28378c5f538774bda9905d8e5e51376215b64b85414cd21,679,00b81b65b591c657d9da8f757474cd8dfc9b05d5a2f8fbf59194c81f4879ffb2
"(3,1,0,0)","(3,1,0,0):iso-00006",4f07a3cfbd06beafc28378c5f538774bda9905d8e5e51376215b64b85414cd21,679,ba720a0bccb1db891893fcda8b101e578fbcdd69b40571adcd6cd0007da4eb31
"(3,1,0,0)","(3,1,0,0):iso-00006",4f07a3cfbd06beafc28378c5f538774bda9905d8e5e51376215b64b85414cd21,679,81f2bcfeeeeefac6b158a32d9a4f5dfd7e3ae7585fef8abc9ef9ac6d69740b5c
"(3,1,0,0)","(3,1,0,0):iso-00006",4f07a3cfbd06beafc28378c5f538774bda9905d8e5e51376215b64b85414cd21,679,e48843e099d1a51d27fffc877b7dd4a3455c930e10e53ddbf0a490bbc1ed5406
"(3,1,0,0)","(3,1,0,0):iso-00006",4f07a3cfbd06beafc28378c5f538774bda9905d8e5e51376215b64b85414cd21,679,d75210b2ce88852dca4036b83bab0433ec02ca9adf5a411501104a9172064475
"(3,1,0,0)","(3,1,0,0):iso-00006",4f07a3cfbd06beafc28378c5f538774bda9905d8e5e51376215b64b85414cd21,679,c7888cef57e8cd065e3d2adcf5a77747734112326a6daefab8816cc450ae0791
"(3,1,0,0)","(3,1,0,0):iso-00006",4f07a3cfbd06beafc28378c5f538774bda9905d8e5e51376215b64b85414cd21,679,32d56321bed0967d2c5f5d879124a3bb6c26192beab6c05b53c015e4c82d1ff2
"(3,1,0,0)","(3,1,0,0):iso-00006",4f07a3cfbd06beafc28378c5f538774bda9905d8e5e51376215b64b85414cd21,679,9c0b73e1c5fd0d439ff902223ef58d6877dd76a320c494b2684074f623330471
"(3,1,0,0)","(3,1,0,0):iso-00006",4f07a3cfbd06beafc28378c5f538774bda9905d8e5e51376215b64b85414cd21,679,536ac88fcf473dc1284300b91107bbc290d5b60f66e15b8294d425047a999ed0
"(3,1,0,0)","(3,1,0,0):iso-00006",4f07a3cfbd06beafc28378c5f538774bda9905d8e5e51376215b64b85414cd21,679,97bb53aae86f4c879e8ea019aff4c4439559d29fc26ca1bd24e8540f08964546
"(3,1,0,0)","(3,1,0,0):iso-00006",4f07a3cfbd06beafc28378c5f538774bda9905d8e5e51376215b64b85414cd21,679,3f049a1e32bd51946ebde6fb57f39c0e6f43aa3d2d9e03a617a90845846ee4d7
"(3,1,0,0)","(3,1,0,0):iso-00006",4f07a3cfbd06beafc28378c5f538774bda9905d8e5e51376215b64b85414cd21,679,39e96d57390d63ab8d46021a08878a391929c616fec9f90f8faa3c229de41587
"(3,1,0,0)","(3,1,0,0):iso-00006",4f07a3cfbd06beafc28378c5f538774bda9905d8e5e51376215b64b85414cd21,679,100fa7d122ef77f5e89b7bd2890a760de2934773b7f53dd73e4667ccfee41344
"(3,1,0,0)","(3,1,0,0):iso-00006",4f07a3cfbd06beafc28378c5f538774bda9905d8e5e51376215b64b85414cd21,679,560b035c29a9056218fd7bedf9494d2d37047b56b35694d32b42f34644c8e5ea
"(3,1,0,0)","(3,1,0,0):iso-00006",4f07a3cfbd06beafc28378c5f538774bda9905d8e5e51376215b64b85414cd21,679,8fd8d79c27a417c87171add58c34821dd67f523f21fc8306aa9f9cb9f9b0001b
"(3,1,0,0)","(3,1,0,0):iso-00006",4f07a3cfbd06beafc28378c5f538774bda9905d8e5e51376215b64b85414cd21,679,b57de017be106eac5558faf732625f0da83505c187a89bdd6ab06e780ece1f38
"(3,1,0,0)","(3,1,0,0):iso-00006",4f07a3cfbd06beafc28378c5f538774bda9905d8e5e51376215b64b85414cd21,679,6a19b658acf329b0f193a70185817b3a90aa66f217bf381a22f24bc94dc13c59
"(3,1,0,0)","(3,1,0,0):iso-00006",4f07a3cfbd06beafc28378c5f538774bda9905d8e5e51376215b64b85414cd21,679,c1ed0d4d53214e26b3687b3fa3931a8564cc3e27097658c9aaa390c7cc1816ba
"(3,1,0,0)","(3,1,0,0):iso-00006",4f07a3cfbd06beafc28378c5f538774bda9905d8e5e51376215b64b85414cd21,679,3744acac3ff939d16458e303200d4c5c62ae98232e4105028b328eef5b2c3355
"(3,1,0,0)","(3,1,0,0):iso-00006",4f07a3cfbd06beafc28378c5f538774bda9905d8e5e51376215b64b85414cd21,679,1f2d4dbc3ad1c9b0f154f5c1092a81bcc141d9bba5b145aa8f3e22dc530d4152
"(3,1,0,0)","(3,1,0,0):iso-00006",4f07a3cfbd06beafc28378c5f538774bda9905d8e5e51376215b64b85414cd21,679,55e4870cdefd0ac5623b1b0bdde66f9295337359c788bcedb3f66455c4e400df
"(3,1,0,0)","(3,1,0,0):iso-00006",4f07a3cfbd06beafc28378c5f538774bda9905d8e5e51376215b64b85414cd21,679,887ec709a8d609c40ec416fa9ec6254c0ef73bfe94a91cb0c887f7674fc8fa4d
"(3,1,0,0)","(3,1,0,0):iso-00006",4f07a3cfbd06beafc28378c5f538774bda9905d8e5e51376215b64b85414cd21,679,3966487c2ad4a3ff755850b7d52f20c92b8b6f3e0aaa1e24b387dd06ff723b59
"(3,1,0,0)","(3,1,0,0):iso-00006",4f07a3cfbd06beafc28378c5f538774bda9905d8e5e51376215b64b85414cd21,679,e5030b815f77a517eae9c800ffa8eb679d84514e4f5a3c314ec3160ac295fca6
"(3,1,0,0)","(3,1,0,0):iso-00006",4f07a3cfbd06beafc28378c5f538774bda9905d8e5e51376215b64b85414cd21,679,bf5956a7a6f2ac0c2bf1c7c4f24268d65c2dbfc7d8c5f828ff32b7385fa3ef00
"(3,1,0,0)","(3,1,0,0):iso-00006",4f07a3cfbd06beafc28378c5f538774bda9905d8e5e51376215b64b85414cd21,679,149f6ce8114d3df0669f19064258895eabc592f70d0e627b6762270eab74866a
"(3,1,0,0)","(3,1,0,0):iso-00006",4f07a3cfbd06beafc28378c5f538774bda9905d8e5e51376215b64b85414cd21,679,fcc1e9083b08ea8ed5f283f155fac334d332c46797b6cca3383bfc352833da62
"(3,1,0,0)","(3,1,0,0):iso-00006",4f07a3cfbd06beafc28378c5f538774bda9905d8e5e51376215b64b85414cd21,679,d64a4bff02640b95aed85d578252feafb7e8a8be1bd160d4651a8fd8380d490c
"(3,1,0,0)","(3,1,0,0):iso-00006",4f07a3cfbd06beafc28378c5f538774bda9905d8e5e51376215b64b85414cd21,679,708c0420c5711f857c23752829fa6a9232645d2c9c1501ca65ba91fd014ec25c
"(3,1,0,0)","(3,1,0,0):iso-00006",4f07a3cfbd06beafc28378c5f538774bda9905d8e5e51376215b64b85414cd21,679,7af2c7c188a2c80e1db88d21e326c270c7eb07305fda04f6da243e0b810efad2
"(3,1,0,0)","(3,1,0,0):iso-00006",4f07a3cfbd06beafc28378c5f538774bda9905d8e5e51376215b64b85414cd21,679,979f71b15f92037b77c1dbc572318189a958a991a2a765b8b2403f18c455eec2
"(3,1,0,0)","(3,1,0,0):iso-00006",4f07a3cfbd06beafc28378c5f538774bda9905d8e5e51376215b64b85414cd21,679,150fe8c7e0d53f8c66b7f97c2cfb0d1f59404d2b8ad4161a043a8b3d6b74602a
"(3,1,0,0)","(3,1,0,0):iso-00006",4f07a3cfbd06beafc28378c5f538774bda9905d8e5e51376215b64b85414cd21,679,e2022872bc0a76ccf9b88a22a2c704c35ea65ee5b23f118f25f7df02bccfe7cd
"(3,1,0,0)","(3,1,0,0):iso-00006",4f07a3cfbd06beafc28378c5f538774bda9905d8e5e51376215b64b85414cd21,679,15ec1aa6d1dd02f6f0d9229c7e8ecc953846df226f8e124f91deda8230de0aba
"(3,1,0,0)","(3,1,0,0):iso-00006",4f07a3cfbd06beafc28378c5f538774bda9905d8e5e51376215b64b85414cd21,679,9a88b6838006a299d4b4eb4e94ce1038f2c34d8fef368f74bcd68983255a0bef
"(3,1,0,0)","(3,1,0,0):iso-00006",4f07a3cfbd06beafc28378c5f538774bda9905d8e5e51376215b64b85414cd21,679,5ade202df364fb4a207e58f26012a7f130ea6e3851747727fa79902c623b5da1
"(3,1,0,0)","(3,1,0,0):iso-00006",4f07a3cfbd06beafc28378c5f538774bda9905d8e5e51376215b64b85414cd21,679,c992cb08c21dabf64e666702660b0f8b898226cf47bf12b6e00237592d6551f2
"(3,1,0,0)","(3,1,0,0):iso-00006",4f07a3cfbd06beafc28378c5f538774bda9905d8e5e51376215b64b85414cd21,679,394ab9b1dc48d2ef04ba86feb03d9bb1852e8b24c43e142d24873c471e636329
"(3,1,0,0)","(3,1,0,0):iso-00006",4f07a3cfbd06beafc28378c5f538774bda9905d8e5e51376215b64b85414cd21,679,7ea7c197b612ee9c6198649d48366016a98f0ceb4f76b7846421006f5d09b591
"(3,1,0,0)","(3,1,0,0):iso-00006",4f07a3cfbd06beafc28378c5f538774bda9905d8e5e51376215b64b85414cd21,679,4ef21e899bb33f280396c535f3da8729c42c1002bd492d44f52fc986a46f72bf
"(3,1,0,0)","(3,1,0,0):iso-00006",4f07a3cfbd06beafc28378c5f538774bda9905d8e5e51376215b64b85414cd21,679,fac1dd590b122a416428a47bf7bcaafc34ce46cc2489db755cf159649d38e2db
"(3,1,0,0)","(3,1,0,0):iso-00006",4f07a3cfbd06beafc28378c5f538774bda9905d8e5e51376215b64b85414cd21,679,9ceb7e532e0ec394e4bea59c2af16dd9a085eee5d76e6c0e0fe31fd4267314a4
"(3,1,0,0)","(3,1,0,0):iso-00006",4f07a3cfbd06beafc28378c5f538774bda9905d8e5e51376215b64b85414cd21,679,4455acee86c1c901e4b740fb95de78c585e810e05a30c53cac83a2510f144d7a
"(3,1,0,0)","(3,1,0,0):iso-00006",4f07a3cfbd06beafc28378c5f538774bda9905d8e5e51376215b64b85414cd21,679,48f2453cbd24f16d6463ffacc3a9cfd40ed3d99fa917ef7450eb82cb0ce9f369
"(3,1,0,0)","(3,1,0,0):iso-00006",4f07a3cfbd06beafc28378c5f538774bda9905d8e5e51376215b64b85414cd21,679,e5fa6b801b81971a41e44e9b222a8b8ea04bfef992e3b22692aaf0c343a790d1
"(3,1,0,0)","(3,1,0,0):iso-00006",4f07a3cfbd06beafc28378c5f538774bda9905d8e5e51376215b64b85414cd21,679,5d1dbbed684ed324e5d3e148ae283bfb6eb2020e786f472a4272f3f785125b24
"(3,1,0,0)","(3,1,0,0):iso-00006",4f07a3cfbd06beafc28378c5f538774bda9905d8e5e51376215b64b85414cd21,679,4f07afcbc2b690a6f75820bd15b2fcc9cc6f05006c59e734b3a370226f05cf67
"(3,1,0,0)","(3,1,0,0):iso-00006",4f07a3cfbd06beafc28378c5f538774bda9905d8e5e51376215b64b85414cd21,679,755516166373eceabc8fcb5e993afad269f7fe63562a9b56fe54133bb9e8143b
"(3,1,0,0)","(3,1,0,0):iso-00006",4f07a3cfbd06beafc28378c5f538774bda9905d8e5e51376215b64b85414cd21,679,48d8bf62288f5300c29f24e62712e786b5ccddeddbecd059fdf6ff46e4fba7ac
"(3,1,0,0)","(3,1,0,0):iso-00006",4f07a3cfbd06beafc28378c5f538774bda9905d8e5e51376215b64b85414cd21,679,47e4277626b8a90748a284718dccf69b20f0935fdd45090005dd1c9d46913d51
"(3,1,0,0)","(3,1,0,0):iso-00006",4f07a3cfbd06beafc28378c5f538774bda9905d8e5e51376215b64b85414cd21,679,e505a560853d318dfb33115c7157b1f097e87587f723c14b8fe6f8dbb9e6cddd
"(3,1,0,0)","(3,1,0,0):iso-00006",4f07a3cfbd06beafc28378c5f538774bda9905d8e5e51376215b64b85414cd21,679,7fe9fe8cc3e1b9b7ad0e9377449e1de9840f5960de1e6dc8b285f5f38587ae01
"(3,1,0,0)","(3,1,0,0):iso-00006",4f07a3cfbd06beafc28378c5f538774bda9905d8e5e51376215b64b85414cd21,679,2061e7e0271c72081cd1a5562fcd1fdfc719d7d82754c77bbae9196120c6cc82
"(3,1,0,0)","(3,1,0,0):iso-00006",4f07a3cfbd06beafc28378c5f538774bda9905d8e5e51376215b64b85414cd21,679,0e0e55021f1dd418694b470546a22f296a4a2e4e06c3af35423bbcd46f47cefd
"(3,1,0,0)","(3,1,0,0):iso-00006",4f07a3cfbd06beafc28378c5f538774bda9905d8e5e51376215b64b85414cd21,679,ecf3bcf9c238c5e19bc109a253297b78857af1bdf3d8ae32aebf00ff65636ba6
"(3,1,0,0)","(3,1,0,0):iso-00006",4f07a3cfbd06beafc28378c5f538774bda9905d8e5e51376215b64b85414cd21,679,60c37bfa76393acb83889a6c664c9e2852fdf6f5f43cbe61cafc9bc103715dec
"(3,1,0,0)","(3,1,0,0):iso-00006",4f07a3cfbd06beafc28378c5f538774bda9905d8e5e51376215b64b85414cd21,679,527ee8a1b659504ab0e0338271e141a4d477a128fd6a3e94c7f54254aaa138c4
"(3,1,0,0)","(3,1,0,0):iso-00006",4f07a3cfbd06beafc28378c5f538774bda9905d8e5e51376215b64b85414cd21,679,97001fd0aa20e3ca5e86b23a27784b17cefb130f64b28c7b479888b434a7e5ed
"(3,1,0,0)","(3,1,0,0):iso-00006",4f07a3cfbd06beafc28378c5f538774bda9905d8e5e51376215b64b85414cd21,679,6724d32b4937f4b0a80858910793791dd586e43b7e8a5651a9dc9cde948a2885
"(3,1,0,0)","(3,1,0,0):iso-00006",4f07a3cfbd06beafc28378c5f538774bda9905d8e5e51376215b64b85414cd21,679,c3a36411cbd427f08b229cb86ee6537e77bf4d50e766233877a306013844a05f
"(3,1,0,0)","(3,1,0,0):iso-00006",4f07a3cfbd06beafc28378c5f538774bda9905d8e5e51376215b64b85414cd21,679,6a5f0a208452547726016cb2aa2af9f7f1fb2b67673fd8a3f945ffc94354e156
"(3,1,0,0)","(3,1,0,0):iso-00006",4f07a3cfbd06beafc28378c5f538774bda9905d8e5e51376215b64b85414cd21,679,5836f01173bda663280584489415daef132a61ef5f8719f904b44d40aacead0c
"(3,1,0,0)","(3,1,0,0):iso-00006",4f07a3cfbd06beafc28378c5f538774bda9905d8e5e51376215b64b85414cd21,679,f83e6a9db80935ba04f03fea258ade95ec39f01b383f2945ca34bee24ce3d940
"(3,1,0,0)","(3,1,0,0):iso-00006",4f07a3cfbd06beafc28378c5f538774bda9905d8e5e51376215b64b85414cd21,679,080d21199c53efa514bbdccd3e47c786a7fc699f8a53ecbfb073c95e121b91d0
"(3,1,0,0)","(3,1,0,0):iso-00006",4f07a3cfbd06beafc28378c5f538774bda9905d8e5e51376215b64b85414cd21,679,ae5c74f804e82e16e87321d3b7ad023a88dabc3ac1b7949cd7dac4b64025214b
"(3,1,0,0)","(3,1,0,0):iso-00006",4f07a3cfbd06beafc28378c5f538774bda9905d8e5e51376215b64b85414cd21,679,373097eda4feeb909d1a7ad1a6f9f970722670a8fd3e559123da5f97cb2611fd
"(3,1,0,0)","(3,1,0,0):iso-00006",4f07a3cfbd06beafc28378c5f538774bda9905d8e5e51376215b64b85414cd21,679,8c53bc03e774b0e625e2fc83db6b3518bbd5cd53963598030f9d5b3dde2319d7
"(3,1,0,0)","(3,1,0,0):iso-00006",4f07a3cfbd06beafc28378c5f538774bda9905d8e5e51376215b64b85414cd21,679,ae428ad6a71a3e9f47a78996f3963257e57aecf88a0156b72179b165bb18f2e7
"(3,1,0,0)","(3,1,0,0):iso-00006",4f07a3cfbd06beafc28378c5f538774bda9905d8e5e51376215b64b85414cd21,679,e5d3eb639112f719d347704252d47aed91736b5ef03646b510941cb283dafc5b
"(3,1,0,0)","(3,1,0,0):iso-00006",4f07a3cfbd06beafc28378c5f538774bda9905d8e5e51376215b64b85414cd21,679,4033d239ed1f9744354d280b11e9705154bd8ed4996a8e132e34e042b9e9e6a9
"(3,1,0,0)","(3,1,0,0):iso-00006",4f07a3cfbd06beafc28378c5f538774bda9905d8e5e51376215b64b85414cd21,679,63c09399c126b6f11f272bbeb2f6cddfb17131e189540885198440a634daa19b
"(3,1,0,0)","(3,1,0,0):iso-00006",4f07a3cfbd06beafc28378c5f538774bda9905d8e5e51376215b64b85414cd21,679,414017a91a50625a5b86ec5b3129df92f59819c470e4afaf181001192d4561ad
"(3,1,0,0)","(3,1,0,0):iso-00006",4f07a3cfbd06beafc28378c5f538774bda9905d8e5e51376215b64b85414cd21,679,00e3e883edc3813a8b6ac12e896457443972c132eef876f9fa9777a61e23810d
"(3,1,0,0)","(3,1,0,0):iso-00006",4f07a3cfbd06beafc28378c5f538774bda9905d8e5e51376215b64b85414cd21,679,b7487ae8dcb45de19aff59daa73f4242abaa36411cb01d19e1b7aef7ca37d13a
"(3,1,0,0)","(3,1,0,0):iso-00006",4f07a3cfbd06beafc28378c5f538774bda9905d8e5e51376215b64b85414cd21,679,336a93fd614a92dbf86c7455d68779c2742fbc6266b8f1f638f8dbabcc648e10
"(3,1,0,0)","(3,1,0,0):iso-00006",4f07a3cfbd06beafc28378c5f538774bda9905d8e5e51376215b64b85414cd21,679,2e40618034088138944ad61abfc981f4296a3bd8a5d6e71cb14530eb7e23e46b
"(3,1,0,0)","(3,1,0,0):iso-00006",4f07a3cfbd06beafc28378c5f538774bda9905d8e5e51376215b64b85414cd21,679,ea38ee3fb739f1c6424c5e6dcec3527c5814400bbc27ae50dc323d07b047f4d2
"(3,1,0,0)","(3,1,0,0):iso-00006",4f07a3cfbd06beafc28378c5f538774bda9905d8e5e51376215b64b85414cd21,679,957941982a9b715a3b96521a5ab9286ea074933b718147d96bcc5d0d5822c0af
"(3,1,0,0)","(3,1,0,0):iso-00006",4f07a3cfbd06beafc28378c5f538774bda9905d8e5e51376215b64b85414cd21,679,13ddc5d03862f4c97a8797347669176aa9db3fb54213ecbc6a8acf52d8c8dd95
"(3,1,0,0)","(3,1,0,0):iso-00006",4f07a3cfbd06beafc28378c5f538774bda9905d8e5e51376215b64b85414cd21,679,a5563efa83d8f35e6a3475071ebb8a71f17c1eba43c251d6540455d91126c245
"(3,1,0,0)","(3,1,0,0):iso-00006",4f07a3cfbd06beafc28378c5f538774bda9905d8e5e51376215b64b85414cd21,679,6c04d291604b348ee3be2518ae60b23225104b31a4aa9a60ec07340cbc2071d3
"(3,1,0,0)","(3,1,0,0):iso-00006",4f07a3cfbd06beafc28378c5f538774bda9905d8e5e51376215b64b85414cd21,679,8459601a30e1932ea7f64979f9dfaad96647dc6aa42d6fedfa8317efb926df6c
"(3,1,0,0)","(3,1,0,0):iso-00006",4f07a3cfbd06beafc28378c5f538774bda9905d8e5e51376215b64b85414cd21,679,96254f170b372cb933f77c15c18b8d2c7aa612b2d7352b657e400f4292b680a5
"(3,1,0,0)","(3,1,0,0):iso-00006",4f07a3cfbd06beafc28378c5f538774bda9905d8e5e51376215b64b85414cd21,679,347b2852e18e1c293695e25a5f5414807a05e48c86c78ba773140f19578f2e3c
"(3,1,0,0)","(3,1,0,0):iso-00006",4f07a3cfbd06beafc28378c5f538774bda9905d8e5e51376215b64b85414cd21,679,991ed02b0607e684d8f9125e6c9137f9f33c89c2ada26bb8f5750997654c8ccb
"(3,1,0,0)","(3,1,0,0):iso-00006",4f07a3cfbd06beafc28378c5f538774bda9905d8e5e51376215b64b85414cd21,679,68b5a37b68d0a9df98799f0a8a2a2e3e118a639d61aff68d0c6736e343f950d3
"(3,1,0,0)","(3,1,0,0):iso-00006",4f07a3cfbd06beafc28378c5f538774bda9905d8e5e51376215b64b85414cd21,679,6ccdee7acef77404be682c1a7e63fb42887c46ad90eec61a9dc382b7ace92680
"(3,1,0,0)","(3,1,0,0):iso-00006",4f07a3cfbd06beafc28378c5f538774bda9905d8e5e51376215b64b85414cd21,679,01e14b6c7553e03ff51be07343517574b24fa7144728e041767c71e09d03c9c4
"(3,1,0,0)","(3,1,0,0):iso-00006",4f07a3cfbd06beafc28378c5f538774bda9905d8e5e51376215b64b85414cd21,679,a8b9b471fec23b3db212bae32350c285350b33a5adf2f496384252e663cf9fab
"(3,1,0,0)","(3,1,0,0):iso-00006",4f07a3cfbd06beafc28378c5f538774bda9905d8e5e51376215b64b85414cd21,679,56e2bcae7c04d5f334bb46a81d17daa86de8b6255de0c493b0a057723c1394d6
"(3,1,0,0)","(3,1,0,0):iso-00006",4f07a3cfbd06beafc28378c5f538774bda9905d8e5e51376215b64b85414cd21,679,b6819d95c2794e90e9bfed00a21f23a053dceee91b77711f599b5285208d78f6
"(3,1,0,0)","(3,1,0,0):iso-00006",4f07a3cfbd06beafc28378c5f538774bda9905d8e5e51376215b64b85414cd21,679,9733c6fbe267920ded695fc7889e4b0f20dba7dc8eddbf666e37c6293a2330de
"(3,1,0,0)","(3,1,0,0):iso-00006",4f07a3cfbd06beafc28378c5f538774bda9905d8e5e51376215b64b85414cd21,679,e3b56673868ace81ea8b4351ba9b7b803918604e47e55822460d95e9860b9ffc
"(3,1,0,0)","(3,1,0,0):iso-00006",4f07a3cfbd06beafc28378c5f538774bda9905d8e5e51376215b64b85414cd21,679,299c87c802ff87a670b91dd957777e9b9f80b5f382ed52ca4d1c95800cc631ba
"(3,1,0,0)","(3,1,0,0):iso-00006",4f07a3cfbd06beafc28378c5f538774bda9905d8e5e51376215b64b85414cd21,679,0f3791a8c6e2fd378786c592a4432690734af3172812ab61e2abbab298f1bde5
"(3,1,0,0)","(3,1,0,0):iso-00006",4f07a3cfbd06beafc28378c5f538774bda9905d8e5e51376215b64b85414cd21,679,8a2e3dddcbc16a4c46dd5ea3b7161cd14c3c35b961fc4ebeac398b21759e2587
"(3,1,0,0)","(3,1,0,0):iso-00006",4f07a3cfbd06beafc28378c5f538774bda9905d8e5e51376215b64b85414cd21,679,e4a2fc460cb88e4ad4d9de235562953b48870d7925ea5ef30ea394c45df5f63e
"(3,1,0,0)","(3,1,0,0):iso-00006",4f07a3cfbd06beafc28378c5f538774bda9905d8e5e51376215b64b85414cd21,679,8c5c7bde69fb741b5d538c4c62f6fb589edf2321bf70a8751a6c208fd1db5943
"(3,1,0,0)","(3,1,0,0):iso-00006",4f07a3cfbd06beafc28378c5f538774bda9905d8e5e51376215b64b85414cd21,679,83641558c3cd7fe6c17a26a0e128f53cf31e3d3091c140346e0acf6cf622776d
"(3,1,0,0)","(3,1,0,0):iso-00006",4f07a3cfbd06beafc28378c5f538774bda9905d8e5e51376215b64b85414cd21,679,168e31f0005ef209ca46fc082c952f65225eb35ee3891399ce9633157672a790
"(3,1,0,0)","(3,1,0,0):iso-00006",4f07a3cfbd06beafc28378c5f538774bda9905d8e5e51376215b64b85414cd21,679,a8f8a0a3a910060cd35b14fd2622b5a3528b772c658cc19d629fb62da499a0f8
"(3,1,0,0)","(3,1,0,0):iso-00006",4f07a3cfbd06beafc28378c5f538774bda9905d8e5e51376215b64b85414cd21,679,71a1b5f1bfd73d18d089bec99e5900ac0f601e7cea6c6ff93334a8223371e415
"(3,1,0,0)","(3,1,0,0):iso-00006",4f07a3cfbd06beafc28378c5f538774bda9905d8e5e51376215b64b85414cd21,679,c34b8d52e7601fb4f821126ac888a3aa81a7fb03f8dfde388f313d50c2263356
"(3,1,0,0)","(3,1,0,0):iso-00006",4f07a3cfbd06beafc28378c5f538774bda9905d8e5e51376215b64b85414cd21,679,57d75fa1a83e2b55a655c4423f76b6f6b3c290f0d108cfa015fa0f8b54c2cc71
"(3,1,0,0)","(3,1,0,0):iso-00006",4f07a3cfbd06beafc28378c5f538774bda9905d8e5e51376215b64b85414cd21,679,23dce08810ab019db5ae7bd07bb76b3da9d9b46571badc0ed040b104ff1cbca7
"(3,1,0,0)","(3,1,0,0):iso-00006",4f07a3cfbd06beafc28378c5f538774bda9905d8e5e51376215b64b85414cd21,679,f45c7aab3e99860420dddc82801845089b13e424311c67e5c078ff5ba617b4bc
"(3,1,0,0)","(3,1,0,0):iso-00006",4f07a3cfbd06beafc28378c5f538774bda9905d8e5e51376215b64b85414cd21,679,cb50eab409db09d63ee26d8744950c95d815cfbb5282749c970f277db3a83099
"(3,1,0,0)","(3,1,0,0):iso-00006",4f07a3cfbd06beafc28378c5f538774bda9905d8e5e51376215b64b85414cd21,679,0a7907356ee8c76c7ae40dc88667c45acf720f5eeb73c499b4f0761e05234a04
"(3,1,0,0)","(3,1,0,0):iso-00006",4f07a3cfbd06beafc28378c5f538774bda9905d8e5e51376215b64b85414cd21,679,ecf2ed5955664c405a1638f38ed9f506e620d1d162238371a5d4c273f0e8feaf
"(3,1,0,0)","(3,1,0,0):iso-00006",4f07a3cfbd06beafc28378c5f538774bda9905d8e5e51376215b64b85414cd21,679,cd3deb236f240ac170d8f2363961f96c3cbc69b1656f631ac764a528d8bacd3c
"(3,1,0,0)","(3,1,0,0):iso-00006",4f07a3cfbd06beafc28378c5f538774bda9905d8e5e51376215b64b85414cd21,679,de469221e2bf8d755f6a3b55435f9b01cf36501526391268ef94c93882c9fe0e
"(3,1,0,0)","(3,1,0,0):iso-00006",4f07a3cfbd06beafc28378c5f538774bda9905d8e5e51376215b64b85414cd21,679,ac6d5a48ce7424963b651d1136bacee3ac7e536572f50c23fce9a95c4691b68c
"(3,1,0,0)","(3,1,0,0):iso-00006",4f07a3cfbd06beafc28378c5f538774bda9905d8e5e51376215b64b85414cd21,679,f77884bef61b80f7acc5502a27e070d8177b30bca8ea3f11b0d5b44e2a71a95e
"(3,1,0,0)","(3,1,0,0):iso-00006",4f07a3cfbd06beafc28378c5f538774bda9905d8e5e51376215b64b85414cd21,679,e67dc8a48ab6561e48d469f121aa9fb904c06c29da877a7bbcd6f00f7731e2ee
"(3,1,0,0)","(3,1,0,0):iso-00006",4f07a3cfbd06beafc28378c5f538774bda9905d8e5e51376215b64b85414cd21,679,91bce59f4266b6fdb0a29c67bd19ecf486b8318ec2497f882adbc9d7a5de5497
"(3,1,0,0)","(3,1,0,0):iso-00006",4f07a3cfbd06beafc28378c5f538774bda9905d8e5e51376215b64b85414cd21,679,5079c61836b5de9aafb7652fede4d040c45d1b027054d56a0f9bb7089a1d8360
"(3,1,0,0)","(3,1,0,0):iso-00006",4f07a3cfbd06beafc28378c5f538774bda9905d8e5e51376215b64b85414cd21,679,775ac944c379398e9c4e7775df06dde4c79ee9996acfcab9ba51394b91df5697
"(3,1,0,0)","(3,1,0,0):iso-00006",4f07a3cfbd06beafc28378c5f538774bda9905d8e5e51376215b64b85414cd21,679,ac373e2c2ad4ebb6a3caa22bae538e7fafb82f687fd891ff6918941c487743c7
"(3,1,0,0)","(3,1,0,0):iso-00006",4f07a3cfbd06beafc28378c5f538774bda9905d8e5e51376215b64b85414cd21,679,ecfc89c53145e334882236a6e92263cc9a0eb8b25914f8fd6ab68e7610de494a
"(3,1,0,0)","(3,1,0,0):iso-00006",4f07a3cfbd06beafc28378c5f538774bda9905d8e5e51376215b64b85414cd21,679,5c58f5f61d054d5fd7b4c671a7284ab84960ffccea1e5297d8971aff874a213d
"(3,1,0,0)","(3,1,0,0):iso-00006",4f07a3cfbd06beafc28378c5f538774bda9905d8e5e51376215b64b85414cd21,679,8efda9635c5f9079bb610d9a7fab2eda60dbae4c3d2bc6af9cd2e7e71fc27da2
"(3,1,0,0)","(3,1,0,0):iso-00006",4f07a3cfbd06beafc28378c5f538774bda9905d8e5e51376215b64b85414cd21,679,2b5035cc0e5804ed1fa93c0e066a4313f0ae9ad46705708869def6da46be6507
"(3,1,0,0)","(3,1,0,0):iso-00006",4f07a3cfbd06beafc28378c5f538774bda9905d8e5e51376215b64b85414cd21,679,0a78b4da018a6794e2bda792f24f6a4425734c6d566a16dd80f63f5ef8026c03
"(3,1,0,0)","(3,1,0,0):iso-00006",4f07a3cfbd06beafc28378c5f538774bda9905d8e5e51376215b64b85414cd21,679,6ada87f0fcb5e180b1385be4698536f51fd9fa4a222c2261be8db82bad0b2fa7
"(3,1,0,0)","(3,1,0,0):iso-00006",4f07a3cfbd06beafc28378c5f538774bda9905d8e5e51376215b64b85414cd21,679,e7d70155607e80c9ae92006afd48cabe0736bc9c4b7315c6278564354e95cc67
"(3,1,0,0)","(3,1,0,0):iso-00006",4f07a3cfbd06beafc28378c5f538774bda9905d8e5e51376215b64b85414cd21,679,cdfba2b353989d17919b3899ad0d5db4e06480802ec199a7d251d1df1d1464e7
"(3,1,0,0)","(3,1,0,0):iso-00006",4f07a3cfbd06beafc28378c5f538774bda9905d8e5e51376215b64b85414cd21,679,ff5f34c6f4bca6876251da19f321393562b14bf3d2164ba638544a663606edb5
"(3,1,0,0)","(3,1,0,0):iso-00006",4f07a3cfbd06beafc28378c5f538774bda9905d8e5e51376215b64b85414cd21,679,70bf0a19400c8061a401ab52a74c8771acda7bab3ec4d550cbfc6c9fffbb67ac
"(3,1,0,0)","(3,1,0,0):iso-00006",4f07a3cfbd06beafc28378c5f538774bda9905d8e5e51376215b64b85414cd21,679,ba9504b0f46fb5af186540587a555f8c0506d07a65541322901188052bc17bb2
"(3,1,0,0)","(3,1,0,0):iso-00006",4f07a3cfbd06beafc28378c5f538774bda9905d8e5e51376215b64b85414cd21,679,7ffddfe6a2ec522cd8fcaaa596028173912470a631f9f79fd70f5eb031eaf05d
"(3,1,0,0)","(3,1,0,0):iso-00006",4f07a3cfbd06beafc28378c5f538774bda9905d8e5e51376215b64b85414cd21,679,315d1076975b7aff365f8a20db71beca85d02686e96ed88d35511b92092a93e1
"(3,1,0,0)","(3,1,0,0):iso-00006",4f07a3cfbd06beafc28378c5f538774bda9905d8e5e51376215b64b85414cd21,679,c9ee45a85285bf91d7dfe96652149107fd99b4e3b78956604ac374cb1e87aec4
"(3,1,0,0)","(3,1,0,0):iso-00006",4f07a3cfbd06beafc28378c5f538774bda9905d8e5e51376215b64b85414cd21,679,3ce96a7da7ea614821d982701d7bcb9ab95f18c505e139e85be419ea881ae3f2
"(3,1,0,0)","(3,1,0,0):iso-00006",4f07a3cfbd06beafc28378c5f538774bda9905d8e5e51376215b64b85414cd21,679,fcd8912235673fb36f4f1636ed98578a2d7aaa837412915876d46f585dae067f
"(3,1,0,0)","(3,1,0,0):iso-00006",4f07a3cfbd06beafc28378c5f538774bda9905d8e5e51376215b64b85414cd21,679,c70bc6e348f91aa5542ab884050a1dc1ed13d7cd7f198925f1e4aa94cc7a8c06
"(3,1,0,0)","(3,1,0,0):iso-00006",4f07a3cfbd06beafc28378c5f538774bda9905d8e5e51376215b64b85414cd21,679,51795fed50170cc1f0bd6ab99e73099893eed5e714787d87e7cd8d98424631eb
"(3,1,0,0)","(3,1,0,0):iso-00006",4f07a3cfbd06beafc28378c5f538774bda9905d8e5e51376215b64b85414cd21,679,86bcd1dc8888e4d257b4275b0bcea2b88674e142c59e823d66192116c17bf3e3
"(3,1,0,0)","(3,1,0,0):iso-00006",4f07a3cfbd06beafc28378c5f538774bda9905d8e5e51376215b64b85414cd21,679,6a8d3bf8fe7df714f2eb88c45978a60695f3532ea3733bfcc22b5d583dd78b75
"(3,1,0,0)","(3,1,0,0):iso-00006",4f07a3cfbd06beafc28378c5f538774bda9905d8e5e51376215b64b85414cd21,679,5cd5d690e3dfacfcf8984377d8e77a257f588f71b635bd544be820e02456a9ff
"(3,1,0,0)","(3,1,0,0):iso-00006",4f07a3cfbd06beafc28378c5f538774bda9905d8e5e51376215b64b85414cd21,679,0883b18e8a08b413dd3a20d7f45231fc193564eb4b9e874584ac6a83a97801df
"(3,1,0,0)","(3,1,0,0):iso-00006",4f07a3cfbd06beafc28378c5f538774bda9905d8e5e51376215b64b85414cd21,679,1c34a4c8de8ae36fc0d17a1090b036ec183d90a6e4dfe5b77995d703e45ff72a
"(3,1,0,0)","(3,1,0,0):iso-00006",4f07a3cfbd06beafc28378c5f538774bda9905d8e5e51376215b64b85414cd21,679,d78f6201e9eb321a01af65f7171c8f7d4fd5605a3f6aa5d096bcfb4f1682ce7c
"(3,1,0,0)","(3,1,0,0):iso-00006",4f07a3cfbd06beafc28378c5f538774bda9905d8e5e51376215b64b85414cd21,679,5f3de8f8d63e1c0535910eddb581bca7c18a5ddb6d51d79f8558f4adb4731872
"(3,1,0,0)","(3,1,0,0):iso-00006",4f07a3cfbd06beafc28378c5f538774bda9905d8e5e51376215b64b85414cd21,679,ecca2814227af8abe58da3e126de7a93ceb98e088c14e40b5f1fc89c94430c6f
"(3,1,0,0)","(3,1,0,0):iso-00006",4f07a3cfbd06beafc28378c5f538774bda9905d8e5e51376215b64b85414cd21,679,c2d29949b36f81e4382f48800c1cc1af6cf5b9398d76ebaf8fe5cc2715d37fac
"(3,1,0,0)","(3,1,0,0):iso-00006",4f07a3cfbd06beafc28378c5f538774bda9905d8e5e51376215b64b85414cd21,679,d4bcab4f75cf07c208e82644f4489893a6db3c8e90e0edc664d1bc3f6f9f9fcf
"(3,1,0,0)","(3,1,0,0):iso-00006",4f07a3cfbd06beafc28378c5f538774bda9905d8e5e51376215b64b85414cd21,679,1c041928f1d4cf20366135750a82608f7ca8474516452e93a48315775a0e7988
"(3,1,0,0)","(3,1,0,0):iso-00006",4f07a3cfbd06beafc28378c5f538774bda9905d8e5e51376215b64b85414cd21,679,dfa102291bd42b98a1bf4a0cde2931663c66563392ce6eee0e68109cbd06b40b
"(3,1,0,0)","(3,1,0,0):iso-00006",4f07a3cfbd06beafc28378c5f538774bda9905d8e5e51376215b64b85414cd21,679,50a45fdb8f4f79866d51a9b46a5f382f94ea23142a16239a60f505d3a8434cbe
"(3,1,0,0)","(3,1,0,0):iso-00006",4f07a3cfbd06beafc28378c5f538774bda9905d8e5e51376215b64b85414cd21,679,f423559225e46c2860713f90bc47fdc52ee481b66a64c70b4d42e88c27428141
"(3,1,0,0)","(3,1,0,0):iso-00006",4f07a3cfbd06beafc28378c5f538774bda9905d8e5e51376215b64b85414cd21,679,3c7a114036ba407ab420333956e33ea349bf99a588645eea48d41b095c3283bc
"(3,1,0,0)","(3,1,0,0):iso-00006",4f07a3cfbd06beafc28378c5f538774bda9905d8e5e51376215b64b85414cd21,679,a745686775e4d963a75e14fa1005a116e9acbdf040dbe523e839652a741936bb
"(3,1,0,0)","(3,1,0,0):iso-00006",4f07a3cfbd06beafc28378c5f538774bda9905d8e5e51376215b64b85414cd21,679,b55f9140d6c3dfcfb2b71a64352be4373c3b3352aebf87bafc36bdfa7c7df5f7
"(3,1,0,0)","(3,1,0,0):iso-00006",4f07a3cfbd06beafc28378c5f538774bda9905d8e5e51376215b64b85414cd21,679,cd8e2a42fec1a836797b92caff13e76761b2ac15619fdd22a3718412571097f9
"(3,1,0,0)","(3,1,0,0):iso-00006",4f07a3cfbd06beafc28378c5f538774bda9905d8e5e51376215b64b85414cd21,679,c449942ad308582670bd0412e5084c6a751589c3c0ca56e89cf1c08193f5e360
"(3,1,0,0)","(3,1,0,0):iso-00006",4f07a3cfbd06beafc28378c5f538774bda9905d8e5e51376215b64b85414cd21,679,6a85bd8c244fa422e2721eea4c514dc6a9b272037ce6d5c82ea0f241ad10a252
"(3,1,0,0)","(3,1,0,0):iso-00006",4f07a3cfbd06beafc28378c5f538774bda9905d8e5e51376215b64b85414cd21,679,805e4ba9501bc134868475b45df17ae19de182b73f5d1f9727c8993221bb6c29
"(3,1,0,0)","(3,1,0,0):iso-00006",4f07a3cfbd06beafc28378c5f538774bda9905d8e5e51376215b64b85414cd21,679,bc787e56d4cc069e77c9489c0877fddbab99b9994d38dbe11a477064257e18f2
"(3,1,0,0)","(3,1,0,0):iso-00006",4f07a3cfbd06beafc28378c5f538774bda9905d8e5e51376215b64b85414cd21,679,c9dc610ae460701105073e924f36309a532acbfd1dc8ceab0cd26d83d210bc8c
"(3,1,0,0)","(3,1,0,0):iso-00006",4f07a3cfbd06beafc28378c5f538774bda9905d8e5e51376215b64b85414cd21,679,d746f21af9c45a40e1f12ed91a940a6e7b6448abb85d7e1143cf105fb95f787f
"(3,1,0,0)","(3,1,0,0):iso-00006",4f07a3cfbd06beafc28378c5f538774bda9905d8e5e51376215b64b85414cd21,679,bd29f51b8cf6419b0631f4d2d20b8608b975189ae59bf37092af94a3b9e5e019
"(3,1,0,0)","(3,1,0,0):iso-00006",4f07a3cfbd06beafc28378c5f538774bda9905d8e5e51376215b64b85414cd21,679,6774015a323664e254e1a3bc31ea01df14a9bc6f160c61394a03ba307fb4b4c0
"(3,1,0,0)","(3,1,0,0):iso-00006",4f07a3cfbd06beafc28378c5f538774bda9905d8e5e51376215b64b85414cd21,679,6f55e6fa3674599fc4db2516295deaab645a63b1abb63bd02d3496db36bb4ec1
"(3,1,0,0)","(3,1,0,0):iso-00006",4f07a3cfbd06beafc28378c5f538774bda9905d8e5e51376215b64b85414cd21,679,e2e48083c88392b89bca2cd8c9b5151bf8fcb81058b5f1aa1f85633ec2624077
"(3,1,0,0)","(3,1,0,0):iso-00006",4f07a3cfbd06beafc28378c5f538774bda9905d8e5e51376215b64b85414cd21,679,b2923b90ec572fe4cfa2c20b0c36bf67b321c94b464529f842e34048c077ee4e
"(3,1,0,0)","(3,1,0,0):iso-00006",4f07a3cfbd06beafc28378c5f538774bda9905d8e5e51376215b64b85414cd21,679,06f13d625756f85ef8e187b7fd93431f131c8d7a504151f82007efa79261efae
"(3,1,0,0)","(3,1,0,0):iso-00006",4f07a3cfbd06beafc28378c5f538774bda9905d8e5e51376215b64b85414cd21,679,7c93facb273c82d1ce7e9849b2cca06691c184b64d2e624af023996a868684b0
"(3,1,0,0)","(3,1,0,0):iso-00006",4f07a3cfbd06beafc28378c5f538774bda9905d8e5e51376215b64b85414cd21,679,df35f02baff4e9bae0e0a7d2bb2609ca8511bbe52b4c0807b747f8c1af136253
"(3,1,0,0)","(3,1,0,0):iso-00006",4f07a3cfbd06beafc28378c5f538774bda9905d8e5e51376215b64b85414cd21,679,7c8f9a3de2c0719046c6a0fffeea280ab91ee46bb42c397b20d2faf20809a7e8
"(3,1,0,0)","(3,1,0,0):iso-00006",4f07a3cfbd06beafc28378c5f538774bda9905d8e5e51376215b64b85414cd21,679,3a02361b9e0c8fdd44759ee90a67020616e632e8fab1597f168d0cd61abadbc4
"(3,1,0,0)","(3,1,0,0):iso-00006",4f07a3cfbd06beafc28378c5f538774bda9905d8e5e51376215b64b85414cd21,679,7fb30f1f86b93d3655b7bb0d838c5544174d468c66c35b6ef991f6997323615d
"(3,1,0,0)","(3,1,0,0):iso-00006",4f07a3cfbd06beafc28378c5f538774bda9905d8e5e51376215b64b85414cd21,679,7d3d8cfdaf46b519a4bd34f79953ccfbfbf4e2046baec23c447d3ddebf52caac
"(3,1,0,0)","(3,1,0,0):iso-00006",4f07a3cfbd06beafc28378c5f538774bda9905d8e5e51376215b64b85414cd21,679,f41c9909de4301cf7fd4259261f8069471397517bfbefbc94cc94f033f02452f
"(3,1,0,0)","(3,1,0,0):iso-00006",4f07a3cfbd06beafc28378c5f538774bda9905d8e5e51376215b64b85414cd21,679,98a59a39ac40dbd144361753508f5f3f3e55486ef5ea4cb810ac4c962d7ae963
"(3,1,0,0)","(3,1,0,0):iso-00006",4f07a3cfbd06beafc28378c5f538774bda9905d8e5e51376215b64b85414cd21,679,d089edf59eead6373cb1be5d41912ee4559efc6646d6e6b3a5aaad29f7048d81
"(3,1,0,0)","(3,1,0,0):iso-00006",4f07a3cfbd06beafc28378c5f538774bda9905d8e5e51376215b64b85414cd21,679,905e5eb8e61d848536b7acd895d54ce93275c821d87bfba30bfc5f5fb9ddbe4a
"(3,1,0,0)","(3,1,0,0):iso-00006",4f07a3cfbd06beafc28378c5f538774bda9905d8e5e51376215b64b85414cd21,679,372bcc414b346e9e065fb845e4eaa998ac5620d90a83cf3f02d674a3478b35d0
"(3,1,0,0)","(3,1,0,0):iso-00006",4f07a3cfbd06beafc28378c5f538774bda9905d8e5e51376215b64b85414cd21,679,96308ffce9f34656a27b3bdd46bd8c093d13ecbbbca8afebbd9e63d37102f6b7
"(3,1,0,0)","(3,1,0,0):iso-00006",4f07a3cfbd06beafc28378c5f538774bda9905d8e5e51376215b64b85414cd21,679,e923f50e106c8af179f7e5633a3e93492139c31e613358a29d7845610def5512
"(3,1,0,0)","(3,1,0,0):iso-00006",4f07a3cfbd06beafc28378c5f538774bda9905d8e5e51376215b64b85414cd21,679,f34e2b6fc40e3be14cee9d9abf73d6b6170ebabccba6e8c711fb941f1a37311f
"(3,1,0,0)","(3,1,0,0):iso-00006",4f07a3cfbd06beafc28378c5f538774bda9905d8e5e51376215b64b85414cd21,679,324a8ab9cb61e8c9ce69cee86451c22a8456a1b09cd3d9b6f10345d3d9392e66
"(3,1,0,0)","(3,1,0,0):iso-00006",4f07a3cfbd06beafc28378c5f538774bda9905d8e5e51376215b64b85414cd21,679,07d0caf7b3947bb30a8693d5216aa3e3c088acd690428c10455b532217b360cf
"(3,1,0,0)","(3,1,0,0):iso-00006",4f07a3cfbd06beafc28378c5f538774bda9905d8e5e51376215b64b85414cd21,679,67e4a5b9144c01c30f33fddc97f0bba311daae9f8182762988efdb95c46a6029
"(3,1,0,0)","(3,1,0,0):iso-00006",4f07a3cfbd06beafc28378c5f538774bda9905d8e5e51376215b64b85414cd21,679,cc6709fbb8d54f0ece5869d61e03492283ba2d40a3547c3695b6ed24a51e1882
"(3,1,0,0)","(3,1,0,0):iso-00006",4f07a3cfbd06beafc28378c5f538774bda9905d8e5e51376215b64b85414cd21,679,2612e1f422d134689c22b4d36b3fd7ef40887c068dd36df6999f1d7695e3e12a
"(3,1,0,0)","(3,1,0,0):iso-00006",4f07a3cfbd06beafc28378c5f538774bda9905d8e5e51376215b64b85414cd21,679,867570b9687b3cbbd107238525d6ed56cb70e8a538c6a4cfcb4e6016ce588030
"(3,1,0,0)","(3,1,0,0):iso-00006",4f07a3cfbd06beafc28378c5f538774bda9905d8e5e51376215b64b85414cd21,679,0b8164de7caa457eb6b71e9281fbc407acb0dbe64761640398db672e0c7e38ff
"(3,1,0,0)","(3,1,0,0):iso-00006",4f07a3cfbd06beafc28378c5f538774bda9905d8e5e51376215b64b85414cd21,679,a957c4581cd937e9123cadf59679d6ba241564c402f0c73bf33e3fa6b4c458ef
"(3,1,0,0)","(3,1,0,0):iso-00006",4f07a3cfbd06beafc28378c5f538774bda9905d8e5e51376215b64b85414cd21,679,4e7b23b8f3bb8d0463351098563c5f7d80133c09b4deddb583adaa1bf52fe2a1
"(3,1,0,0)","(3,1,0,0):iso-00006",4f07a3cfbd06beafc28378c5f538774bda9905d8e5e51376215b64b85414cd21,679,b1cf630476c6a44d10babe32b720481a701d2181b74760c4a8eb6632523b0536
"(3,1,0,0)","(3,1,0,0):iso-00006",4f07a3cfbd06beafc28378c5f538774bda9905d8e5e51376215b64b85414cd21,679,6c3777e3572a01d2b5bfef325513220a08119d03d95e311c99de8b00abba26f3
"(3,1,0,0)","(3,1,0,0):iso-00006",4f07a3cfbd06beafc28378c5f538774bda9905d8e5e51376215b64b85414cd21,679,6b004a9774397b477a420b029d8efd355cd51056c5a06b72ce9431c54b4ebae2
"(3,1,0,0)","(3,1,0,0):iso-00006",4f07a3cfbd06beafc28378c5f538774bda9905d8e5e51376215b64b85414cd21,679,2e837ca6dd439ed695563f2228f34c170150d1f0fc81cbbc7a232605d306b910
"(3,1,0,0)","(3,1,0,0):iso-00006",4f07a3cfbd06beafc28378c5f538774bda9905d8e5e51376215b64b85414cd21,679,82cd8a2aee2ef8c1fa51f06c1cf4ecf00fafc4257220bd9e5fbe1f9d23e77a8d
"(3,1,0,0)","(3,1,0,0):iso-00006",4f07a3cfbd06beafc28378c5f538774bda9905d8e5e51376215b64b85414cd21,679,30ed91696cc98fb8bae56b797501156afe1c5ab27f62f4b8af6453a7a9da4047
"(3,1,0,0)","(3,1,0,0):iso-00006",4f07a3cfbd06beafc28378c5f538774bda9905d8e5e51376215b64b85414cd21,679,5f2620230a9009497aad4eab641faec1b9b48399f923cd9a492d9271a673cf4d
"(3,1,0,0)","(3,1,0,0):iso-00006",4f07a3cfbd06beafc28378c5f538774bda9905d8e5e51376215b64b85414cd21,679,32e2a23093b7236abe1b7627786b463f822e3eb1bb61125a710728555183f9fd
"(3,1,0,0)","(3,1,0,0):iso-00006",4f07a3cfbd06beafc28378c5f538774bda9905d8e5e51376215b64b85414cd21,679,258ea4c50450d9b55f3e84e0576bc12326a38eb4d8faa4c1e3d3499745858455
"(3,1,0,0)","(3,1,0,0):iso-00006",4f07a3cfbd06beafc28378c5f538774bda9905d8e5e51376215b64b85414cd21,679,d68af0b41a45ba66a6d54f0ece781a70a60ff61125c8f1053ff971f95f4b95fc
"(3,1,0,0)","(3,1,0,0):iso-00006",4f07a3cfbd06beafc28378c5f538774bda9905d8e5e51376215b64b85414cd21,679,f6e8721f9c455d5b645a79f538c6a827c599611fdd9b2fe4b7aaa59456130502
"(3,1,0,0)","(3,1,0,0):iso-00006",4f07a3cfbd06beafc28378c5f538774bda9905d8e5e51376215b64b85414cd21,679,25b8960ad3fde1fc3dc3d363465b31438c2afaba424c5ffc9953dae1c4eff924
"(3,1,0,0)","(3,1,0,0):iso-00006",4f07a3cfbd06beafc28378c5f538774bda9905d8e5e51376215b64b85414cd21,679,29ba0e983a17a91e155c3c02c72750fee9ed238475b28ac62261c522f0b0e15c
"(3,1,0,0)","(3,1,0,0):iso-00006",4f07a3cfbd06beafc28378c5f538774bda9905d8e5e51376215b64b85414cd21,679,b1ebc8cc61aaceb80dba14bf7cfe764d048ee19a43a477cd15760ee4fda716c5
"(3,1,0,0)","(3,1,0,0):iso-00006",4f07a3cfbd06beafc28378c5f538774bda9905d8e5e51376215b64b85414cd21,679,6d2dad58af155c5b88df81081c279f7537b24046a306105e5cbb3828f560aea5
"(3,1,0,0)","(3,1,0,0):iso-00006",4f07a3cfbd06beafc28378c5f538774bda9905d8e5e51376215b64b85414cd21,679,ad2302f88fe86eaf7da359d907923a106220391839ad3c57634bdc024789a775
"(3,1,0,0)","(3,1,0,0):iso-00006",4f07a3cfbd06beafc28378c5f538774bda9905d8e5e51376215b64b85414cd21,679,5ea583e8f8bc09144d5b68bb0cd02d659913e7cc27db65b02e6d344cba2dae05
"(3,1,0,0)","(3,1,0,0):iso-00006",4f07a3cfbd06beafc28378c5f538774bda9905d8e5e51376215b64b85414cd21,679,77ac237ab273373299eecde0d484922d55f9d803e503925265fd3c150c8081a8
"(3,1,0,0)","(3,1,0,0):iso-00006",4f07a3cfbd06beafc28378c5f538774bda9905d8e5e51376215b64b85414cd21,679,d43068bbc0d40d6b0fba7bbb34f8e5a771b1c6216d0c325dc8e8315db64c088d
"(3,1,0,0)","(3,1,0,0):iso-00006",4f07a3cfbd06beafc28378c5f538774bda9905d8e5e51376215b64b85414cd21,679,1dcf4edc13a9a4ae1c7b904225fd33ba2f2ab0c5298a4cbef5b25cecd3512e03
"(3,1,0,0)","(3,1,0,0):iso-00006",4f07a3cfbd06beafc28378c5f538774bda9905d8e5e51376215b64b85414cd21,679,d224df7a103ea9c4e5cfb50642a934e3c7c02a1874ec7ac9bf38c1f9a45eb94a
"(3,1,0,0)","(3,1,0,0):iso-00006",4f07a3cfbd06beafc28378c5f538774bda9905d8e5e51376215b64b85414cd21,679,85225d07a681994b612134c9e5f83294e3d44f9b7cb43626d43e0025eb007065
"(3,1,0,0)","(3,1,0,0):iso-00006",4f07a3cfbd06beafc28378c5f538774bda9905d8e5e51376215b64b85414cd21,679,611fa5ce111323960ddef0e417c1fe8488372100a6d05bf6c396697f2f9c8b6f
"(3,1,0,0)","(3,1,0,0):iso-00006",4f07a3cfbd06beafc28378c5f538774bda9905d8e5e51376215b64b85414cd21,679,ea3be8b8937555d2d380a2792567e7ba011d362c84805e9832ac0130b6d43815
"(3,1,0,0)","(3,1,0,0):iso-00006",4f07a3cfbd06beafc28378c5f538774bda9905d8e5e51376215b64b85414cd21,679,66ab60c403c28b5ebbbba7b57f5139d32471ce61958eab7b7fedde278e185317
"(3,1,0,0)","(3,1,0,0):iso-00006",4f07a3cfbd06beafc28378c5f538774bda9905d8e5e51376215b64b85414cd21,679,f90a69cb1b2ce3a73fc8d298cb9a029cd6c20b912b1f8b6ba08d9332e9caa957
"(3,1,0,0)","(3,1,0,0):iso-00006",4f07a3cfbd06beafc28378c5f538774bda9905d8e5e51376215b64b85414cd21,679,d05f7bd798e1b71ff6765d4314aab0ff0c17a23d13ced036723311fab0eab1a1
"(3,1,0,0)","(3,1,0,0):iso-00006",4f07a3cfbd06beafc28378c5f538774bda9905d8e5e51376215b64b85414cd21,679,dfea060fd82d5c0b7109ee7d52f7d0a604ac076009aa1f78455f0d88f6995591
"(3,1,0,0)","(3,1,0,0):iso-00006",4f07a3cfbd06beafc28378c5f538774bda9905d8e5e51376215b64b85414cd21,679,2c452b5f3d0727a827b864983f96f982ef9c9459abed6da831482b4d2f518a1d
"(3,1,0,0)","(3,1,0,0):iso-00006",4f07a3cfbd06beafc28378c5f538774bda9905d8e5e51376215b64b85414cd21,679,1511c98c539108cc88aac4aeca41a1111e00c60245d0d0200684d8def9282387
"(3,1,0,0)","(3,1,0,0):iso-00006",4f07a3cfbd06beafc28378c5f538774bda9905d8e5e51376215b64b85414cd21,679,a9ceea2cd134a14cb9641084c0e355284fafe8c91d41f2fc3e1a4c2868288474
"(3,1,0,0)","(3,1,0,0):iso-00006",4f07a3cfbd06beafc28378c5f538774bda9905d8e5e51376215b64b85414cd21,679,86a0611dbc3d0d808cad19534a2d8c15d25a796bd1fc8a9d205a27f95477d3eb
"(3,1,0,0)","(3,1,0,0):iso-00006",4f07a3cfbd06beafc28378c5f538774bda9905d8e5e51376215b64b85414cd21,679,5f0e928f1fc9d1768be7bbf3926d4ff17bf59ee45bc6a9e4f9f2af505f6353da
"(3,1,0,0)","(3,1,0,0):iso-00006",4f07a3cfbd06beafc28378c5f538774bda9905d8e5e51376215b64b85414cd21,679,0e6bdd6b6bc52d7ee2e419e4b13db67c5da25393b9587b69d1d799df3f49705a
"(3,1,0,0)","(3,1,0,0):iso-00006",4f07a3cfbd06beafc28378c5f538774bda9905d8e5e51376215b64b85414cd21,679,6a43d32946f268d5907194ad0b63311aec5d3dbc526947c3197c0c4a6be5a39f
"(3,1,0,0)","(3,1,0,0):iso-00006",4f07a3cfbd06beafc28378c5f538774bda9905d8e5e51376215b64b85414cd21,679,91eb0df3697c67537ed5ab983120f17c623916013ed5aceb5d0c979eec7536fe
"(3,1,0,0)","(3,1,0,0):iso-00006",4f07a3cfbd06beafc28378c5f538774bda9905d8e5e51376215b64b85414cd21,679,a6e6d2a8888effe4171736b16bd2239f56ada2b86233976d5dcdaeef8ade3b04
"(3,1,0,0)","(3,1,0,0):iso-00006",4f07a3cfbd06beafc28378c5f538774bda9905d8e5e51376215b64b85414cd21,679,b4e8529254d5e7f9c43e0f111b53c7905bb440fe8e0df680c7525a2a2e2ef811
"(3,1,0,0)","(3,1,0,0):iso-00006",4f07a3cfbd06beafc28378c5f538774bda9905d8e5e51376215b64b85414cd21,679,a211d3e9c423088381ea30bff544aa320a592ccc746bc7859dcb787bc572ee73
"(3,1,0,0)","(3,1,0,0):iso-00006",4f07a3cfbd06beafc28378c5f538774bda9905d8e5e51376215b64b85414cd21,679,1d26930fcb826c826eaad71665fb21bfaf27d01e9a55c4591cdfc219c187dda4
"(3,1,0,0)","(3,1,0,0):iso-00006",4f07a3cfbd06beafc28378c5f538774bda9905d8e5e51376215b64b85414cd21,679,bc528f487d140a9995ab44251be84e89587ff87c2f5f681bf4888c98f50168b0
"(3,1,0,0)","(3,1,0,0):iso-00006",4f07a3cfbd06beafc28378c5f538774bda9905d8e5e51376215b64b85414cd21,679,18ae835d14bfb220567e3bfb7f7b0c798ef361e94be28fed27ab62cd1212746c
"(3,1,0,0)","(3,1,0,0):iso-00006",4f07a3cfbd06beafc28378c5f538774bda9905d8e5e51376215b64b85414cd21,679,2267f4dc2ad8520758fc6c7b99af013394c73c35ab59f9f0688fc9578418a32b
"(3,1,0,0)","(3,1,0,0):iso-00006",4f07a3cfbd06beafc28378c5f538774bda9905d8e5e51376215b64b85414cd21,679,eade434e45821048f15c7f7cef6ebd3498e218ee275b1bb86df79ec82a1d03ac
"(3,1,0,0)","(3,1,0,0):iso-00006",4f07a3cfbd06beafc28378c5f538774bda9905d8e5e51376215b64b85414cd21,679,0a14c7ab537a587ab3787f53ea5a72ba81e3d75d401130506fac4f9de1a34c03
"(3,1,0,0)","(3,1,0,0):iso-00006",4f07a3cfbd06beafc28378c5f538774bda9905d8e5e51376215b64b85414cd21,679,52a5900adeb98f4606af4fc6a8fe41d2ce5c2116d7957354a4ad8353eadb6dc0
"(3,1,0,0)","(3,1,0,0):iso-00006",4f07a3cfbd06beafc28378c5f538774bda9905d8e5e51376215b64b85414cd21,679,a03d0dc6d5f2123bd4b965afe3c6525caeb4282c2b7ee43ad98bf6992f4ca453
"(3,1,0,0)","(3,1,0,0):iso-00006",4f07a3cfbd06beafc28378c5f538774bda9905d8e5e51376215b64b85414cd21,679,011372dbb17c456557ce05ce725fb7dd2b835ff1bd9a849045d59679ac88b83c
"(3,1,0,0)","(3,1,0,0):iso-00006",4f07a3cfbd06beafc28378c5f538774bda9905d8e5e51376215b64b85414cd21,679,4f884e878796102771d3d7050b0dc96dd6bf9391cc0e4c050c4b582cf7bba5cb
"(3,1,0,0)","(3,1,0,0):iso-00006",4f07a3cfbd06beafc28378c5f538774bda9905d8e5e51376215b64b85414cd21,679,d8b64ff4679483d25689f6229a726d07d1fe6742fc728a6321edc5d16a732ac7
"(3,1,0,0)","(3,1,0,0):iso-00006",4f07a3cfbd06beafc28378c5f538774bda9905d8e5e51376215b64b85414cd21,679,44a2c2ea4af77b2bf3cd69e23b14cde7e4adc6d4108bacf57127613358580aa1
"(3,1,0,0)","(3,1,0,0):iso-00006",4f07a3cfbd06beafc28378c5f538774bda9905d8e5e51376215b64b85414cd21,679,68e0237dab925ab225c183b726efee1c19349bb49f8fbf53e53dd885f581751c
"(3,1,0,0)","(3,1,0,0):iso-00006",4f07a3cfbd06beafc28378c5f538774bda9905d8e5e51376215b64b85414cd21,679,8983a9774445e5b17217079be7b772719110566fc3e11e0dbf100c834b316edb
"(3,1,0,0)","(3,1,0,0):iso-00006",4f07a3cfbd06beafc28378c5f538774bda9905d8e5e51376215b64b85414cd21,679,3eda5cfe2111586376089a13ea6cdef818fdfe62e73880afa820db7bf0b8fce4
"(3,1,0,0)","(3,1,0,0):iso-00006",4f07a3cfbd06beafc28378c5f538774bda9905d8e5e51376215b64b85414cd21,679,d5ebbeb1678663ebc9c0e08f7b0bb9f1b6554eae09751d4f44fc8dac56fe2337
"(3,1,0,0)","(3,1,0,0):iso-00006",4f07a3cfbd06beafc28378c5f538774bda9905d8e5e51376215b64b85414cd21,679,25d968d3ae5655bd9a1e94edd3d93efcd77dca9bfd4e2aca3370a990026f7f12
"(3,1,0,0)","(3,1,0,0):iso-00006",4f07a3cfbd06beafc28378c5f538774bda9905d8e5e51376215b64b85414cd21,679,b5920d29b7ce3e2a76a240c2761acafcdf1d44a375ea0395b9f077d6ecf165c0
"(3,1,0,0)","(3,1,0,0):iso-00006",4f07a3cfbd06beafc28378c5f538774bda9905d8e5e51376215b64b85414cd21,679,78b7a9dbff3aae1e6f3212d411dde6d7fcf3a11a0881c08e8f0c12db961a46a4
"(3,1,0,0)","(3,1,0,0):iso-00006",4f07a3cfbd06beafc28378c5f538774bda9905d8e5e51376215b64b85414cd21,679,153a05fd9646ec38403a38369b9e1aca83d86fc3be761f8a5f277a1794724060
"(3,1,0,0)","(3,1,0,0):iso-00006",4f07a3cfbd06beafc28378c5f538774bda9905d8e5e51376215b64b85414cd21,679,527cbb36e15f1cafab3ac122624a94bc04062297aae22a216eb01a5832874446
"(3,1,0,0)","(3,1,0,0):iso-00006",4f07a3cfbd06beafc28378c5f538774bda9905d8e5e51376215b64b85414cd21,679,56bf26167187e1a42ce24bddd89f13bea10168ed514790d6e40311c2712ad643
"(3,1,0,0)","(3,1,0,0):iso-00006",4f07a3cfbd06beafc28378c5f538774bda9905d8e5e51376215b64b85414cd21,679,81cd6e87b6db6f86ed964a7bad2435a8d2e235b6d9b51e65bd89ae576642b21e
"(3,1,0,0)","(3,1,0,0):iso-00006",4f07a3cfbd06beafc28378c5f538774bda9905d8e5e51376215b64b85414cd21,679,04e92a7a38b99e50a6827282e9fa164ce6ff125c5301f82c3d018aff2a6ca053
"(3,1,0,0)","(3,1,0,0):iso-00006",4f07a3cfbd06beafc28378c5f538774bda9905d8e5e51376215b64b85414cd21,679,85540e7fabc219473aadee246fbfc71b1410c77d49abd11cd83c5ffb477d117b
"(3,1,0,0)","(3,1,0,0):iso-00006",4f07a3cfbd06beafc28378c5f538774bda9905d8e5e51376215b64b85414cd21,679,bb2182911e68af66c08be311477bdcb1cd996688a84288ef314631c1a2ec4b2e
"(3,1,0,0)","(3,1,0,0):iso-00006",4f07a3cfbd06beafc28378c5f538774bda9905d8e5e51376215b64b85414cd21,679,3f5520ecfe723c069824dcc7b97283e0bd1946e2f683e2884487d9e3e0570d23
"(3,1,0,0)","(3,1,0,0):iso-00006",4f07a3cfbd06beafc28378c5f538774bda9905d8e5e51376215b64b85414cd21,679,b9517c79638488687e74afe58e05a47c1a763e2ba1527919bbd2dad6ce168bd2
"(3,1,0,0)","(3,1,0,0):iso-00006",4f07a3cfbd06beafc28378c5f538774bda9905d8e5e51376215b64b85414cd21,679,3a2cb781aa901759edb70be2009631ba045163cc6508dc56a59faac6645076dd
"(3,1,0,0)","(3,1,0,0):iso-00006",4f07a3cfbd06beafc28378c5f538774bda9905d8e5e51376215b64b85414cd21,679,4c0471264fe20582a5a3ba600963926bb42da8a0828aa98a572e1fd177ebe745
"(3,1,0,0)","(3,1,0,0):iso-00006",4f07a3cfbd06beafc28378c5f538774bda9905d8e5e51376215b64b85414cd21,679,a2a5e6affe03a4812d7514c993b524b99f7141ebaa93568a12592a354f07029c
"(3,1,0,0)","(3,1,0,0):iso-00006",4f07a3cfbd06beafc28378c5f538774bda9905d8e5e51376215b64b85414cd21,679,73b09c36ead0d17d6635a4c4ff3f38062dc1b131dc8632c5b58346a63903ebc3
"(3,1,0,0)","(3,1,0,0):iso-00006",4f07a3cfbd06beafc28378c5f538774bda9905d8e5e51376215b64b85414cd21,679,f0baf21f24c08a7c21eda89d1936ac6046e6991c07934caa5587536076f55af6
"(3,1,0,0)","(3,1,0,0):iso-00006",4f07a3cfbd06beafc28378c5f538774bda9905d8e5e51376215b64b85414cd21,679,ba992453f82e04957422f5a8fc43d679ef1d1b388c4c2c347aee900a288c4078
"(3,1,0,0)","(3,1,0,0):iso-00006",4f07a3cfbd06beafc28378c5f538774bda9905d8e5e51376215b64b85414cd21,679,5f938278a1ee2bd86a039ce9d4be67473a561bce68ca41c5774d9becb534067f
"(3,1,0,0)","(3,1,0,0):iso-00006",4f07a3cfbd06beafc28378c5f538774bda9905d8e5e51376215b64b85414cd21,679,af986b9f6af8651bae86aed05337bae0cf7c8d9b471ac9cab4517e987a45de7c
"(3,1,0,0)","(3,1,0,0):iso-00006",4f07a3cfbd06beafc28378c5f538774bda9905d8e5e51376215b64b85414cd21,679,68f63bd4c4f3943452d101a62bd1087bc0f3444c3ff94a93a1d55bf5d702e604
"(3,1,0,0)","(3,1,0,0):iso-00006",4f07a3cfbd06beafc28378c5f538774bda9905d8e5e51376215b64b85414cd21,679,58dbc252905ea20b5cec794ae1dff27553d72cc2f7501ba9852cb0690d594d84
"(3,1,0,0)","(3,1,0,0):iso-00006",4f07a3cfbd06beafc28378c5f538774bda9905d8e5e51376215b64b85414cd21,679,5f2a5477648a138c8f20017c5ded25b81cef8378068c81c99de510d3426b6621
"(3,1,0,0)","(3,1,0,0):iso-00006",4f07a3cfbd06beafc28378c5f538774bda9905d8e5e51376215b64b85414cd21,679,092bd252d72c0b81373567a6c95ed6471373eca0683286da1585c848173535f7
"(3,1,0,0)","(3,1,0,0):iso-00006",4f07a3cfbd06beafc28378c5f538774bda9905d8e5e51376215b64b85414cd21,679,fb22398e2413ead4d075efd3699055ce7ad7fa2047059cb8f99f6fb86c154b53
"(3,1,0,0)","(3,1,0,0):iso-00006",4f07a3cfbd06beafc28378c5f538774bda9905d8e5e51376215b64b85414cd21,679,106dccb956a01d6df8ad6d7fdd212ea905ab7230f46f0639041493e6c88392c8
"(3,1,0,0)","(3,1,0,0):iso-00006",4f07a3cfbd06beafc28378c5f538774bda9905d8e5e51376215b64b85414cd21,679,baedbbb47cf2d9fd36429a23f2d7b5f15db886e94f0233353ae87b107ceb7276
"(3,1,0,0)","(3,1,0,0):iso-00006",4f07a3cfbd06beafc28378c5f538774bda9905d8e5e51376215b64b85414cd21,679,2ddc80689128f579966d7deb436cf78eccfdc539a0c25b33664617ca11a0a4a6
"(3,1,0,0)","(3,1,0,0):iso-00006",4f07a3cfbd06beafc28378c5f538774bda9905d8e5e51376215b64b85414cd21,679,58abc4f4c92137b1137b5e1f8db7f3da63cd02b300e428a91b9fcba5be0089a5
"(3,1,0,0)","(3,1,0,0):iso-00006",4f07a3cfbd06beafc28378c5f538774bda9905d8e5e51376215b64b85414cd21,679,923a31d1aeb103ebdebf6dfbc0336eb361be1e1b83c115d50163d2b5352ae0ea
"(3,1,0,0)","(3,1,0,0):iso-00006",4f07a3cfbd06beafc28378c5f538774bda9905d8e5e51376215b64b85414cd21,679,45851b7340cd30d9e45d58bebaeecd492894db1d11340106c6954c4c96b8ff22
"(3,1,0,0)","(3,1,0,0):iso-00006",4f07a3cfbd06beafc28378c5f538774bda9905d8e5e51376215b64b85414cd21,679,45954d1b37b7e49c2746bdc03e20a6319f50e7ae53d643746044ecabf8f395c4
"(3,1,0,0)","(3,1,0,0):iso-00006",4f07a3cfbd06beafc28378c5f538774bda9905d8e5e51376215b64b85414cd21,679,95f262be838a2affab41a92be8ce776403b42c7cd04fbd7b48e6856e004dba51
"(3,1,0,0)","(3,1,0,0):iso-00006",4f07a3cfbd06beafc28378c5f538774bda9905d8e5e51376215b64b85414cd21,679,140bf36f94aef34f6e33b521c4ebe79662fb54a0bef15209fc5a030cba66b568
"(3,1,0,0)","(3,1,0,0):iso-00006",4f07a3cfbd06beafc28378c5f538774bda9905d8e5e51376215b64b85414cd21,679,c7e6892bad33fed7f294611b34e47cf5bb3cfb704f2ed00e7435424d6f3278a3
"(3,1,0,0)","(3,1,0,0):iso-00006",4f07a3cfbd06beafc28378c5f538774bda9905d8e5e51376215b64b85414cd21,679,d524008e331489ace94b982ee6306e5fd00cf7cfcd51ad0960edc20d7ac0b70e
"(3,1,0,0)","(3,1,0,0):iso-00006",4f07a3cfbd06beafc28378c5f538774bda9905d8e5e51376215b64b85414cd21,679,1d318627d74b3c9528bec6947a201eb6994d76e09e5cc119b8bed1aeceef2901
"(3,1,0,0)","(3,1,0,0):iso-00006",4f07a3cfbd06beafc28378c5f538774bda9905d8e5e51376215b64b85414cd21,679,87bacb2e9fba80b6c020da2c6c96dcd6d949fd161f031d3ea9d805135e303a0a
"(3,1,0,0)","(3,1,0,0):iso-00006",4f07a3cfbd06beafc28378c5f538774bda9905d8e5e51376215b64b85414cd21,679,6f48b746f16d7da012d1014598b1445dddf4f010046e50d3d0207213bd004d51
"(3,1,0,0)","(3,1,0,0):iso-00006",4f07a3cfbd06beafc28378c5f538774bda9905d8e5e51376215b64b85414cd21,679,289b933e5eac5d99f4ff0be9c99dd7925b5845153210aa72e34b9e6839182533
"(3,1,0,0)","(3,1,0,0):iso-00006",4f07a3cfbd06beafc28378c5f538774bda9905d8e5e51376215b64b85414cd21,679,b931b8e5e3c3900a8bcb56336075d3eb80516f8b91421be8116d21d57dc6020b
"(3,1,0,0)","(3,1,0,0):iso-00006",4f07a3cfbd06beafc28378c5f538774bda9905d8e5e51376215b64b85414cd21,679,fc7a3dd744ac4464133b7308a9915a05b04ec89e5f302c931a381fe58693cbdd
"(3,1,0,0)","(3,1,0,0):iso-00006",4f07a3cfbd06beafc28378c5f538774bda9905d8e5e51376215b64b85414cd21,679,e076a7c2f2a0f8cf757b84539ec69e275f158cd6d256d7aad7e535aab017fada
"(3,1,0,0)","(3,1,0,0):iso-00006",4f07a3cfbd06beafc28378c5f538774bda9905d8e5e51376215b64b85414cd21,679,3b852656cc29d5ce75ea3b3b1f7eaae8fb982d67d951dd66c56bc494107d22bb
"(3,1,0,0)","(3,1,0,0):iso-00006",4f07a3cfbd06beafc28378c5f538774bda9905d8e5e51376215b64b85414cd21,679,1d5bbdef43193e350031a4f49287bb3b44edff9a1e18f4e23df1e4ae02f35abd
"(3,1,0,0)","(3,1,0,0):iso-00006",4f07a3cfbd06beafc28378c5f538774bda9905d8e5e51376215b64b85414cd21,679,675b1ced1c07d14ddf73fe7675e37de88ec041bb8a220f6397795d25358c2e48
"(3,1,0,0)","(3,1,0,0):iso-00006",4f07a3cfbd06beafc28378c5f538774bda9905d8e5e51376215b64b85414cd21,679,c8949905d002ed8a2dbe956f1186f10c312dc61099e71e92859f108a97ff272d
"(3,1,0,0)","(3,1,0,0):iso-00006",4f07a3cfbd06beafc28378c5f538774bda9905d8e5e51376215b64b85414cd21,679,f150b76a74ab616957a739fef58c7e9454a3f0a8ba29fa2bcacec95af4ed3db9
"(3,1,0,0)","(3,1,0,0):iso-00006",4f07a3cfbd06beafc28378c5f538774bda9905d8e5e51376215b64b85414cd21,679,65dbbd351076989aa7c17b1e375cc50fc464c257b0068c8c193f5574ecd61f93
"(3,1,0,0)","(3,1,0,0):iso-00006",4f07a3cfbd06beafc28378c5f538774bda9905d8e5e51376215b64b85414cd21,679,e47b643637254538430e41b634ea5bc2e1341d53c420c11635eedcc59b840ee6
"(3,1,0,0)","(3,1,0,0):iso-00006",4f07a3cfbd06beafc28378c5f538774bda9905d8e5e51376215b64b85414cd21,679,82cc02699304fc88a7e7bcf68b8656af71773a73b59229875572de83a3dc7286
"(3,1,0,0)","(3,1,0,0):iso-00006",4f07a3cfbd06beafc28378c5f538774bda9905d8e5e51376215b64b85414cd21,679,b79f74ae7a46e1d548df31c63f35c4888709759278fa1e75e55281422dd7405f
"(3,1,0,0)","(3,1,0,0):iso-00006",4f07a3cfbd06beafc28378c5f538774bda9905d8e5e51376215b64b85414cd21,679,699dfc68d24d7f42fc5f8650886fe874a0d329b21c4ef6ad216e4bc60ce89b31
"(3,1,0,0)","(3,1,0,0):iso-00006",4f07a3cfbd06beafc28378c5f538774bda9905d8e5e51376215b64b85414cd21,679,51987c80b8cd814c72c5be92649f516b90a9ef562b23c8e090c951670ecdc919
"(3,1,0,0)","(3,1,0,0):iso-00006",4f07a3cfbd06beafc28378c5f538774bda9905d8e5e51376215b64b85414cd21,679,ca7be9097cb9b95ca781c7b2b905c349a066955dfba57f8f96dd3832debf6a52
"(3,1,0,0)","(3,1,0,0):iso-00006",4f07a3cfbd06beafc28378c5f538774bda9905d8e5e51376215b64b85414cd21,679,215096ec9cf9c2a757f3c43ec85a65de331a240849388ab0da95a189c6f3dfda
"(3,1,0,0)","(3,1,0,0):iso-00006",4f07a3cfbd06beafc28378c5f538774bda9905d8e5e51376215b64b85414cd21,679,4227f8ad9fb6144ff2e877289bf916d7c988d4456ce6dc125886f4d728418fd4
"(3,1,0,0)","(3,1,0,0):iso-00006",4f07a3cfbd06beafc28378c5f538774bda9905d8e5e51376215b64b85414cd21,679,c0ed0ed405ca2aedd36c9d28a04903e1d2eacb97962e5211500610295df47e9a
"(3,1,0,0)","(3,1,0,0):iso-00006",4f07a3cfbd06beafc28378c5f538774bda9905d8e5e51376215b64b85414cd21,679,91ac16dad2ffd894b6b75cfd1bd1ec0d7da2f2a1de4d2734f5560b723d7eb898
"(3,1,0,0)","(3,1,0,0):iso-00006",4f07a3cfbd06beafc28378c5f538774bda9905d8e5e51376215b64b85414cd21,679,cb3fd1a4a5b3a2b70ce0fa16dbf754c869d2b997110e07d7ac1fb8040e635317
"(3,1,0,0)","(3,1,0,0):iso-00006",4f07a3cfbd06beafc28378c5f538774bda9905d8e5e51376215b64b85414cd21,679,8c823b8d430bd505312a6b4a273a9999aedf396a6bd62320fb691319f76a2144
"(3,1,0,0)","(3,1,0,0):iso-00006",4f07a3cfbd06beafc28378c5f538774bda9905d8e5e51376215b64b85414cd21,679,6cf2124e7a7f0775ec19497239bb7db809b162f3fd787d37b0d6207c966f6f16
"(3,1,0,0)","(3,1,0,0):iso-00006",4f07a3cfbd06beafc28378c5f538774bda9905d8e5e51376215b64b85414cd21,679,67e08765e508ed72f0cc0a648e7c5902243bf7283eea3b0a2f6bbb97d1c1d39f
"(3,1,0,0)","(3,1,0,0):iso-00006",4f07a3cfbd06beafc28378c5f538774bda9905d8e5e51376215b64b85414cd21,679,eafb8bd8bf87134b03513fa9db5fc88eeb96d234979a2c0f241349f467f22ee6
"(3,1,0,0)","(3,1,0,0):iso-00006",4f07a3cfbd06beafc28378c5f538774bda9905d8e5e51376215b64b85414cd21,679,faf1a9f4dfd4695255938e9a39c42896d97bd08c3b9943b24cb80e0c6a886e62
"(3,1,0,0)","(3,1,0,0):iso-00006",4f07a3cfbd06beafc28378c5f538774bda9905d8e5e51376215b64b85414cd21,679,a2b00346aa46abcd900fc18832cd677f515a1e1fed2d38c451d3f767a6b34372
"(3,1,0,0)","(3,1,0,0):iso-00006",4f07a3cfbd06beafc28378c5f538774bda9905d8e5e51376215b64b85414cd21,679,7ea8db6975ec34a9c3da4ef87b26bd3c20fb89b042909b0f947c227230b5b217
"(3,1,0,0)","(3,1,0,0):iso-00006",4f07a3cfbd06beafc28378c5f538774bda9905d8e5e51376215b64b85414cd21,679,64b61137ab0ad3bf42318cea7c4de44d84f66686826047c65240cb4d066608cb
"(3,1,0,0)","(3,1,0,0):iso-00006",4f07a3cfbd06beafc28378c5f538774bda9905d8e5e51376215b64b85414cd21,679,ca343a68884a8447760740d1fcd985870f4cd110484a910fc3cd808349b5393c
"(3,1,0,0)","(3,1,0,0):iso-00006",4f07a3cfbd06beafc28378c5f538774bda9905d8e5e51376215b64b85414cd21,679,5ad3262178c2f8f7596fd2306eef617bde8affb5e56c8e92b47ed4cec8890a5d
"(3,1,0,0)","(3,1,0,0):iso-00006",4f07a3cfbd06beafc28378c5f538774bda9905d8e5e51376215b64b85414cd21,679,9ff8007017c07e8097c9540a198b5f3f789a0c49cbce654c58a3bb48770e60c1
"(3,1,0,0)","(3,1,0,0):iso-00006",4f07a3cfbd06beafc28378c5f538774bda9905d8e5e51376215b64b85414cd21,679,18cbbd32f3de439f8ffb63991032315a4c445a201088ca6f338501b6cd9ea010
"(3,1,0,0)","(3,1,0,0):iso-00006",4f07a3cfbd06beafc28378c5f538774bda9905d8e5e51376215b64b85414cd21,679,04dd9984c42ceba5deb0549e6ca25f6520216593c86cec6f249304f728514bf4
"(3,1,0,0)","(3,1,0,0):iso-00006",4f07a3cfbd06beafc28378c5f538774bda9905d8e5e51376215b64b85414cd21,679,554c14df5d3492d4e0bfc8a4ca1d2b8ffd24f085267f5b63c73d9eeadbf3c8d0
"(3,1,0,0)","(3,1,0,0):iso-00006",4f07a3cfbd06beafc28378c5f538774bda9905d8e5e51376215b64b85414cd21,679,3ca636514e640b92a3e45d635ca573a53d6ea902c7a85b2dca31bb68b61b5a63
"(3,1,0,0)","(3,1,0,0):iso-00006",4f07a3cfbd06beafc28378c5f538774bda9905d8e5e51376215b64b85414cd21,679,6062fc7dea44f89c5592573bbc683486fd5c9be3d9d217cca5e2c3d6bb6495e3
"(3,1,0,0)","(3,1,0,0):iso-00006",4f07a3cfbd06beafc28378c5f538774bda9905d8e5e51376215b64b85414cd21,679,61bcdd073f1884ca3e98f98a738deb83a6c1e974ac165e9eb332b91d0f9b76e3
"(3,1,0,0)","(3,1,0,0):iso-00006",4f07a3cfbd06beafc28378c5f538774bda9905d8e5e51376215b64b85414cd21,679,85a0d6a87a974362e4826fa3b83f0803318ce3a54ab9eb2106bc8f8fc3cffc62
"(3,1,0,0)","(3,1,0,0):iso-00006",4f07a3cfbd06beafc28378c5f538774bda9905d8e5e51376215b64b85414cd21,679,f8593e3bf9b192df2eb3c29a5cd715b9ca1369df0072c40818acdcb362f42925
"(3,1,0,0)","(3,1,0,0):iso-00006",4f07a3cfbd06beafc28378c5f538774bda9905d8e5e51376215b64b85414cd21,679,677dddc62d1f311b76ae3901cf9e07eca905637f7a26e5a0fbc8256e418976bd
"(3,1,0,0)","(3,1,0,0):iso-00006",4f07a3cfbd06beafc28378c5f538774bda9905d8e5e51376215b64b85414cd21,679,8facf1215f2d155b0869eb9375325e455d40980d3c9ea506df167cf0775035d4
"(3,1,0,0)","(3,1,0,0):iso-00006",4f07a3cfbd06beafc28378c5f538774bda9905d8e5e51376215b64b85414cd21,679,fb3b74d86f71d5431e099878b39abec6ef8f3ee569913cba694587d7ef92f230
"(3,1,0,0)","(3,1,0,0):iso-00006",4f07a3cfbd06beafc28378c5f538774bda9905d8e5e51376215b64b85414cd21,679,8da6154ca4fe4101cf2d5fa7e53ab43fe5148bbae5550a740e4f6d5ab958dc70
"(3,1,0,0)","(3,1,0,0):iso-00006",4f07a3cfbd06beafc28378c5f538774bda9905d8e5e51376215b64b85414cd21,679,dbe0980e0177f357f56843c680988f33d1968f7a70c5e242dca8fa6ecd5640fe
"(3,1,0,0)","(3,1,0,0):iso-00006",4f07a3cfbd06beafc28378c5f538774bda9905d8e5e51376215b64b85414cd21,679,bd9da0bb3128163866ca086e50466ce290d61aa2e314992a9e85da11afe3ef2c
"(3,1,0,0)","(3,1,0,0):iso-00006",4f07a3cfbd06beafc28378c5f538774bda9905d8e5e51376215b64b85414cd21,679,e0920a98cf9d209dc9176d0ee365648fd09c3d5c224d6967a62b0853ba1bf549
"(3,1,0,0)","(3,1,0,0):iso-00006",4f07a3cfbd06beafc28378c5f538774bda9905d8e5e51376215b64b85414cd21,679,06eefc38d3d01f2bbdfe8e74dc03fca7187296a9e202de7ed9576ad1f04e5cda
"(3,1,0,0)","(3,1,0,0):iso-00006",4f07a3cfbd06beafc28378c5f538774bda9905d8e5e51376215b64b85414cd21,679,3503f14eebf83680ff01c714757fd3ba426a100db5f9a49f51c897d23614543b
"(3,1,0,0)","(3,1,0,0):iso-00006",4f07a3cfbd06beafc28378c5f538774bda9905d8e5e51376215b64b85414cd21,679,9021aac0046cdb49e9d5e9dd3703624c7a89bc875fad5f17aa70f6ee338fe858
"(3,1,0,0)","(3,1,0,0):iso-00006",4f07a3cfbd06beafc28378c5f538774bda9905d8e5e51376215b64b85414cd21,679,f31cf4519850e70c07db87bf63531086109322bf39732bf9c7e7805a8a9673ec
"(3,1,0,0)","(3,1,0,0):iso-00006",4f07a3cfbd06beafc28378c5f538774bda9905d8e5e51376215b64b85414cd21,679,97976521f8e21a5a8c53689bc1603dad3fb921d239cdf80cc1155d2a8de564cc
"(3,1,0,0)","(3,1,0,0):iso-00006",4f07a3cfbd06beafc28378c5f538774bda9905d8e5e51376215b64b85414cd21,679,df22dcd0191b10864b25266beaef530dc601938e3d81e6749bbe84cc1c5db43c
"(3,1,0,0)","(3,1,0,0):iso-00006",4f07a3cfbd06beafc28378c5f538774bda9905d8e5e51376215b64b85414cd21,679,de3f9a065f16101a0bb602c4ec0dfa9591330f2adfa988927b9124c13b12f702
"(3,1,0,0)","(3,1,0,0):iso-00006",4f07a3cfbd06beafc28378c5f538774bda9905d8e5e51376215b64b85414cd21,679,0cdfc872edc403a7e51629ddb3c243b8c4a5601e8cd8adce6bb8981ab1c53c72
"(3,1,0,0)","(3,1,0,0):iso-00006",4f07a3cfbd06beafc28378c5f538774bda9905d8e5e51376215b64b85414cd21,679,a1f11c7ccb89a79bc13a415a03ebed4543c817509fde7553d5026a106a93791d
"(3,1,0,0)","(3,1,0,0):iso-00006",4f07a3cfbd06beafc28378c5f538774bda9905d8e5e51376215b64b85414cd21,679,ae3c9043ffe674ffb9e8fe15a9bba9e6138579d7f365380537fc7b73c4a24bd5
"(3,1,0,0)","(3,1,0,0):iso-00006",4f07a3cfbd06beafc28378c5f538774bda9905d8e5e51376215b64b85414cd21,679,7339153ca9ebcfab9aba7b0539296935f140af1b934cb5a5cddc9aa74cfdbb8d
"(3,1,0,0)","(3,1,0,0):iso-00006",4f07a3cfbd06beafc28378c5f538774bda9905d8e5e51376215b64b85414cd21,679,f9212d906b48804433d23c8ef9a42ca4790ba52319443e609c765023220f4ade
"(3,1,0,0)","(3,1,0,0):iso-00006",4f07a3cfbd06beafc28378c5f538774bda9905d8e5e51376215b64b85414cd21,679,ee09f71cec5da84ea9d48230af95f171000dd967d52bcec442ef7cea8dfe7e98
"(3,1,0,0)","(3,1,0,0):iso-00006",4f07a3cfbd06beafc28378c5f538774bda9905d8e5e51376215b64b85414cd21,679,b5647e68b30f6d4c71be7dbc3f73fceca2a60f05c3dcaeb47fff8f0b165bd7cf
"(3,1,0,0)","(3,1,0,0):iso-00006",4f07a3cfbd06beafc28378c5f538774bda9905d8e5e51376215b64b85414cd21,679,4622f202156640623663f9183bb455a87f01db01d78ed7d80a768d8389588025
"(3,1,0,0)","(3,1,0,0):iso-00006",4f07a3cfbd06beafc28378c5f538774bda9905d8e5e51376215b64b85414cd21,679,7b1d2bfce4973cf7eb8d08b82ba1e2754616754012ec6cb38026850b66b3922b
"(3,1,0,0)","(3,1,0,0):iso-00006",4f07a3cfbd06beafc28378c5f538774bda9905d8e5e51376215b64b85414cd21,679,4fcabe8d386c2581b86fa0da199c63c31449fbfab0e393a67225926c4b3a9446
"(3,1,0,0)","(3,1,0,0):iso-00006",4f07a3cfbd06beafc28378c5f538774bda9905d8e5e51376215b64b85414cd21,679,48403548795a4a4733838acdc549694c5593883d22e0685f6041008af3145555
"(3,1,0,0)","(3,1,0,0):iso-00006",4f07a3cfbd06beafc28378c5f538774bda9905d8e5e51376215b64b85414cd21,679,bcf013620d0b3235d0157a255e4d44b83753e88dd890ee1411feccc77bcff958
"(3,1,0,0)","(3,1,0,0):iso-00006",4f07a3cfbd06beafc28378c5f538774bda9905d8e5e51376215b64b85414cd21,679,820c24b2a418c67693f35db30bedd547bb6c8215aec0016357fd2b2ce9088994
"(3,1,0,0)","(3,1,0,0):iso-00006",4f07a3cfbd06beafc28378c5f538774bda9905d8e5e51376215b64b85414cd21,679,b1f30a801853552266b149702172ed33d97603873303a726035114657f217ed9
"(3,1,0,0)","(3,1,0,0):iso-00006",4f07a3cfbd06beafc28378c5f538774bda9905d8e5e51376215b64b85414cd21,679,c7c63a8aed805cf8ec96bb92109771632a87b8b3163528610c24cad4fe1da42b
"(3,1,0,0)","(3,1,0,0):iso-00006",4f07a3cfbd06beafc28378c5f538774bda9905d8e5e51376215b64b85414cd21,679,53bb99c4d194826f2c2baae1f9eb33c6c6aca6cc61b67f337861eba94c1a8ba3
"(3,1,0,0)","(3,1,0,0):iso-00006",4f07a3cfbd06beafc28378c5f538774bda9905d8e5e51376215b64b85414cd21,679,aa0c370783cb07e4e682196fc2085eec90a79de3f8cdae998af2ea937de1d205
"(3,1,0,0)","(3,1,0,0):iso-00006",4f07a3cfbd06beafc28378c5f538774bda9905d8e5e51376215b64b85414cd21,679,59f600f700e9a39f338eb3d2250d316d2d17eb84d50f047b774cc0c7fcfd248b
"(3,1,0,0)","(3,1,0,0):iso-00006",4f07a3cfbd06beafc28378c5f538774bda9905d8e5e51376215b64b85414cd21,679,e0ee7f0c7ed1524858069a230126c46bbe6aaf5b0f831bcc5d5b7f3a9537e85b
"(3,1,0,0)","(3,1,0,0):iso-00006",4f07a3cfbd06beafc28378c5f538774bda9905d8e5e51376215b64b85414cd21,679,05b7291aa3a87cec1bb5e5a5266dffbc593e26f2f51fed49df207abba5caa705
"(3,1,0,0)","(3,1,0,0):iso-00006",4f07a3cfbd06beafc28378c5f538774bda9905d8e5e51376215b64b85414cd21,679,df3dec6c3c574a840be690c2c348d1068dad9941201bbc57f05fcb19a931f9f8
"(3,1,0,0)","(3,1,0,0):iso-00006",4f07a3cfbd06beafc28378c5f538774bda9905d8e5e51376215b64b85414cd21,679,4c543a69cb938a794fe0595e594bb61c1b5b00c20daf8326b6f4f4e115c8b2f9
"(3,1,0,0)","(3,1,0,0):iso-00006",4f07a3cfbd06beafc28378c5f538774bda9905d8e5e51376215b64b85414cd21,679,35c7022e768921eca0849d1bbc580038cba908e19150a3f8fa26fc03c7e7278a
"(3,1,0,0)","(3,1,0,0):iso-00006",4f07a3cfbd06beafc28378c5f538774bda9905d8e5e51376215b64b85414cd21,679,e085b9124c3d3297aacde131454e4529b9ba7117cf5935b5fdfa80544d4101f8
"(3,1,0,0)","(3,1,0,0):iso-00006",4f07a3cfbd06beafc28378c5f538774bda9905d8e5e51376215b64b85414cd21,679,6c1fe0aa0258c80fcc27917c1a9371be5211990842c2ff6ab5d57220243ed235
"(3,1,0,0)","(3,1,0,0):iso-00006",4f07a3cfbd06beafc28378c5f538774bda9905d8e5e51376215b64b85414cd21,679,e89310458d28b9feb49c94ff1b031eb4d7755bb0813ef09767eb2655a3c49ea5
"(3,1,0,0)","(3,1,0,0):iso-00006",4f07a3cfbd06beafc28378c5f538774bda9905d8e5e51376215b64b85414cd21,679,468801cf2e33b61952b68074a3a5a7b80bbf22ffac226a44ddce173215e966e1
"(3,1,0,0)","(3,1,0,0):iso-00006",4f07a3cfbd06beafc28378c5f538774bda9905d8e5e51376215b64b85414cd21,679,a244fee2b5206222d4197716309786684e9734649210cad4f46c1a5c2f9255be
"(3,1,0,0)","(3,1,0,0):iso-00006",4f07a3cfbd06beafc28378c5f538774bda9905d8e5e51376215b64b85414cd21,679,59352fcadcb567c113145e5066c83d3d0d1bafb4707e668cce7093402951e771
"(3,1,0,0)","(3,1,0,0):iso-00006",4f07a3cfbd06beafc28378c5f538774bda9905d8e5e51376215b64b85414cd21,679,5e794df64407a6cad3705e85a391818b3fd7f6838e58a3527af6d1363ba226ec
"(3,1,0,0)","(3,1,0,0):iso-00006",4f07a3cfbd06beafc28378c5f538774bda9905d8e5e51376215b64b85414cd21,679,06e6a35462044321bee94e887aa5a6af794cdcc5d3ec2f176e91580939792f8f
"(3,1,0,0)","(3,1,0,0):iso-00006",4f07a3cfbd06beafc28378c5f538774bda9905d8e5e51376215b64b85414cd21,679,2bc993b85382168b8d6152bd226d102742dc4e00f2e3f3cfcef8426d629c8425
"(3,1,0,0)","(3,1,0,0):iso-00006",4f07a3cfbd06beafc28378c5f538774bda9905d8e5e51376215b64b85414cd21,679,17311cc166515d8b20c43a804ae04039504fabf62a4597295f3553d25a33a2e7
"(3,1,0,0)","(3,1,0,0):iso-00006",4f07a3cfbd06beafc28378c5f538774bda9905d8e5e51376215b64b85414cd21,679,ca6efc12ea5c63bb57a30c5623370df1d2fb8b03338c9d2a7bb368a3802df823
"(3,1,0,0)","(3,1,0,0):iso-00006",4f07a3cfbd06beafc28378c5f538774bda9905d8e5e51376215b64b85414cd21,679,19a2719fa20b876329b86f29435f3202d489b1cf8fa58cc9daafe656590ed055
"(3,1,0,0)","(3,1,0,0):iso-00006",4f07a3cfbd06beafc28378c5f538774bda9905d8e5e51376215b64b85414cd21,679,a423a781e77e8776e55ab560d2da72b346621f87efe60a205415a19fb2e3172e
"(3,1,0,0)","(3,1,0,0):iso-00006",4f07a3cfbd06beafc28378c5f538774bda9905d8e5e51376215b64b85414cd21,679,44ef4febf467337de841fc8c921f98d2109df8b6bcf633d535645b8f3e0cafa6
"(3,1,0,0)","(3,1,0,0):iso-00006",4f07a3cfbd06beafc28378c5f538774bda9905d8e5e51376215b64b85414cd21,679,1b12481d171509bb2629650c8d4ed3958cdb188eabf9b7782fa086842d8e20d7
"(3,1,0,0)","(3,1,0,0):iso-00006",4f07a3cfbd06beafc28378c5f538774bda9905d8e5e51376215b64b85414cd21,679,92ff88db6a22e60dff237321077333a8682d770924ae25804d56e58e92e82312
"(3,1,0,0)","(3,1,0,0):iso-00006",4f07a3cfbd06beafc28378c5f538774bda9905d8e5e51376215b64b85414cd21,679,86f6148c3221bcd4f34f6082309a8fb791ca254346b5bbdefbefea34c82053f6
"(3,1,0,0)","(3,1,0,0):iso-00006",4f07a3cfbd06beafc28378c5f538774bda9905d8e5e51376215b64b85414cd21,679,274b9f33365244cfb53444197f0cb7e1d9ef167323b85ecf2e17dcef8f4d0eb2
"(3,1,0,0)","(3,1,0,0):iso-00006",4f07a3cfbd06beafc28378c5f538774bda9905d8e5e51376215b64b85414cd21,679,150ab9f07915bbfe0092b01d746c0f344ee99e5785456e1213a47d959d7d0dd6
"(3,1,0,0)","(3,1,0,0):iso-00006",4f07a3cfbd06beafc28378c5f538774bda9905d8e5e51376215b64b85414cd21,679,51f23706de1c38c2764bc44b4659a205595d8f426325e627b0d8b4674a907f14
"(3,1,0,0)","(3,1,0,0):iso-00006",4f07a3cfbd06beafc28378c5f538774bda9905d8e5e51376215b64b85414cd21,679,0bcab235c69e5930cfd20902706d86bce8b199451a0ccc5ba08eeea383473f56
"(3,1,0,0)","(3,1,0,0):iso-00006",4f07a3cfbd06beafc28378c5f538774bda9905d8e5e51376215b64b85414cd21,679,3ba267c9fa407708ec037e6584763e0c5c5543b3ebb181f3842b56b88d271b0a
"(3,1,0,0)","(3,1,0,0):iso-00006",4f07a3cfbd06beafc28378c5f538774bda9905d8e5e51376215b64b85414cd21,679,1261c60651df95a9e5957636cae615d25e3d5aecfafd957feb77359aa60e20a5
"(3,1,0,0)","(3,1,0,0):iso-00006",4f07a3cfbd06beafc28378c5f538774bda9905d8e5e51376215b64b85414cd21,679,ddc80ac09bbad535f05f9ca37dcf3425d83177edf88ccf66fd87a9b0969dacea
"(3,1,0,0)","(3,1,0,0):iso-00006",4f07a3cfbd06beafc28378c5f538774bda9905d8e5e51376215b64b85414cd21,679,99b735a9b39ca06ac9e0dd60da08675265be851e122c30ffe8e6f83213c009ec
"(3,1,0,0)","(3,1,0,0):iso-00006",4f07a3cfbd06beafc28378c5f538774bda9905d8e5e51376215b64b85414cd21,679,0786a4481b113513476f7e6fee5690e4a16b30fecca22991f918849d40298c1f
"(3,1,0,0)","(3,1,0,0):iso-00006",4f07a3cfbd06beafc28378c5f538774bda9905d8e5e51376215b64b85414cd21,679,0a90845f012b10d399cd34ebe54aa522ab90dc549bfcafb0859da9a17faed60b
"(3,1,0,0)","(3,1,0,0):iso-00006",4f07a3cfbd06beafc28378c5f538774bda9905d8e5e51376215b64b85414cd21,679,a558d482f7a8951f264ddab74e5579c1e9ae1f7c316ad72c470841ce816d1a42
"(3,1,0,0)","(3,1,0,0):iso-00006",4f07a3cfbd06beafc28378c5f538774bda9905d8e5e51376215b64b85414cd21,679,dca96fb0689b853c26ddf6e97e60fb4159aa3ce2eef7aba4d1a9490fda1ca29c
"(3,1,0,0)","(3,1,0,0):iso-00006",4f07a3cfbd06beafc28378c5f538774bda9905d8e5e51376215b64b85414cd21,679,9b43aa5f8782d4df6d21fdf3bd0e69af0e5b6f45e0f6b700e06e922f917cbbe9
"(3,1,0,0)","(3,1,0,0):iso-00006",4f07a3cfbd06beafc28378c5f538774bda9905d8e5e51376215b64b85414cd21,679,c380ae899097d7a8c66e0503bb4a2612d26e8edb098dd2e80439203463e619f6
"(3,1,0,0)","(3,1,0,0):iso-00006",4f07a3cfbd06beafc28378c5f538774bda9905d8e5e51376215b64b85414cd21,679,e258c677b9681f89bc88aa907f1c9c25f73db7c159b470308eee3d451dbaea94
"(3,1,0,0)","(3,1,0,0):iso-00006",4f07a3cfbd06beafc28378c5f538774bda9905d8e5e51376215b64b85414cd21,679,5c73f1d31abb22229144a5b4612e077642613802580fcb6b4c96ee47954897e9
"(3,1,0,0)","(3,1,0,0):iso-00006",4f07a3cfbd06beafc28378c5f538774bda9905d8e5e51376215b64b85414cd21,679,62c81be4514dc427c4eb2f038199b8b871fc0dbbab8042d0e8fa795b1701007a
"(3,1,0,0)","(3,1,0,0):iso-00006",4f07a3cfbd06beafc28378c5f538774bda9905d8e5e51376215b64b85414cd21,679,6675e01e34df0392a6ff9183cc2b69fed599b4d59519d80d45a0c405582d0544
"(3,1,0,0)","(3,1,0,0):iso-00006",4f07a3cfbd06beafc28378c5f538774bda9905d8e5e51376215b64b85414cd21,679,32a71d8efcd45aeae84ce8b38343afa4cf755cdadae69e632e5064ea5e4e9fd1
"(3,1,0,0)","(3,1,0,0):iso-00006",4f07a3cfbd06beafc28378c5f538774bda9905d8e5e51376215b64b85414cd21,679,1f132af452dd27235a16e0008b898cfbb45407feabb066e0f0da289197ec8636
"(3,1,0,0)","(3,1,0,0):iso-00006",4f07a3cfbd06beafc28378c5f538774bda9905d8e5e51376215b64b85414cd21,679,f8b9e627621dab5625b971ca35512e34e10d755f1fe82e842f3ce7c3e3821861
"(3,1,0,0)","(3,1,0,0):iso-00006",4f07a3cfbd06beafc28378c5f538774bda9905d8e5e51376215b64b85414cd21,679,95d3c4fd92e3766a4f289585747f10ef920e09082443249b2793120e5e2782f0
"(3,1,0,0)","(3,1,0,0):iso-00006",4f07a3cfbd06beafc28378c5f538774bda9905d8e5e51376215b64b85414cd21,679,2efdcdd860ce7b8319d875e2f5e121e871b6554774f3e9486019a73a6a543320
"(3,1,0,0)","(3,1,0,0):iso-00006",4f07a3cfbd06beafc28378c5f538774bda9905d8e5e51376215b64b85414cd21,679,665fbafefd195f8f7bc2521e02a5c095e022e030eca0b860027e360ef4fdec4b
"(3,1,0,0)","(3,1,0,0):iso-00006",4f07a3cfbd06beafc28378c5f538774bda9905d8e5e51376215b64b85414cd21,679,341c56701ae93a0bf586e4d998e1363f567df3abe777bf7a6eb4a75749e40691
"(3,1,0,0)","(3,1,0,0):iso-00006",4f07a3cfbd06beafc28378c5f538774bda9905d8e5e51376215b64b85414cd21,679,43badc305a508e266859e61b2c1ad9260d2127bb528141f009c0cc52005ae27a
"(3,1,0,0)","(3,1,0,0):iso-00006",4f07a3cfbd06beafc28378c5f538774bda9905d8e5e51376215b64b85414cd21,679,a973650279e3c94013e0071b5f4e36fc304201f472d435f395bff550ffbacc5a
"(3,1,0,0)","(3,1,0,0):iso-00006",4f07a3cfbd06beafc28378c5f538774bda9905d8e5e51376215b64b85414cd21,679,326abe3291f4f9cb0149f8a68a68a7d38c01466581357037b39e25e33949878f
"(3,1,0,0)","(3,1,0,0):iso-00006",4f07a3cfbd06beafc28378c5f538774bda9905d8e5e51376215b64b85414cd21,679,5b4a129c349c51fbe6d438cb06e6a39ddc104ea32f7c82facff7ac8d842640d4
"(3,1,0,0)","(3,1,0,0):iso-00006",4f07a3cfbd06beafc28378c5f538774bda9905d8e5e51376215b64b85414cd21,679,7d25d4add0badfb4ed5e8e6b2866be6f9dd9d1c38ccb09fa8269c7f99e63936c
"(3,1,0,0)","(3,1,0,0):iso-00006",4f07a3cfbd06beafc28378c5f538774bda9905d8e5e51376215b64b85414cd21,679,c498ebc2a39f94c3e539766965ac15a9a409336a9445a132769a0bedbfe90bdd
"(3,1,0,0)","(3,1,0,0):iso-00006",4f07a3cfbd06beafc28378c5f538774bda9905d8e5e51376215b64b85414cd21,679,5aa9d807cb2800270bf56e527fbe434f31b15cb2dfc07d5b4e7cfa4387909328
"(3,1,0,0)","(3,1,0,0):iso-00006",4f07a3cfbd06beafc28378c5f538774bda9905d8e5e51376215b64b85414cd21,679,476f32e17caacaebbac6d7e21c392f379cc09376528bccd04d188095ec3e1b58
"(3,1,0,0)","(3,1,0,0):iso-00006",4f07a3cfbd06beafc28378c5f538774bda9905d8e5e51376215b64b85414cd21,679,822b5a6376859009e1b0ca98edff061f4cfc6c3746ad67e0d162c50af7cb78f4
"(3,1,0,0)","(3,1,0,0):iso-00006",4f07a3cfbd06beafc28378c5f538774bda9905d8e5e51376215b64b85414cd21,679,ef60db977233859a6ae3df6dac7624a91e0dead2e515a0355b47eafeb957fd0a
"(3,1,0,0)","(3,1,0,0):iso-00006",4f07a3cfbd06beafc28378c5f538774bda9905d8e5e51376215b64b85414cd21,679,14f709174aebeee9f4449b594255589f3a21d7e5e98f82e1170f6c3b9134e86a
"(3,1,0,0)","(3,1,0,0):iso-00006",4f07a3cfbd06beafc28378c5f538774bda9905d8e5e51376215b64b85414cd21,679,55aab88617d2a9404375f6eaba1d1569e6a1a9b2a8fee4a8e82f62f67b43c146
"(3,1,0,0)","(3,1,0,0):iso-00006",4f07a3cfbd06beafc28378c5f538774bda9905d8e5e51376215b64b85414cd21,679,7411035c4de4a2383ea145e139049b92ff4113bfe291ce1c63611ca00f8aebe7
"(3,1,0,0)","(3,1,0,0):iso-00006",4f07a3cfbd06beafc28378c5f538774bda9905d8e5e51376215b64b85414cd21,679,12095cc1ba7dec862cd543b39ac031f12800c089e22ccb56d74397db242d178f
"(3,1,0,0)","(3,1,0,0):iso-00006",4f07a3cfbd06beafc28378c5f538774bda9905d8e5e51376215b64b85414cd21,679,4d9ee9b81534cd062099a9a290fa16750ce5a49ad106b785820f8e2e423e8fa3
"(3,1,0,0)","(3,1,0,0):iso-00006",4f07a3cfbd06beafc28378c5f538774bda9905d8e5e51376215b64b85414cd21,679,7345b3c38865a04ea08498da6e9154dcfdceaf0590eb2b593aa0503bffb3ee04
"(3,1,0,0)","(3,1,0,0):iso-00006",4f07a3cfbd06beafc28378c5f538774bda9905d8e5e51376215b64b85414cd21,679,84ad092e8f5b09551a85a425f09d16a643d6d502cd69db4df562c7037ea87385
"(3,1,0,0)","(3,1,0,0):iso-00006",4f07a3cfbd06beafc28378c5f538774bda9905d8e5e51376215b64b85414cd21,679,44b7f72ca99f9fa6e0ca67d4587c33e8edeed953e7d775f217ff3c2261146c17
"(3,1,0,0)","(3,1,0,0):iso-00006",4f07a3cfbd06beafc28378c5f538774bda9905d8e5e51376215b64b85414cd21,679,540540c413a88163eeb461ccc7030c7726bd72e08e092e8dd8e4ce42ac5b7b5b
"(3,1,0,0)","(3,1,0,0):iso-00006",4f07a3cfbd06beafc28378c5f538774bda9905d8e5e51376215b64b85414cd21,679,625a35386626c5b912f9c7082c25b547e1ce756b07c7c65db7dbfcd8e6e2576f
"(3,1,0,0)","(3,1,0,0):iso-00006",4f07a3cfbd06beafc28378c5f538774bda9905d8e5e51376215b64b85414cd21,679,2906ffff672dbec0756cb8b8b4905a9c19af66ac35521867055b1a84abd9873e
"(3,1,0,0)","(3,1,0,0):iso-00006",4f07a3cfbd06beafc28378c5f538774bda9905d8e5e51376215b64b85414cd21,679,bfcc9363f6da59b1dce46c910bf589c48c81f5e7dc84d908b66cb97912a66623
"(3,1,0,0)","(3,1,0,0):iso-00006",4f07a3cfbd06beafc28378c5f538774bda9905d8e5e51376215b64b85414cd21,679,7579e61f05e2c810608bae781e053ea73a1bc8af99b1d8f39abafd5aae639bc0
"(3,1,0,0)","(3,1,0,0):iso-00006",4f07a3cfbd06beafc28378c5f538774bda9905d8e5e51376215b64b85414cd21,679,95b3342a740e256078678daf1077cc9577be49f18dc62652560c0c7c146b0c3c
"(3,1,0,0)","(3,1,0,0):iso-00006",4f07a3cfbd06beafc28378c5f538774bda9905d8e5e51376215b64b85414cd21,679,51abc3933677db5d0692f877ae061c70242261fd0a9ebc102d610adbdce4d7c8
"(3,1,0,0)","(3,1,0,0):iso-00006",4f07a3cfbd06beafc28378c5f538774bda9905d8e5e51376215b64b85414cd21,679,1151c434a670948df803fae9640981a0ae052ba9c548e8ada54d4426772b64d0
"(3,1,0,0)","(3,1,0,0):iso-00006",4f07a3cfbd06beafc28378c5f538774bda9905d8e5e51376215b64b85414cd21,679,7757a49b835460519fb52bb01493e78b1ac5084a2ce0e3da9dc4dd168ee0de94
"(3,1,0,0)","(3,1,0,0):iso-00006",4f07a3cfbd06beafc28378c5f538774bda9905d8e5e51376215b64b85414cd21,679,1c9afd189e0de8f378eb1fe771477433d4567e9963d3cd4823ac6e62d0d5b7a1
"(3,1,0,0)","(3,1,0,0):iso-00006",4f07a3cfbd06beafc28378c5f538774bda9905d8e5e51376215b64b85414cd21,679,fbb2f5d0012b0b8ec93a2135691a8d43e048647b08b43ef3d957e9b1fac108c3
"(3,1,0,0)","(3,1,0,0):iso-00006",4f07a3cfbd06beafc28378c5f538774bda9905d8e5e51376215b64b85414cd21,679,17c435f328c7fc2738da136b95b7cbbd45f2db25b9825a32707810d6e471853f
"(3,1,0,0)","(3,1,0,0):iso-00006",4f07a3cfbd06beafc28378c5f538774bda9905d8e5e51376215b64b85414cd21,679,fedc3e5c7b98c03e114fdc18b0930997531bd0f19ec06605a861703088410693
"(3,1,0,0)","(3,1,0,0):iso-00006",4f07a3cfbd06beafc28378c5f538774bda9905d8e5e51376215b64b85414cd21,679,16f025f9b04844c4828c1a6028ab1fc7a58d27516a6efcb68f18baff55e90874
"(3,1,0,0)","(3,1,0,0):iso-00006",4f07a3cfbd06beafc28378c5f538774bda9905d8e5e51376215b64b85414cd21,679,aaabccde1932e4b74e8461b00e34785ac55208b3e5043f2971c0cff1ec9fa051
"(3,1,0,0)","(3,1,0,0):iso-00006",4f07a3cfbd06beafc28378c5f538774bda9905d8e5e51376215b64b85414cd21,679,cc66cd4a566bd2b34464caa2c0a03dba6462f12b4588933c1a7954eb3516db6e
"(3,1,0,0)","(3,1,0,0):iso-00006",4f07a3cfbd06beafc28378c5f538774bda9905d8e5e51376215b64b85414cd21,679,5967b8d5d79f81286341cd5e2edcdc98fe0a4279b7fab5dc31129c85efc0946d
"(3,1,0,0)","(3,1,0,0):iso-00006",4f07a3cfbd06beafc28378c5f538774bda9905d8e5e51376215b64b85414cd21,679,c4b44019aa5d8ae654d222a20e6b83d88526bbf7e1be285a7e0801ce60fc33ec
"(3,1,0,0)","(3,1,0,0):iso-00006",4f07a3cfbd06beafc28378c5f538774bda9905d8e5e51376215b64b85414cd21,679,6c30dc4ffec798ed2b9b06b1f7d8465b57b92f2505fdb72a3fdd7e4b40a72fbb
"(3,1,0,0)","(3,1,0,0):iso-00006",4f07a3cfbd06beafc28378c5f538774bda9905d8e5e51376215b64b85414cd21,679,4a0a710fdd3073163813cefe0145d921b5a9d8e0cad89005f3264388f72467cc
"(3,1,0,0)","(3,1,0,0):iso-00006",4f07a3cfbd06beafc28378c5f538774bda9905d8e5e51376215b64b85414cd21,679,ef1081ffcc9cf5fc9a47d2667a6551ed2f3333b60c462025f459129f32176337
"(3,1,0,0)","(3,1,0,0):iso-00006",4f07a3cfbd06beafc28378c5f538774bda9905d8e5e51376215b64b85414cd21,679,c65456139daa0f518baf70be1e24513148af34bd0c4218d42d6c120454cb1aef
"(3,1,0,0)","(3,1,0,0):iso-00006",4f07a3cfbd06beafc28378c5f538774bda9905d8e5e51376215b64b85414cd21,679,c08d96d497afb2feb37792a4918ced3f077de6597318d99abb149c1329ac03f1
"(3,1,0,0)","(3,1,0,0):iso-00006",4f07a3cfbd06beafc28378c5f538774bda9905d8e5e51376215b64b85414cd21,679,71a939fe245877f2c81daca1e8cdb5003e47502674bfb26635d890b0b31f5be3
"(3,1,0,0)","(3,1,0,0):iso-00006",4f07a3cfbd06beafc28378c5f538774bda9905d8e5e51376215b64b85414cd21,679,5b63b81cd2e5889bd96e87510b5970b890329d56f4176b168a76acf62e4442b3
"(3,1,0,0)","(3,1,0,0):iso-00006",4f07a3cfbd06beafc28378c5f538774bda9905d8e5e51376215b64b85414cd21,679,d2411363f2f1df126581a0d36872bff7af09c2fa9902dda2dda29956ba308d47
"(3,1,0,0)","(3,1,0,0):iso-00006",4f07a3cfbd06beafc28378c5f538774bda9905d8e5e51376215b64b85414cd21,679,cf6d938e7f1ccc5236b37ff22d72ac7f31cf6462d82256be9dc8efb25abc3c55
"(3,1,0,0)","(3,1,0,0):iso-00006",4f07a3cfbd06beafc28378c5f538774bda9905d8e5e51376215b64b85414cd21,679,eee9fab4ce1e84871bc9caf3ad364f63736f5a131c1379b27d694d7677d71519
"(3,1,0,0)","(3,1,0,0):iso-00006",4f07a3cfbd06beafc28378c5f538774bda9905d8e5e51376215b64b85414cd21,679,4265da0208525bbc13f4debf83ed12ad188610742b5325ebbd037c71dc4c1255
"(3,1,0,0)","(3,1,0,0):iso-00006",4f07a3cfbd06beafc28378c5f538774bda9905d8e5e51376215b64b85414cd21,679,286c15d281d735a7dbba89802c794cc951bba901886463fbce020d71ab7a671b
"(3,1,0,0)","(3,1,0,0):iso-00006",4f07a3cfbd06beafc28378c5f538774bda9905d8e5e51376215b64b85414cd21,679,80a7dc012d622dbc4c0126f57f1082f5c7cad35aafcc3e221d2d0adfe57fe89f
"(3,1,0,0)","(3,1,0,0):iso-00006",4f07a3cfbd06beafc28378c5f538774bda9905d8e5e51376215b64b85414cd21,679,dddcf7635d6a6695c966a6f701e691bd466e67ce345cab342fceba2adb68eff2
"(3,1,0,0)","(3,1,0,0):iso-00006",4f07a3cfbd06beafc28378c5f538774bda9905d8e5e51376215b64b85414cd21,679,0985d25a076238a2423936d8a9ae97827356bf68a0f0444d6d67e11f48079422
"(3,1,0,0)","(3,1,0,0):iso-00006",4f07a3cfbd06beafc28378c5f538774bda9905d8e5e51376215b64b85414cd21,679,37a52a461c077afefadc8a7b8c4957bc82db71fbc51787705101caebc2d636ed
"(3,1,0,0)","(3,1,0,0):iso-00006",4f07a3cfbd06beafc28378c5f538774bda9905d8e5e51376215b64b85414cd21,679,f9397c67bcc5eb5d93c13c243f0ee2c1865cdb5cc4cc82392b3b360647314474
"(3,1,0,0)","(3,1,0,0):iso-00006",4f07a3cfbd06beafc28378c5f538774bda9905d8e5e51376215b64b85414cd21,679,1d833f31342ea6714d96596a6f8b7781bd8e142f01375a7ca32f8e3eb43323d1
"(3,1,0,0)","(3,1,0,0):iso-00006",4f07a3cfbd06beafc28378c5f538774bda9905d8e5e51376215b64b85414cd21,679,aa3ed39c038f45287dc9737805166c2f3b47eb8ecb9b635747e7a94b9ed4aa9c
"(3,1,0,0)","(3,1,0,0):iso-00006",4f07a3cfbd06beafc28378c5f538774bda9905d8e5e51376215b64b85414cd21,679,7ff8d891a5d01b19971e2e0ee6a769501d5180a88f9fe636638f65f10db7ec61
"(3,1,0,0)","(3,1,0,0):iso-00006",4f07a3cfbd06beafc28378c5f538774bda9905d8e5e51376215b64b85414cd21,679,1c0675c4d07c841af9a7980bcf3ecd3bfcae347f800348e6acbf315eeddbf542
"(3,1,0,0)","(3,1,0,0):iso-00006",4f07a3cfbd06beafc28378c5f538774bda9905d8e5e51376215b64b85414cd21,679,352e4a78029e9396fa448cc79ffa80b9e98ff5ddd5f070577424abe99de9588b
"(3,1,0,0)","(3,1,0,0):iso-00006",4f07a3cfbd06beafc28378c5f538774bda9905d8e5e51376215b64b85414cd21,679,74064a4421f868256eb980275e548fd73843662f16d67d0dedff1be5459423e9
"(3,1,0,0)","(3,1,0,0):iso-00006",4f07a3cfbd06beafc28378c5f538774bda9905d8e5e51376215b64b85414cd21,679,d27149a3b68454df7586ea513c1133d935ec7ceb9d0b33007a250432d7c4904c
"(3,1,0,0)","(3,1,0,0):iso-00006",4f07a3cfbd06beafc28378c5f538774bda9905d8e5e51376215b64b85414cd21,679,333cb5ebb07e749e280d40421e756635247540bb48dbd84dff7fd1586a7a60f9
"(3,1,0,0)","(3,1,0,0):iso-00006",4f07a3cfbd06beafc28378c5f538774bda9905d8e5e51376215b64b85414cd21,679,9cd8aef38dc9aeb020df58a6b5a3babd4e9f7215c6bd8826efab4e45aab3f2ce
"(3,1,0,0)","(3,1,0,0):iso-00006",4f07a3cfbd06beafc28378c5f538774bda9905d8e5e51376215b64b85414cd21,679,c10da64e9f83527a524cd1c89336a2eaa98e6b0db97e00e7b19271f4e3f7b47d
"(3,1,0,0)","(3,1,0,0):iso-00006",4f07a3cfbd06beafc28378c5f538774bda9905d8e5e51376215b64b85414cd21,679,23e923395bbd4dae7e3a21e465759a786ea9634ab89392cd901fce29064cc680
"(3,1,0,0)","(3,1,0,0):iso-00006",4f07a3cfbd06beafc28378c5f538774bda9905d8e5e51376215b64b85414cd21,679,23005fd02eac2b5fa113388399b8f5e891f92562ebb96f3b504e4396a71f5f1a
"(3,1,0,0)","(3,1,0,0):iso-00006",4f07a3cfbd06beafc28378c5f538774bda9905d8e5e51376215b64b85414cd21,679,d360365c5a3e95b251d5a777181ac0fe36230d5ab491a9096031763d50404759
"(3,1,0,0)","(3,1,0,0):iso-00006",4f07a3cfbd06beafc28378c5f538774bda9905d8e5e51376215b64b85414cd21,679,30e74b5a3b45c461e1a220036162ba5cfe52fd1c873874bfb7d0606024177fa9
"(3,1,0,0)","(3,1,0,0):iso-00006",4f07a3cfbd06beafc28378c5f538774bda9905d8e5e51376215b64b85414cd21,679,bce3e75994478c1103b444ec0e79c0c75a735fce1d04528f8af029cd4a5d34f9
"(3,1,0,0)","(3,1,0,0):iso-00006",4f07a3cfbd06beafc28378c5f538774bda9905d8e5e51376215b64b85414cd21,679,29611ad23253366c9e260aee148ab0601d30f088589ed5a44d945de3dd84e060
"(3,1,0,0)","(3,1,0,0):iso-00006",4f07a3cfbd06beafc28378c5f538774bda9905d8e5e51376215b64b85414cd21,679,98b98007dcd4c655a8316a775c9f2e92e1868aba540c0fe0b0991b4e7fc2e940
"(3,1,0,0)","(3,1,0,0):iso-00006",4f07a3cfbd06beafc28378c5f538774bda9905d8e5e51376215b64b85414cd21,679,1cdb095d0eee3eb851657ca8cab493fab4f450dfeb63922fe93d6f5cdceae0d7
"(3,1,0,0)","(3,1,0,0):iso-00006",4f07a3cfbd06beafc28378c5f538774bda9905d8e5e51376215b64b85414cd21,679,134f035dd09fdb1c94c0f8328300737951e80cf911b3ea6941ea9977db038bfa
"(3,1,0,0)","(3,1,0,0):iso-00006",4f07a3cfbd06beafc28378c5f538774bda9905d8e5e51376215b64b85414cd21,679,cdff40b58e05cebbdb8cd05bbd76242b7247a9ff78be241dc073ec7171fd3e42
"(3,1,0,0)","(3,1,0,0):iso-00006",4f07a3cfbd06beafc28378c5f538774bda9905d8e5e51376215b64b85414cd21,679,07d442da3b3660bff2dec70fc8b4de31c00810488fed747a35ae1d1065df6a2e
"(3,1,0,0)","(3,1,0,0):iso-00006",4f07a3cfbd06beafc28378c5f538774bda9905d8e5e51376215b64b85414cd21,679,79d1ae76ba36356cf7f9e659097446a70f65917e6646fb71ce24edf6492b1377
"(3,1,0,0)","(3,1,0,0):iso-00006",4f07a3cfbd06beafc28378c5f538774bda9905d8e5e51376215b64b85414cd21,679,f4f9daa014fa316386628beb4a34461055f266f40cf4e3c44df2c1318ad52255
"(3,1,0,0)","(3,1,0,0):iso-00006",4f07a3cfbd06beafc28378c5f538774bda9905d8e5e51376215b64b85414cd21,679,004743e035db3e7a843edbaf5a21d45e6aca6419ce2a99b3cf0f7189f9d5dc02
"(3,1,0,0)","(3,1,0,0):iso-00006",4f07a3cfbd06beafc28378c5f538774bda9905d8e5e51376215b64b85414cd21,679,911680111b135b74b7b25506332995e0d7c1fb726203fa78c8b99d0023263528
"(3,1,0,0)","(3,1,0,0):iso-00006",4f07a3cfbd06beafc28378c5f538774bda9905d8e5e51376215b64b85414cd21,679,9352376a97e6b345f3a61b2894c2eca54e3191e42d649ea3b3af18d59c469fe3
"(3,1,0,0)","(3,1,0,0):iso-00006",4f07a3cfbd06beafc28378c5f538774bda9905d8e5e51376215b64b85414cd21,679,52bf13ee355b055e6f55f990aa050c52b74bf129c6de1336cad83093f2769e65
"(3,1,0,0)","(3,1,0,0):iso-00006",4f07a3cfbd06beafc28378c5f538774bda9905d8e5e51376215b64b85414cd21,679,c41c9b0ba45a2e96868bdfb761b4912c08fbd2ca793eed97bf10c401ed8f100d
"(3,1,0,0)","(3,1,0,0):iso-00006",4f07a3cfbd06beafc28378c5f538774bda9905d8e5e51376215b64b85414cd21,679,a8dd15f1f4f309d69acf820d8b3e522bbff97bf3ea4f8148815f4c33333879ff
"(3,1,0,0)","(3,1,0,0):iso-00006",4f07a3cfbd06beafc28378c5f538774bda9905d8e5e51376215b64b85414cd21,679,0aba302b1acb4552873425107d63b899e438cc602dabda33644c2621823c1bcb
"(3,1,0,0)","(3,1,0,0):iso-00006",4f07a3cfbd06beafc28378c5f538774bda9905d8e5e51376215b64b85414cd21,679,72058e0a7c9b9d5aa04c1b6d187a7fc810a5a0826ff8d347036a23df3bcba218
"(3,1,0,0)","(3,1,0,0):iso-00006",4f07a3cfbd06beafc28378c5f538774bda9905d8e5e51376215b64b85414cd21,679,b96d7b960b184836c7b03fff606ec1b9fdea43f7852109c03222161e221fa4b0
"(3,1,0,0)","(3,1,0,0):iso-00006",4f07a3cfbd06beafc28378c5f538774bda9905d8e5e51376215b64b85414cd21,679,2c5d2ee4f58049d5078540b32b055f408de7c8d590aa1f12269a220fe8d1ee9a
"(3,1,0,0)","(3,1,0,0):iso-00006",4f07a3cfbd06beafc28378c5f538774bda9905d8e5e51376215b64b85414cd21,679,ff7abca243d5a838631fbb17e7cd5e57524f8b75f89009704a7be8c15d815566
"(3,1,0,0)","(3,1,0,0):iso-00006",4f07a3cfbd06beafc28378c5f538774bda9905d8e5e51376215b64b85414cd21,679,7cef2e7d18d86a32954684d507bcb4a1c851abdb181153476ce25801029746c4
"(3,1,0,0)","(3,1,0,0):iso-00006",4f07a3cfbd06beafc28378c5f538774bda9905d8e5e51376215b64b85414cd21,679,0c66bbfe91527ee9c503740634b001646f8af2686fe415603806e5f7302bb1b8
"(3,1,0,0)","(3,1,0,0):iso-00006",4f07a3cfbd06beafc28378c5f538774bda9905d8e5e51376215b64b85414cd21,679,c22fa82b8c8166b468cec057ef666c1e21d5098f5bc8080168f88e4714fbadf4
"(3,1,0,0)","(3,1,0,0):iso-00006",4f07a3cfbd06beafc28378c5f538774bda9905d8e5e51376215b64b85414cd21,679,5b8e2d2c6425a7db05a3646ed265272a1547be0ea2aa8ed492a1f8e8a2f300b1
"(3,1,0,0)","(3,1,0,0):iso-00006",4f07a3cfbd06beafc28378c5f538774bda9905d8e5e51376215b64b85414cd21,679,980fafad10a55b09ac9a65992cf2e88dbc960394271dca713fcfd67141310be3
"(3,1,0,0)","(3,1,0,0):iso-00006",4f07a3cfbd06beafc28378c5f538774bda9905d8e5e51376215b64b85414cd21,679,b108674bcdda0a4ee2e01dbf1e5682755907103767d330ce9f0a6a8809d9a228
"(3,1,0,0)","(3,1,0,0):iso-00006",4f07a3cfbd06beafc28378c5f538774bda9905d8e5e51376215b64b85414cd21,679,e6d01283f44e27bd45240c13f53d5f92bb5c51f2f5c0f388b54d15d0b0412afe
"(3,1,0,0)","(3,1,0,0):iso-00006",4f07a3cfbd06beafc28378c5f538774bda9905d8e5e51376215b64b85414cd21,679,bb9e200d4ba31056a59e233d911164b52420af7da48eb3fb7872112283f2729e
"(3,1,0,0)","(3,1,0,0):iso-00006",4f07a3cfbd06beafc28378c5f538774bda9905d8e5e51376215b64b85414cd21,679,68a321b239a882006033b1977563f5ba2ea5df278849f0b94bea142ef6940322
"(3,1,0,0)","(3,1,0,0):iso-00006",4f07a3cfbd06beafc28378c5f538774bda9905d8e5e51376215b64b85414cd21,679,25a24fe6fa9534d26a6ded2d4f2100508439554f6f7fba8b2a8877e7dd08e8ac
"(3,1,0,0)","(3,1,0,0):iso-00006",4f07a3cfbd06beafc28378c5f538774bda9905d8e5e51376215b64b85414cd21,679,cc39b6b11ecfe552e803b4aea166532ac9cee690d7eb6aa92a543ec6c40cf1d4
"(3,1,0,0)","(3,1,0,0):iso-00006",4f07a3cfbd06beafc28378c5f538774bda9905d8e5e51376215b64b85414cd21,679,cfae49212ec1011dd247c3a7a3d734ffd6899ba121dc79022d1d2a604e6109fa
"(3,1,0,0)","(3,1,0,0):iso-00006",4f07a3cfbd06beafc28378c5f538774bda9905d8e5e51376215b64b85414cd21,679,9f25aa24751f952ab00d14007831c886479f3ea70a856c09e8fc696e7404e8ad
"(3,1,0,0)","(3,1,0,0):iso-00006",4f07a3cfbd06beafc28378c5f538774bda9905d8e5e51376215b64b85414cd21,679,abb4415d4de4a92655616b34dd064e9f6e713501184e6faf0436473286ef678e
"(3,1,0,0)","(3,1,0,0):iso-00006",4f07a3cfbd06beafc28378c5f538774bda9905d8e5e51376215b64b85414cd21,679,e239f875aec23a1365373f3788ff00ce41e125e8e7f646b4fd438f0fdc8f5abb
"(3,1,0,0)","(3,1,0,0):iso-00006",4f07a3cfbd06beafc28378c5f538774bda9905d8e5e51376215b64b85414cd21,679,900eb4e18d7a8e47ca6b94b62266ec77e95928bb26069460a84face93dfc6505
"(3,1,0,0)","(3,1,0,0):iso-00006",4f07a3cfbd06beafc28378c5f538774bda9905d8e5e51376215b64b85414cd21,679,e7452ad28b9effaed50192e45154cda461103e78911b03622f1624ab78a65c76
"(3,1,0,0)","(3,1,0,0):iso-00006",4f07a3cfbd06beafc28378c5f538774bda9905d8e5e51376215b64b85414cd21,679,983c68a8f3ea20a1d91d35a636593f798909a8d2c7207490df69eba6def5647a
"(3,1,0,0)","(3,1,0,0):iso-00006",4f07a3cfbd06beafc28378c5f538774bda9905d8e5e51376215b64b85414cd21,679,b3fd1c725fb13bad5211297e5795e5ed1931ac0d5c1ea781649130170a0bbd4d
"(3,1,0,0)","(3,1,0,0):iso-00006",4f07a3cfbd06beafc28378c5f538774bda9905d8e5e51376215b64b85414cd21,679,fa5fc06b2f6696267cc6e4da52a5d16984dfa05edbb385e5b98f6c33dc8c5672
"(3,1,0,0)","(3,1,0,0):iso-00006",4f07a3cfbd06beafc28378c5f538774bda9905d8e5e51376215b64b85414cd21,679,669392781a985f8caaa2c392ee2e42e98602b111b428b81eea3be08c8f1826e4
"(3,1,0,0)","(3,1,0,0):iso-00006",4f07a3cfbd06beafc28378c5f538774bda9905d8e5e51376215b64b85414cd21,679,cdcce448ddf14bae53396fc3d537197b3da79e8167a9c212ea9a461fe41f1f31
"(3,1,0,0)","(3,1,0,0):iso-00006",4f07a3cfbd06beafc28378c5f538774bda9905d8e5e51376215b64b85414cd21,679,5798dd26e3a8b8f418931623f9f6de6a2f06cad2665c546b8bc459b487513d95
"(3,1,0,0)","(3,1,0,0):iso-00006",4f07a3cfbd06beafc28378c5f538774bda9905d8e5e51376215b64b85414cd21,679,c9fe89f5b4abd8d1087b326877f4c760e8a2543c81bf4eacfd7b2955467e6109
"(3,1,0,0)","(3,1,0,0):iso-00006",4f07a3cfbd06beafc28378c5f538774bda9905d8e5e51376215b64b85414cd21,679,ea047be29e4dbea3e302d640f78f40ed44c40c4e4d27fb123d26c0042ad91644
"(3,1,0,0)","(3,1,0,0):iso-00006",4f07a3cfbd06beafc28378c5f538774bda9905d8e5e51376215b64b85414cd21,679,e7e4566bafe4b83717485463e8f6d54878c496eeb92a27a3cf64be526ae94051
"(3,1,0,0)","(3,1,0,0):iso-00006",4f07a3cfbd06beafc28378c5f538774bda9905d8e5e51376215b64b85414cd21,679,f985aba5df7d8dc5e4371161d31e9d9f2fa5e825dae6fe2438d27f63e5a7ab9d
"(3,1,0,0)","(3,1,0,0):iso-00006",4f07a3cfbd06beafc28378c5f538774bda9905d8e5e51376215b64b85414cd21,679,e634441f399321597d7329de2fcc81cc4b599b7d900f32715c2a65f48fb519bb
"(3,1,0,0)","(3,1,0,0):iso-00006",4f07a3cfbd06beafc28378c5f538774bda9905d8e5e51376215b64b85414cd21,679,764da691a04d41e3f49447f91915bc774f6039fffcb025e0364e6bf7cd602db8
"(3,1,0,0)","(3,1,0,0):iso-00006",4f07a3cfbd06beafc28378c5f538774bda9905d8e5e51376215b64b85414cd21,679,4ef1dc8b625df2e62f54336cf98fa3569987299b790b35a0d487a591cc22ebab
"(3,1,0,0)","(3,1,0,0):iso-00006",4f07a3cfbd06beafc28378c5f538774bda9905d8e5e51376215b64b85414cd21,679,65599afe8ffc3f326eeac70fef9dda945320aa8543623004fa53b94fa027d46c
"(3,1,0,0)","(3,1,0,0):iso-00006",4f07a3cfbd06beafc28378c5f538774bda9905d8e5e51376215b64b85414cd21,679,b2b49b856da248bb6865deab1943d8057a63cbb621376fd58c8cd625f8420dbf
"(3,1,0,0)","(3,1,0,0):iso-00006",4f07a3cfbd06beafc28378c5f538774bda9905d8e5e51376215b64b85414cd21,679,efdd9fba210830acd3903170591b693f32ffe914c511274bba79ea25becd84dd
"(3,1,0,0)","(3,1,0,0):iso-00006",4f07a3cfbd06beafc28378c5f538774bda9905d8e5e51376215b64b85414cd21,679,c71d48d9b3257e6e720f82f2f1154dddae8aaf32006edb38d5f67cb1cdf84b93
"(3,1,0,0)","(3,1,0,0):iso-00006",4f07a3cfbd06beafc28378c5f538774bda9905d8e5e51376215b64b85414cd21,679,00c79736f6f65f767acb61b9bf8040e57b4b1468cf4243c46241da64bff5bc29
"(3,1,0,0)","(3,1,0,0):iso-00006",4f07a3cfbd06beafc28378c5f538774bda9905d8e5e51376215b64b85414cd21,679,551c20e80c0d138397e4de3d8be80ac8397e994bacf1f956a1e110772cd1c61d
"(3,1,0,0)","(3,1,0,0):iso-00006",4f07a3cfbd06beafc28378c5f538774bda9905d8e5e51376215b64b85414cd21,679,e6d475d2702869f9c345af136ba10d1451ec34a5075b893ec0926560f4014b49
"(3,1,0,0)","(3,1,0,0):iso-00006",4f07a3cfbd06beafc28378c5f538774bda9905d8e5e51376215b64b85414cd21,679,f175b83d2e80856887834a3625da2b73c8fc15d6b926c0db97d13889dc47ce33
"(3,1,0,0)","(3,1,0,0):iso-00006",4f07a3cfbd06beafc28378c5f538774bda9905d8e5e51376215b64b85414cd21,679,f20fd77de6b145ceaa5cba3ab95f6c4e7496522d8b96fbb9abf77ab5ac64eed3
"(3,1,0,0)","(3,1,0,0):iso-00006",4f07a3cfbd06beafc28378c5f538774bda9905d8e5e51376215b64b85414cd21,679,52f8167b56ea275bc35861ec136ff92a0bd0946184292ce21609eb6fcc96fa03
"(3,1,0,0)","(3,1,0,0):iso-00006",4f07a3cfbd06beafc28378c5f538774bda9905d8e5e51376215b64b85414cd21,679,a1844e4782e92ce10a05c93c36049769a17b340585ab91b66dc10bb8e8010758
"(3,1,0,0)","(3,1,0,0):iso-00006",4f07a3cfbd06beafc28378c5f538774bda9905d8e5e51376215b64b85414cd21,679,0cb19983002063893895d48214237f970beec8f42644937c6bfdb7391e6681a4
"(3,1,0,0)","(3,1,0,0):iso-00006",4f07a3cfbd06beafc28378c5f538774bda9905d8e5e51376215b64b85414cd21,679,5a4a29bef9098c1bab7bb1ab9209e429742b607a40886478d2818c4ba7454d93
"(3,1,0,0)","(3,1,0,0):iso-00006",4f07a3cfbd06beafc28378c5f538774bda9905d8e5e51376215b64b85414cd21,679,cd11fe7817836737480da6070930f860a00809d3f8133c73d36379d6cf629340
"(3,1,0,0)","(3,1,0,0):iso-00006",4f07a3cfbd06beafc28378c5f538774bda9905d8e5e51376215b64b85414cd21,679,6312e9dc0f413596ff37cd3e06fc69fb10d955c34baaa83f87288e017ffb35e8
"(3,1,0,0)","(3,1,0,0):iso-00006",4f07a3cfbd06beafc28378c5f538774bda9905d8e5e51376215b64b85414cd21,679,f25b19170a615e133b95df77e59119f591e9f5db04e9cdd95ffaeb47f64ea231
"(3,1,0,0)","(3,1,0,0):iso-00006",4f07a3cfbd06beafc28378c5f538774bda9905d8e5e51376215b64b85414cd21,679,5499237879f166c43b28d69dce49794235835df442aaa7fef42160f766d00911
"(3,1,0,0)","(3,1,0,0):iso-00006",4f07a3cfbd06beafc28378c5f538774bda9905d8e5e51376215b64b85414cd21,679,27d22c1692d68a10d49b4045ca483a972057b9691610d3650f7bc9cc1c832a4d
"(3,1,0,0)","(3,1,0,0):iso-00006",4f07a3cfbd06beafc28378c5f538774bda9905d8e5e51376215b64b85414cd21,679,caadf142ba94b51ce9cb5c39c8c057a007371dadd2ab662ac175bfd38ffe9cd2
"(3,1,0,0)","(3,1,0,0):iso-00006",4f07a3cfbd06beafc28378c5f538774bda9905d8e5e51376215b64b85414cd21,679,6411d41800e27e1159794fe59466d7c364d92b0441b0a1e4ea7c3c5e7dbb8357
"(3,1,0,0)","(3,1,0,0):iso-00006",4f07a3cfbd06beafc28378c5f538774bda9905d8e5e51376215b64b85414cd21,679,f80cb6fbcf486ac6e551b2f0e712519f1b87baf2c450aec6479bfcc90254ccb0
"(3,1,0,0)","(3,1,0,0):iso-00006",4f07a3cfbd06beafc28378c5f538774bda9905d8e5e51376215b64b85414cd21,679,db19348d2bb659a4870d297b52d6e51a196442309b1715fe1eb9e90d59a23227
"(3,1,0,0)","(3,1,0,0):iso-00006",4f07a3cfbd06beafc28378c5f538774bda9905d8e5e51376215b64b85414cd21,679,48b5cce3c0a58a18d57dcb22f99c5fead6059d835fea1c86a32755bf4070ca2a
"(3,1,0,0)","(3,1,0,0):iso-00006",4f07a3cfbd06beafc28378c5f538774bda9905d8e5e51376215b64b85414cd21,679,b24fd137badd3e8479ae3524c55c114cf676fefe3f617a4b95e551d14249e11a
"(3,1,0,0)","(3,1,0,0):iso-00006",4f07a3cfbd06beafc28378c5f538774bda9905d8e5e51376215b64b85414cd21,679,59dd0d09e09fa105b637ca604c61601e4e15bfdf2965f2ec06ed5e7e27dac60c
"(3,1,0,0)","(3,1,0,0):iso-00006",4f07a3cfbd06beafc28378c5f538774bda9905d8e5e51376215b64b85414cd21,679,ef3cc506505d113abd203547f85685ccefe5507979e48a32496e4557c20b4968
"(3,1,0,0)","(3,1,0,0):iso-00006",4f07a3cfbd06beafc28378c5f538774bda9905d8e5e51376215b64b85414cd21,679,a574b8334e6cd69dd7e36ae9e787e544a21b6ca8c414479503e1747f06e2f7ee
"(3,1,0,0)","(3,1,0,0):iso-00006",4f07a3cfbd06beafc28378c5f538774bda9905d8e5e51376215b64b85414cd21,679,bb628c106de9831bb9c9e520c54a30d7890e35d93ece0d85d15262752a0180fb
"(3,1,0,0)","(3,1,0,0):iso-00006",4f07a3cfbd06beafc28378c5f538774bda9905d8e5e51376215b64b85414cd21,679,f99edfaf1bc37243c760f3fc0636aae511fcd328a6de0ef16e0648d468f6ec09
"(3,1,0,0)","(3,1,0,0):iso-00006",4f07a3cfbd06beafc28378c5f538774bda9905d8e5e51376215b64b85414cd21,679,2825609829207bb31ccf5c27fc6a1884d59ea6c4c4237c194be4c6b9ac8ac6fb
"(3,1,0,0)","(3,1,0,0):iso-00006",4f07a3cfbd06beafc28378c5f538774bda9905d8e5e51376215b64b85414cd21,679,4e11a6993aac275791e8785d0d181e8b5953423ba2e79c555b3dd3891844ff2f
"(3,1,0,0)","(3,1,0,0):iso-00006",4f07a3cfbd06beafc28378c5f538774bda9905d8e5e51376215b64b85414cd21,679,f8acc895f3c78b2c3c3908ef94b45bbec420e93c65095e48fb17ad411bbed1dc
"(3,1,0,0)","(3,1,0,0):iso-00006",4f07a3cfbd06beafc28378c5f538774bda9905d8e5e51376215b64b85414cd21,679,8bc9e67e943f6e56c260402ba617d6d4758532b3856234598e888527decb074f
"(3,1,0,0)","(3,1,0,0):iso-00006",4f07a3cfbd06beafc28378c5f538774bda9905d8e5e51376215b64b85414cd21,679,c75f16772bbdb96978d0d67bc8a53d3799cb029748328a8d665b8db8a105b570
"(3,1,0,0)","(3,1,0,0):iso-00006",4f07a3cfbd06beafc28378c5f538774bda9905d8e5e51376215b64b85414cd21,679,bc471f24d7781e7866eaacb606d3df4dbab0ee0a55e4d5487976fd4a1dbfd45c
"(3,1,0,0)","(3,1,0,0):iso-00006",4f07a3cfbd06beafc28378c5f538774bda9905d8e5e51376215b64b85414cd21,679,57935d40d2e3e5025378a91d4af9fb01b64b2f41052d595785f3928e274f08a6
"(3,1,0,0)","(3,1,0,0):iso-00006",4f07a3cfbd06beafc28378c5f538774bda9905d8e5e51376215b64b85414cd21,679,5946c12555ece1b8a504ebd1ee0b5ce787b4fa9c66285a772e629a2606d7b1f9
"(3,1,0,0)","(3,1,0,0):iso-00006",4f07a3cfbd06beafc28378c5f538774bda9905d8e5e51376215b64b85414cd21,679,84d3b3f059db224d3f167bf9430f23cd304d611ccda5d6e6fc2cbb18124df606
"(3,1,0,0)","(3,1,0,0):iso-00006",4f07a3cfbd06beafc28378c5f538774bda9905d8e5e51376215b64b85414cd21,679,c658fa196165aa9119c2a0964690fb4e9fd1611bda772e7cbcb4c918853118de
"(3,1,0,0)","(3,1,0,0):iso-00006",4f07a3cfbd06beafc28378c5f538774bda9905d8e5e51376215b64b85414cd21,679,0047992fe91e8fde7adb1b98b64ed60187277c1f7fec31a4e12f9cdadfdf77c6
"(3,1,0,0)","(3,1,0,0):iso-00006",4f07a3cfbd06beafc28378c5f538774bda9905d8e5e51376215b64b85414cd21,679,e478c4c6cbb951b202799b471cf3b21c817a5818ca8c90e47ddec8dde9b46f27
"(3,1,0,0)","(3,1,0,0):iso-00006",4f07a3cfbd06beafc28378c5f538774bda9905d8e5e51376215b64b85414cd21,679,9912cdc6dceeefa6a978134f635c468488023e839fc0c04acabd5cce440e5989
"(3,1,0,0)","(3,1,0,0):iso-00006",4f07a3cfbd06beafc28378c5f538774bda9905d8e5e51376215b64b85414cd21,679,db04eb0ee1b76b418f19c4933df29fd81d6d9226de337ebf9dca61fd51e3ee47
"(3,1,0,0)","(3,1,0,0):iso-00006",4f07a3cfbd06beafc28378c5f538774bda9905d8e5e51376215b64b85414cd21,679,24da91f648cc3f4bdaa69a5993bdb1c1414bc03645896e45bea0db95f4c27e77
"(3,1,0,0)","(3,1,0,0):iso-00006",4f07a3cfbd06beafc28378c5f538774bda9905d8e5e51376215b64b85414cd21,679,5c1bb138d8b419c41bc054459813b732358c3d98a2721da8cace7386675b9438
"(3,1,0,0)","(3,1,0,0):iso-00006",4f07a3cfbd06beafc28378c5f538774bda9905d8e5e51376215b64b85414cd21,679,b232303cd070754d077fd2c1e2badaa0e881a605da1fe1684657b3d09902c44f
"(3,1,0,0)","(3,1,0,0):iso-00006",4f07a3cfbd06beafc28378c5f538774bda9905d8e5e51376215b64b85414cd21,679,b5fd204870d9cf4ac3a788ef88a3e43006b635f211fa748f1ab5348d0d03e7bc
"(3,1,0,0)","(3,1,0,0):iso-00006",4f07a3cfbd06beafc28378c5f538774bda9905d8e5e51376215b64b85414cd21,679,f15c9e9619559b7bbb05c673cfc1a644a55f0d70e9622487cd1a255cb4b35c56
"(3,1,0,0)","(3,1,0,0):iso-00006",4f07a3cfbd06beafc28378c5f538774bda9905d8e5e51376215b64b85414cd21,679,0ea68bb3cda3e83cab072696c59641a65be041dca5a3cb10197e86cc89b94462
"(3,1,0,0)","(3,1,0,0):iso-00006",4f07a3cfbd06beafc28378c5f538774bda9905d8e5e51376215b64b85414cd21,679,34764483e321bc809b26a081393e6283756a2cc8f0816b309a508a431f9e8311
"(3,1,0,0)","(3,1,0,0):iso-00006",4f07a3cfbd06beafc28378c5f538774bda9905d8e5e51376215b64b85414cd21,679,e218c75e5c4580c910950811f60a72624ccfc9be17ef7588cf7cba468d0dcd50
"(3,1,0,0)","(3,1,0,0):iso-00006",4f07a3cfbd06beafc28378c5f538774bda9905d8e5e51376215b64b85414cd21,679,7edb87c3391c5366da61e2086049902d9025f0c9b14144741cc0753d8b248fb1
"(3,1,0,0)","(3,1,0,0):iso-00006",4f07a3cfbd06beafc28378c5f538774bda9905d8e5e51376215b64b85414cd21,679,bff36b8201e383ceab9d8f25d7a55959c73ef60546cecbd88eafa196a443aabf
"(3,1,0,0)","(3,1,0,0):iso-00006",4f07a3cfbd06beafc28378c5f538774bda9905d8e5e51376215b64b85414cd21,679,d568590ce65eec977856cf140eec408f9e818e166b1a44835d945c014aeaf817
"(3,1,0,0)","(3,1,0,0):iso-00006",4f07a3cfbd06beafc28378c5f538774bda9905d8e5e51376215b64b85414cd21,679,bd75330f183659bca63949e2f5325a9e8aa63e8e708a6c272f804aca5733b23c
"(3,1,0,0)","(3,1,0,0):iso-00006",4f07a3cfbd06beafc28378c5f538774bda9905d8e5e51376215b64b85414cd21,679,d0922929d4ed8525c9b23498654efebf9bdb3a5156217096e68a4b5dc0d9a557
"(3,1,0,0)","(3,1,0,0):iso-00006",4f07a3cfbd06beafc28378c5f538774bda9905d8e5e51376215b64b85414cd21,679,53bd679126dd6eb436478daaed5d7ff09146107bf9b92159e7ada6379f955696
"(3,1,0,0)","(3,1,0,0):iso-00006",4f07a3cfbd06beafc28378c5f538774bda9905d8e5e51376215b64b85414cd21,679,c2204161b2a30aa93dd2961dcc1374dc112c5284107cfe32a91787fd7dd00808
"(3,1,0,0)","(3,1,0,0):iso-00006",4f07a3cfbd06beafc28378c5f538774bda9905d8e5e51376215b64b85414cd21,679,06aed07a4bc6c6947393410790f9c29e3f46163dba27730e10e467a73f2d2cc9
"(3,1,0,0)","(3,1,0,0):iso-00006",4f07a3cfbd06beafc28378c5f538774bda9905d8e5e51376215b64b85414cd21,679,4e9f043231e09f804245bf6e3cd9d9b9352da7932b6dda0eee415c6fd770b038
"(3,1,0,0)","(3,1,0,0):iso-00006",4f07a3cfbd06beafc28378c5f538774bda9905d8e5e51376215b64b85414cd21,679,535e162a1b5d565bbae1a06f400e4e01b09dc572ee94676b49e14731572ddce7
"(3,1,0,0)","(3,1,0,0):iso-00006",4f07a3cfbd06beafc28378c5f538774bda9905d8e5e51376215b64b85414cd21,679,e2c4ff7952812baea241dbe3047734f69ca9ff143e7a285e621583cebd9fbcad
"(3,1,0,0)","(3,1,0,0):iso-00006",4f07a3cfbd06beafc28378c5f538774bda9905d8e5e51376215b64b85414cd21,679,2d896dfdbac4630c9ea7947306fd2829c3b0dda0a622e8d839b4eb57b17031d7
"(3,1,0,0)","(3,1,0,0):iso-00006",4f07a3cfbd06beafc28378c5f538774bda9905d8e5e51376215b64b85414cd21,679,8b84b03ec43d75b00a10e5a99452785fc2c38d790217def9f7d0a0e261b283a1
"(3,1,0,0)","(3,1,0,0):iso-00006",4f07a3cfbd06beafc28378c5f538774bda9905d8e5e51376215b64b85414cd21,679,e30507b43f8086e96a2293b5091866cd79518d16a085d92dfd24e8d536cf6fff
"(3,1,0,0)","(3,1,0,0):iso-00006",4f07a3cfbd06beafc28378c5f538774bda9905d8e5e51376215b64b85414cd21,679,0b73f44dc1b182cb85f232131a9b0de7a2ba27242ef62738e9e522c65249115c
"(3,1,0,0)","(3,1,0,0):iso-00006",4f07a3cfbd06beafc28378c5f538774bda9905d8e5e51376215b64b85414cd21,679,d40ffd5d38a658f9fa5f924355f7787ffe173a18d2377474f4263045ed62e4d8
"(3,1,0,0)","(3,1,0,0):iso-00006",4f07a3cfbd06beafc28378c5f538774bda9905d8e5e51376215b64b85414cd21,679,99467e3c8396d6fe52a89cb2e05272831f5edba8ecdf09817b4d6004fa7f0f68
"(3,1,0,0)","(3,1,0,0):iso-00006",4f07a3cfbd06beafc28378c5f538774bda9905d8e5e51376215b64b85414cd21,679,4ef3faaf417f3c58ceb330d5068a2575cd29caaa3fd04578590537972ed41712
"(3,1,0,0)","(3,1,0,0):iso-00006",4f07a3cfbd06beafc28378c5f538774bda9905d8e5e51376215b64b85414cd21,679,f2fe7cebdc69ba59c768cbf8314ffa3bdf26b1bb783e33d522edc6c22de49009
"(3,1,0,0)","(3,1,0,0):iso-00006",4f07a3cfbd06beafc28378c5f538774bda9905d8e5e51376215b64b85414cd21,679,706e9bb5decb9a8bf2d289d5a81a12009b884fa6f387d17d9513a3b6b2e7626f
"(3,1,0,0)","(3,1,0,0):iso-00006",4f07a3cfbd06beafc28378c5f538774bda9905d8e5e51376215b64b85414cd21,679,e2b39385b64ee0fae24cab721898fbaf8573f5a38e1bff21a1c32b30549c1128
"(3,1,0,0)","(3,1,0,0):iso-00006",4f07a3cfbd06beafc28378c5f538774bda9905d8e5e51376215b64b85414cd21,679,a2aa7bdf5c8e181c6de21c0e859e82eaee27669d8216f20c17c6505d2bde9a14
"(3,1,0,0)","(3,1,0,0):iso-00006",4f07a3cfbd06beafc28378c5f538774bda9905d8e5e51376215b64b85414cd21,679,1a16632dc64eac832eb011b7d6fb9eba6465467b534fde6fd195f208f79ad267
"(3,1,0,0)","(3,1,0,0):iso-00006",4f07a3cfbd06beafc28378c5f538774bda9905d8e5e51376215b64b85414cd21,679,1f4c1f5271f4ea48e69631f9ad9254770ca4ba18832a48b0c53002f5a53204e4
"(3,1,0,0)","(3,1,0,0):iso-00006",4f07a3cfbd06beafc28378c5f538774bda9905d8e5e51376215b64b85414cd21,679,d859437c8f20f4ffe3dc34832c5ddbdaced877616dd7f91d9c2cf4f7d71d2712
"(3,1,0,0)","(3,1,0,0):iso-00006",4f07a3cfbd06beafc28378c5f538774bda9905d8e5e51376215b64b85414cd21,679,7dec1dd9f363873855061a9cfee93b4ecccf9f31c2421570e5de7f25f0b6c444
"(3,1,0,0)","(3,1,0,0):iso-00006",4f07a3cfbd06beafc28378c5f538774bda9905d8e5e51376215b64b85414cd21,679,2d8a7eac75072741d90b67fccd1eabce31938ff9b11217289118c314925d93d9
"(3,1,0,0)","(3,1,0,0):iso-00006",4f07a3cfbd06beafc28378c5f538774bda9905d8e5e51376215b64b85414cd21,679,c0adddff915b77bd65e9b343ca88b47761141975a6991ca97f2e51f15fb5739c
"(3,1,0,0)","(3,1,0,0):iso-00006",4f07a3cfbd06beafc28378c5f538774bda9905d8e5e51376215b64b85414cd21,679,a244dadd9bdc2a519847441cf82433d41dddb0d8ef03bf18709b7bc1958d4893
"(3,1,0,0)","(3,1,0,0):iso-00006",4f07a3cfbd06beafc28378c5f538774bda9905d8e5e51376215b64b85414cd21,679,7aa891538feef92d99543f70ee6b381b8fd9e6bdc35b819460efe44345da0b1e
"(3,1,0,0)","(3,1,0,0):iso-00006",4f07a3cfbd06beafc28378c5f538774bda9905d8e5e51376215b64b85414cd21,679,356b991b703cf35181848d37e7e5c3c7fa1b4492711b53c1b897690bac2997c6
"(3,1,0,0)","(3,1,0,0):iso-00006",4f07a3cfbd06beafc28378c5f538774bda9905d8e5e51376215b64b85414cd21,679,465a3513b49cf902745b01232663bfaaf33eea800be187ba04d3b39003de0484
"(3,1,0,0)","(3,1,0,0):iso-00006",4f07a3cfbd06beafc28378c5f538774bda9905d8e5e51376215b64b85414cd21,679,d50151a56a381475a24f9e22ffaf61da2d0a73e3982aba7efdf5fa7d98dfe817
"(3,1,0,0)","(3,1,0,0):iso-00006",4f07a3cfbd06beafc28378c5f538774bda9905d8e5e51376215b64b85414cd21,679,0ae42506b11ab4501e437f4bf6d717b8180741d88698a010b56664e2b0ee9e55
"(3,1,0,0)","(3,1,0,0):iso-00006",4f07a3cfbd06beafc28378c5f538774bda9905d8e5e51376215b64b85414cd21,679,43233b492e934926def3aba4d4aa5fc3dace7978bfe182a968782701efc38dfb
"(3,1,0,0)","(3,1,0,0):iso-00007",335b508e242d5529bed09172ce30f5b85e2059da3eddc259e7bbe154c98dfe7e,507,335b508e242d5529bed09172ce30f5b85e2059da3eddc259e7bbe154c98dfe7e
"(3,1,0,0)","(3,1,0,0):iso-00007",335b508e242d5529bed09172ce30f5b85e2059da3eddc259e7bbe154c98dfe7e,507,f8ed5946e15870378db8a53211d6f90349700ccb87acc970da4efb451246f637
"(3,1,0,0)","(3,1,0,0):iso-00007",335b508e242d5529bed09172ce30f5b85e2059da3eddc259e7bbe154c98dfe7e,507,55dd94f653c159f492be78ef94c004e5f674e26151b0d1ee43dadb46d461b305
"(3,1,0,0)","(3,1,0,0):iso-00007",335b508e242d5529bed09172ce30f5b85e2059da3eddc259e7bbe154c98dfe7e,507,aa33ad67a28b148416e4001d2d79c4dc94341bdd8a9c521d3523ae21dddad1c9
"(3,1,0,0)","(3,1,0,0):iso-00007",335b508e242d5529bed09172ce30f5b85e2059da3eddc259e7bbe154c98dfe7e,507,b482fabc5210a73f13c8ccb04bbbea02afb2882a91233a5ea963026583651970
"(3,1,0,0)","(3,1,0,0):iso-00007",335b508e242d5529bed09172ce30f5b85e2059da3eddc259e7bbe154c98dfe7e,507,d11315116be9dfb302a4c1d789afae4816a16c16bb238d9b3d37a7f23c621a45
"(3,1,0,0)","(3,1,0,0):iso-00007",335b508e242d5529bed09172ce30f5b85e2059da3eddc259e7bbe154c98dfe7e,507,5ff42eae3c01117ad3133603c09d70508e3d820dafb4282ea4fe0c996f741625
"(3,1,0,0)","(3,1,0,0):iso-00007",335b508e242d5529bed09172ce30f5b85e2059da3eddc259e7bbe154c98dfe7e,507,3a2cad00e89f8bf4d131016bbe97cf76c3de00f7fbd4674cbae953f7d654030c
"(3,1,0,0)","(3,1,0,0):iso-00007",335b508e242d5529bed09172ce30f5b85e2059da3eddc259e7bbe154c98dfe7e,507,1bc38d09cdddaabe6017d9120460ddd1156dca5f4ebb8143608bde7763ed8dba
"(3,1,0,0)","(3,1,0,0):iso-00007",335b508e242d5529bed09172ce30f5b85e2059da3eddc259e7bbe154c98dfe7e,507,69f5b71062a4d6c8888cbed78add38378ccda0138c4d574407caf6170e5b7809
"(3,1,0,0)","(3,1,0,0):iso-00007",335b508e242d5529bed09172ce30f5b85e2059da3eddc259e7bbe154c98dfe7e,507,567eb0e4a98d517961a34c08ea0e148eb005f963b5a7c55f9ab0a8e504536a33
"(3,1,0,0)","(3,1,0,0):iso-00007",335b508e242d5529bed09172ce30f5b85e2059da3eddc259e7bbe154c98dfe7e,507,defbe7dba0392d477c5f863627adb3df829a8d18f91f6dc6c0633230ea891fbc
"(3,1,0,0)","(3,1,0,0):iso-00007",335b508e242d5529bed09172ce30f5b85e2059da3eddc259e7bbe154c98dfe7e,507,f11a35e27026424b3c4dfba31bb4547a570550d335f5017b32429263ebfb2324
"(3,1,0,0)","(3,1,0,0):iso-00007",335b508e242d5529bed09172ce30f5b85e2059da3eddc259e7bbe154c98dfe7e,507,4200d26e29c5f06563a4134a3b3a6cc371066dddaa88a78d09fa606558e282b1
"(3,1,0,0)","(3,1,0,0):iso-00007",335b508e242d5529bed09172ce30f5b85e2059da3eddc259e7bbe154c98dfe7e,507,b4bb5ede95cb77861e55a20a78bdaeec34d9628d5117760a1bc51ffe90caea49
"(3,1,0,0)","(3,1,0,0):iso-00007",335b508e242d5529bed09172ce30f5b85e2059da3eddc259e7bbe154c98dfe7e,507,706d1b3aaef25f7dff57f9cfa7bd7f61914cebf3e6ce05da2542d5a522456d73
"(3,1,0,0)","(3,1,0,0):iso-00007",335b508e242d5529bed09172ce30f5b85e2059da3eddc259e7bbe154c98dfe7e,507,c1b25e228fcc3f7129759bc4a13078c4b15d00dcd52fb9cef61746e71c0cf872
"(3,1,0,0)","(3,1,0,0):iso-00007",335b508e242d5529bed09172ce30f5b85e2059da3eddc259e7bbe154c98dfe7e,507,1dc35d5bff339cec05637f7d5d6d501f234f5529140bbfbe6424a6207759dee6
"(3,1,0,0)","(3,1,0,0):iso-00007",335b508e242d5529bed09172ce30f5b85e2059da3eddc259e7bbe154c98dfe7e,507,5545c2a5adabf228965e1d9f3618c88d3f930b5b66247e2f4ef560dd25375819
"(3,1,0,0)","(3,1,0,0):iso-00007",335b508e242d5529bed09172ce30f5b85e2059da3eddc259e7bbe154c98dfe7e,507,1c7d2c9482044e739e68acaa84399a41796c95ca49ecd1d54b229d4e967edabe
"(3,1,0,0)","(3,1,0,0):iso-00007",335b508e242d5529bed09172ce30f5b85e2059da3eddc259e7bbe154c98dfe7e,507,0d03dcb59e7a3151a1f3bd2112628a96629efb4276a59da6e79f5516b362c8bc
"(3,1,0,0)","(3,1,0,0):iso-00007",335b508e242d5529bed09172ce30f5b85e2059da3eddc259e7bbe154c98dfe7e,507,96a51d7258bf6cf64ade520d1c5cbfe8557a64c06cffaceccfc35980896a72ed
"(3,1,0,0)","(3,1,0,0):iso-00007",335b508e242d5529bed09172ce30f5b85e2059da3eddc259e7bbe154c98dfe7e,507,e6af01abd5f420b8fd1beadc4c8b39e0804db4e54a3cb931d82163c9ecc727a7
"(3,1,0,0)","(3,1,0,0):iso-00007",335b508e242d5529bed09172ce30f5b85e2059da3eddc259e7bbe154c98dfe7e,507,afcdb65c3eaea9a0c76af32fe5b7c148c3e78810e06a209fb9b1d3ff63243ef3
"(3,1,0,0)","(3,1,0,0):iso-00007",335b508e242d5529bed09172ce30f5b85e2059da3eddc259e7bbe154c98dfe7e,507,10ffb6dc2ca41458ff79e41a966652fde60a9dc669448dff4f1cf9732c3649ec
"(3,1,0,0)","(3,1,0,0):iso-00007",335b508e242d5529bed09172ce30f5b85e2059da3eddc259e7bbe154c98dfe7e,507,50a426c761d6c03c7aabbe6e22f1102226da5a984f7479c2e2a00bac4135351e
"(3,1,0,0)","(3,1,0,0):iso-00007",335b508e242d5529bed09172ce30f5b85e2059da3eddc259e7bbe154c98dfe7e,507,4a7687e019ebc447aea2aeab6116b391feb65112f0587b4ea2bf19f018123880
"(3,1,0,0)","(3,1,0,0):iso-00007",335b508e242d5529bed09172ce30f5b85e2059da3eddc259e7bbe154c98dfe7e,507,41d1cc8874d29ec2eef802aea719cfe583a1e50d83d48dc53ee207d3ec6d19ae
"(3,1,0,0)","(3,1,0,0):iso-00007",335b508e242d5529bed09172ce30f5b85e2059da3eddc259e7bbe154c98dfe7e,507,f4cf059dec76241eb2a8aa6c91b1c3d59f95eb6bd8d939eff60538ef8c765f88
"(3,1,0,0)","(3,1,0,0):iso-00007",335b508e242d5529bed09172ce30f5b85e2059da3eddc259e7bbe154c98dfe7e,507,7bcef6f513d6b398a0842798d78c17d6f6a58ca021b98326135a7e936b47e465
"(3,1,0,0)","(3,1,0,0):iso-00007",335b508e242d5529bed09172ce30f5b85e2059da3eddc259e7bbe154c98dfe7e,507,76723d2f9a9298e982943ecbf22763161a144ac9f4571dcd201724e66f7fb968
"(3,1,0,0)","(3,1,0,0):iso-00007",335b508e242d5529bed09172ce30f5b85e2059da3eddc259e7bbe154c98dfe7e,507,feb9d7241fe1a43234dfbabac7c93aabd188ccc705e025476c00047b728d5dcb
"(3,1,0,0)","(3,1,0,0):iso-00007",335b508e242d5529bed09172ce30f5b85e2059da3eddc259e7bbe154c98dfe7e,507,885131e20babbc3ff1f8461f1807d1ba37ef4b4d0833fee690092175016ba1f2
"(3,1,0,0)","(3,1,0,0):iso-00007",335b508e242d5529bed09172ce30f5b85e2059da3eddc259e7bbe154c98dfe7e,507,159b2df488478a3aaca744a102f33d02839db1d221efa7d08fb089e42fa7fcb3
"(3,1,0,0)","(3,1,0,0):iso-00007",335b508e242d5529bed09172ce30f5b85e2059da3eddc259e7bbe154c98dfe7e,507,6ab620d3fb136cbc0258cdbf4783564bd1aaf5eada870fa0505c597f0672c941
"(3,1,0,0)","(3,1,0,0):iso-00007",335b508e242d5529bed09172ce30f5b85e2059da3eddc259e7bbe154c98dfe7e,507,a4b6d002ab839f11566784b9cb4896245b27903d29f774eae0bfc8bbea15156e
"(3,1,0,0)","(3,1,0,0):iso-00007",335b508e242d5529bed09172ce30f5b85e2059da3eddc259e7bbe154c98dfe7e,507,a945c323c14bdcf956e151319c99896d1df1e97402ff65f09131a0278879b374
"(3,1,0,0)","(3,1,0,0):iso-00007",335b508e242d5529bed09172ce30f5b85e2059da3eddc259e7bbe154c98dfe7e,507,4eadd650f20889e26183a554860466b6bb34d9c39baf10723aac957ae1baa0a2
"(3,1,0,0)","(3,1,0,0):iso-00007",335b508e242d5529bed09172ce30f5b85e2059da3eddc259e7bbe154c98dfe7e,507,ecaef900420e6a1922e0dc8232d44ae09091cb0df6d4e35f6f86857e8ca89695
"(3,1,0,0)","(3,1,0,0):iso-00007",335b508e242d5529bed09172ce30f5b85e2059da3eddc259e7bbe154c98dfe7e,507,107357132c33680bcbea55a60fc3b0b20769f442c923f28699511a4db6e18679
"(3,1,0,0)","(3,1,0,0):iso-00007",335b508e242d5529bed09172ce30f5b85e2059da3eddc259e7bbe154c98dfe7e,507,23ab0fe62d984a3bd9da49772debf953a0d11554ad10de5b97a4408717a898fd
"(3,1,0,0)","(3,1,0,0):iso-00007",335b508e242d5529bed09172ce30f5b85e2059da3eddc259e7bbe154c98dfe7e,507,182e34e7f7c4f2e7ec4f373faac0d9fd3282c3bc67350311a39796d33ffe4428
"(3,1,0,0)","(3,1,0,0):iso-00007",335b508e242d5529bed09172ce30f5b85e2059da3eddc259e7bbe154c98dfe7e,507,17c0194f206e394641def2d268501364a82b19b203102749bbfd463090bc6399
"(3,1,0,0)","(3,1,0,0):iso-00007",335b508e242d5529bed09172ce30f5b85e2059da3eddc259e7bbe154c98dfe7e,507,7bb4cb5e08ba25f457494c764002227a754dd31ae8ac8302aaa54d490ad33c3d
"(3,1,0,0)","(3,1,0,0):iso-00007",335b508e242d5529bed09172ce30f5b85e2059da3eddc259e7bbe154c98dfe7e,507,13cd79c8c1980757598cc918a0c23b1f792acd7ccb3e17b4d86ca18271fd15f2
"(3,1,0,0)","(3,1,0,0):iso-00007",335b508e242d5529bed09172ce30f5b85e2059da3eddc259e7bbe154c98dfe7e,507,62948836ceb30354824937ec63c5624e28b751681146a204482544cb5eb3ef9f
"(3,1,0,0)","(3,1,0,0):iso-00007",335b508e242d5529bed09172ce30f5b85e2059da3eddc259e7bbe154c98dfe7e,507,0910f3fdcc44797e035d64595382fd228b3394dd83b82db05e02534a774db905
"(3,1,0,0)","(3,1,0,0):iso-00007",335b508e242d5529bed09172ce30f5b85e2059da3eddc259e7bbe154c98dfe7e,507,821b857f3a07a426640b6371f43bed160eff7061dd53629652feb808902c1c40
"(3,1,0,0)","(3,1,0,0):iso-00007",335b508e242d5529bed09172ce30f5b85e2059da3eddc259e7bbe154c98dfe7e,507,e61b35bd36a5e64dc848e25150a73803d74429b21b7fe111a4eed58bf12710f5
"(3,1,0,0)","(3,1,0,0):iso-00007",335b508e242d5529bed09172ce30f5b85e2059da3eddc259e7bbe154c98dfe7e,507,db3157f5c02d369627cce0765855191a1ddfddaffd488fc70c3522aafb78ad8e
"(3,1,0,0)","(3,1,0,0):iso-00007",335b508e242d5529bed09172ce30f5b85e2059da3eddc259e7bbe154c98dfe7e,507,6584f01b5099167e83077943fb2122af8aff47845f4a9a7a85f2f9206665b3c5
"(3,1,0,0)","(3,1,0,0):iso-00007",335b508e242d5529bed09172ce30f5b85e2059da3eddc259e7bbe154c98dfe7e,507,4eb4eb526768d24adc39b1c118d9935ac73a9ca6cce72d0defac26d8f0ad742b
"(3,1,0,0)","(3,1,0,0):iso-00007",335b508e242d5529bed09172ce30f5b85e2059da3eddc259e7bbe154c98dfe7e,507,e29257795f0103602c256672f68c20fd51833858860a6c4ec99d7b61f54e1820
"(3,1,0,0)","(3,1,0,0):iso-00007",335b508e242d5529bed09172ce30f5b85e2059da3eddc259e7bbe154c98dfe7e,507,94a479e514b5ffa10d09866bfbafbbb330c83c959bda2e7501d4da2dbdd11a93
"(3,1,0,0)","(3,1,0,0):iso-00007",335b508e242d5529bed09172ce30f5b85e2059da3eddc259e7bbe154c98dfe7e,507,9c04aa33d4716cc66fd60dd28859f7c85fbd2088e8c4f75491f063f354c5c757
"(3,1,0,0)","(3,1,0,0):iso-00007",335b508e242d5529bed09172ce30f5b85e2059da3eddc259e7bbe154c98dfe7e,507,eb81b0c81079390ec4e7ce556ccf2d2b70281c85d59816320ccd0421ca08e109
"(3,1,0,0)","(3,1,0,0):iso-00007",335b508e242d5529bed09172ce30f5b85e2059da3eddc259e7bbe154c98dfe7e,507,82151408ad2456b178302252e0232e936449f35a32e53da9d83ace9ea6300bd2
"(3,1,0,0)","(3,1,0,0):iso-00007",335b508e242d5529bed09172ce30f5b85e2059da3eddc259e7bbe154c98dfe7e,507,4abfa291dcda6780b66b3a383ab9aabfc56c6622a499cb40c5a6088703a6d8dc
"(3,1,0,0)","(3,1,0,0):iso-00007",335b508e242d5529bed09172ce30f5b85e2059da3eddc259e7bbe154c98dfe7e,507,26a65e4d74f0381eb7e7f9101c53fd28051516a7f7890deab53faa3275dfe79a
"(3,1,0,0)","(3,1,0,0):iso-00007",335b508e242d5529bed09172ce30f5b85e2059da3eddc259e7bbe154c98dfe7e,507,f8858ef0a81ad103bbc82cd2c723501a748ac0858b0e9f29f973581abc285f87
"(3,1,0,0)","(3,1,0,0):iso-00007",335b508e242d5529bed09172ce30f5b85e2059da3eddc259e7bbe154c98dfe7e,507,8508d42fc9964b0066885c6215f28e98eec28ced3250d346c1a9e2081a0d3da9
"(3,1,0,0)","(3,1,0,0):iso-00007",335b508e242d5529bed09172ce30f5b85e2059da3eddc259e7bbe154c98dfe7e,507,b2bc781b71a03716acaa38a8a738326eae92701e78fa2eb7cdbdb93efc809d3e
"(3,1,0,0)","(3,1,0,0):iso-00007",335b508e242d5529bed09172ce30f5b85e2059da3eddc259e7bbe154c98dfe7e,507,a41d666d1dfeea5ed87e0c4292dfcc7f8812ae06234ce43b0ceff1e00cdbb4e4
"(3,1,0,0)","(3,1,0,0):iso-00007",335b508e242d5529bed09172ce30f5b85e2059da3eddc259e7bbe154c98dfe7e,507,c12f2b5e3ae3490f0abf1650719518ed94cd2db85a8deecd8376c9e1fe1ba70e
"(3,1,0,0)","(3,1,0,0):iso-00007",335b508e242d5529bed09172ce30f5b85e2059da3eddc259e7bbe154c98dfe7e,507,00cf0014230f5cb6f8211dc98aefef5fcd480986c2b9691168ea57bb0b5d89c0
"(3,1,0,0)","(3,1,0,0):iso-00007",335b508e242d5529bed09172ce30f5b85e2059da3eddc259e7bbe154c98dfe7e,507,63bca8c88886f5432908efdd28b976041ac981ba60eae83e24be0cdb5c192b37
"(3,1,0,0)","(3,1,0,0):iso-00007",335b508e242d5529bed09172ce30f5b85e2059da3eddc259e7bbe154c98dfe7e,507,63940a82224888ec350b0aa3fde7fb16f58a3901f01899cd7475130ccd008541
"(3,1,0,0)","(3,1,0,0):iso-00007",335b508e242d5529bed09172ce30f5b85e2059da3eddc259e7bbe154c98dfe7e,507,c87b77f82d3a141bac8638fa6a5fc5670bbe74def9263ff734262c56992af857
"(3,1,0,0)","(3,1,0,0):iso-00007",335b508e242d5529bed09172ce30f5b85e2059da3eddc259e7bbe154c98dfe7e,507,79fdfd6b5eadbb0af1c7fe91c1c1db140d2237618d744b1ec7e77b129a1eb397
"(3,1,0,0)","(3,1,0,0):iso-00007",335b508e242d5529bed09172ce30f5b85e2059da3eddc259e7bbe154c98dfe7e,507,887227d3e1bdc4488ed2b776fe7051c29835fa55ce19a15ab76ac753bc55efc4
"(3,1,0,0)","(3,1,0,0):iso-00007",335b508e242d5529bed09172ce30f5b85e2059da3eddc259e7bbe154c98dfe7e,507,ff2a00cd74a25a2f6099e85fcd87bb0c0a4c706b2b93e2e3a881d9da47cc57c2
"(3,1,0,0)","(3,1,0,0):iso-00007",335b508e242d5529bed09172ce30f5b85e2059da3eddc259e7bbe154c98dfe7e,507,821d59b727b62195028711cade1e4e63b3a11ef2e4d5bccf315c6a845c45f994
"(3,1,0,0)","(3,1,0,0):iso-00007",335b508e242d5529bed09172ce30f5b85e2059da3eddc259e7bbe154c98dfe7e,507,86efe8c38938c7ff7d304cdfeb508708b80959f29b16700f3c852c3bba21996d
"(3,1,0,0)","(3,1,0,0):iso-00007",335b508e242d5529bed09172ce30f5b85e2059da3eddc259e7bbe154c98dfe7e,507,6e4e97cdd19ae11010d1d953b77ec99d461b87e3b751cccadc484676dfbc9669
"(3,1,0,0)","(3,1,0,0):iso-00007",335b508e242d5529bed09172ce30f5b85e2059da3eddc259e7bbe154c98dfe7e,507,0bcbe9481039186d5a6801eda7058b6d46337be7392af70a5cb53789097cdd7e
"(3,1,0,0)","(3,1,0,0):iso-00007",335b508e242d5529bed09172ce30f5b85e2059da3eddc259e7bbe154c98dfe7e,507,604651d63d7ff5a9bbaeabdbb4898aa97ab172b4fa87ab904116530cef0f496a
"(3,1,0,0)","(3,1,0,0):iso-00007",335b508e242d5529bed09172ce30f5b85e2059da3eddc259e7bbe154c98dfe7e,507,7091a3f90b59457eedb784d64f8f24e97ad927dd2e76b9a284da8be46e605754
"(3,1,0,0)","(3,1,0,0):iso-00007",335b508e242d5529bed09172ce30f5b85e2059da3eddc259e7bbe154c98dfe7e,507,778c37d6a257fea9071a2dc466887a5a06181de3e6b8aa04b6f1fbe4fdf25cae
"(3,1,0,0)","(3,1,0,0):iso-00007",335b508e242d5529bed09172ce30f5b85e2059da3eddc259e7bbe154c98dfe7e,507,69814ee83b9be833409e9596d015bd0164c46c970a50f975c2d2417579bd35be
"(3,1,0,0)","(3,1,0,0):iso-00007",335b508e242d5529bed09172ce30f5b85e2059da3eddc259e7bbe154c98dfe7e,507,b0c22e134414bd866dfe852ee52a1ec967ce051c619e080016c251cb5200468b
"(3,1,0,0)","(3,1,0,0):iso-00007",335b508e242d5529bed09172ce30f5b85e2059da3eddc259e7bbe154c98dfe7e,507,388c9bdffac5996808a1e36260f1cbe24125934425e38a976054502b579f4209
"(3,1,0,0)","(3,1,0,0):iso-00007",335b508e242d5529bed09172ce30f5b85e2059da3eddc259e7bbe154c98dfe7e,507,3409f29ff5f2cf92b3bb63aae95e5ab820b665800738d3c7773621b4752a3f25
"(3,1,0,0)","(3,1,0,0):iso-00007",335b508e242d5529bed09172ce30f5b85e2059da3eddc259e7bbe154c98dfe7e,507,cf0c0b2cd084ae35f90dc2fe968b5a76475e930b465298eacfb149783051521d
"(3,1,0,0)","(3,1,0,0):iso-00007",335b508e242d5529bed09172ce30f5b85e2059da3eddc259e7bbe154c98dfe7e,507,1676d93620e5fb9bead59eae0599f85e8754d8540021387a8a46d5e8af9967fe
"(3,1,0,0)","(3,1,0,0):iso-00007",335b508e242d5529bed09172ce30f5b85e2059da3eddc259e7bbe154c98dfe7e,507,db1ed2e84315a27af979257e2d9ee63b289c67b3906cedea3bf69f6aeba75ced
"(3,1,0,0)","(3,1,0,0):iso-00007",335b508e242d5529bed09172ce30f5b85e2059da3eddc259e7bbe154c98dfe7e,507,362d289414dfb46d2cc47be4ba3b604a2044b84b9e00657a1e953335daf348eb
"(3,1,0,0)","(3,1,0,0):iso-00007",335b508e242d5529bed09172ce30f5b85e2059da3eddc259e7bbe154c98dfe7e,507,4f7260b199fe3943612a0902300d66cb5cb3959f771d251b12ac6226756fbed7
"(3,1,0,0)","(3,1,0,0):iso-00007",335b508e242d5529bed09172ce30f5b85e2059da3eddc259e7bbe154c98dfe7e,507,9137e876bce46b65a9df130f93c8a34c161ddc7a80f910da4463d286b08798e6
"(3,1,0,0)","(3,1,0,0):iso-00007",335b508e242d5529bed09172ce30f5b85e2059da3eddc259e7bbe154c98dfe7e,507,fb392f55ccf4e18647b2599c00c2abeb88f6320e174a2157f6b49ea8762cfe98
"(3,1,0,0)","(3,1,0,0):iso-00007",335b508e242d5529bed09172ce30f5b85e2059da3eddc259e7bbe154c98dfe7e,507,5c90d6f7f6257b641f111c7b33dc7c61f56fb851f3244f94aa14801abe45c4aa
"(3,1,0,0)","(3,1,0,0):iso-00007",335b508e242d5529bed09172ce30f5b85e2059da3eddc259e7bbe154c98dfe7e,507,7cde0854849b4e72468ff660b0d00c3fd113824fadafbf1b9ba54a58ee5b4ff4
"(3,1,0,0)","(3,1,0,0):iso-00007",335b508e242d5529bed09172ce30f5b85e2059da3eddc259e7bbe154c98dfe7e,507,92e35cda70aa0752a2623d70ddc85d03f9a9c3d095e59eee96c83ed77a1af441
"(3,1,0,0)","(3,1,0,0):iso-00007",335b508e242d5529bed09172ce30f5b85e2059da3eddc259e7bbe154c98dfe7e,507,02718ac67d3d42f6f311f3186aa4fd153b8df8bd5b404305dfcbf9ff20751e2d
"(3,1,0,0)","(3,1,0,0):iso-00007",335b508e242d5529bed09172ce30f5b85e2059da3eddc259e7bbe154c98dfe7e,507,b73d8e68b14483ddde7e101394d9101ab0f0bb378d164e55f3000d03e5cb9b54
"(3,1,0,0)","(3,1,0,0):iso-00007",335b508e242d5529bed09172ce30f5b85e2059da3eddc259e7bbe154c98dfe7e,507,ebd58b6cacb64c12f3236730ecb1f1e31f356cd34a37078ac1318a7f723a413f
"(3,1,0,0)","(3,1,0,0):iso-00007",335b508e242d5529bed09172ce30f5b85e2059da3eddc259e7bbe154c98dfe7e,507,f74481be0a03e44e0fec2dd5107bfffa0046103c07f8074886c261e4bbab4367
"(3,1,0,0)","(3,1,0,0):iso-00007",335b508e242d5529bed09172ce30f5b85e2059da3eddc259e7bbe154c98dfe7e,507,1b1311ddd8bd5ef779399592a2acdf3592f9625994525b171eafe4c716f8b208
"(3,1,0,0)","(3,1,0,0):iso-00007",335b508e242d5529bed09172ce30f5b85e2059da3eddc259e7bbe154c98dfe7e,507,6442d71b347bd5da4bbb3f10747895342ee246755c32d7dc667e6071a401ac42
"(3,1,0,0)","(3,1,0,0):iso-00007",335b508e242d5529bed09172ce30f5b85e2059da3eddc259e7bbe154c98dfe7e,507,c2b467e8ad2bc0fb9cef225c30411655a84461c641c8e431bda568ae6c64c275
"(3,1,0,0)","(3,1,0,0):iso-00007",335b508e242d5529bed09172ce30f5b85e2059da3eddc259e7bbe154c98dfe7e,507,ed9c05da049d76e43fd69bd1fddd1ee1f3b88fd42f445c17fa9ac109bfe04ff1
"(3,1,0,0)","(3,1,0,0):iso-00007",335b508e242d5529bed09172ce30f5b85e2059da3eddc259e7bbe154c98dfe7e,507,cf036720a58d9d1ae5244d79811257d464a5e6bc40f6cda2962020dd7420cfe0
"(3,1,0,0)","(3,1,0,0):iso-00007",335b508e242d5529bed09172ce30f5b85e2059da3eddc259e7bbe154c98dfe7e,507,25b0e50467f954fe6871297691655362c21f8ba6bc4dc353104c0dac1d1c468b
"(3,1,0,0)","(3,1,0,0):iso-00007",335b508e242d5529bed09172ce30f5b85e2059da3eddc259e7bbe154c98dfe7e,507,9bee9dd434b6f0ad51e4702c431dd9f437381664cba4fdb32c02f6c4709da066
"(3,1,0,0)","(3,1,0,0):iso-00007",335b508e242d5529bed09172ce30f5b85e2059da3eddc259e7bbe154c98dfe7e,507,b45335be48d0744c72625ecc78dac745c362c8599e04e8ea1536ec45f27dcaab
"(3,1,0,0)","(3,1,0,0):iso-00007",335b508e242d5529bed09172ce30f5b85e2059da3eddc259e7bbe154c98dfe7e,507,434ca04f38acec9ac0cb6d1612f66e9fb1b6b92d2494fb4984abe747ac7be668
"(3,1,0,0)","(3,1,0,0):iso-00007",335b508e242d5529bed09172ce30f5b85e2059da3eddc259e7bbe154c98dfe7e,507,985b23a8e41126acdcc2c29b81f33f911c060be8f96867a3ae603e701ffe74f4
"(3,1,0,0)","(3,1,0,0):iso-00007",335b508e242d5529bed09172ce30f5b85e2059da3eddc259e7bbe154c98dfe7e,507,bf64f7e66ba84174b467e8eb28e5871940684ac0fff7a67997d00ea3789c8760
"(3,1,0,0)","(3,1,0,0):iso-00007",335b508e242d5529bed09172ce30f5b85e2059da3eddc259e7bbe154c98dfe7e,507,f22fac0551f3576e7d98899e23bcb479b2831135f7791d9ec3b4cdb90835b451
"(3,1,0,0)","(3,1,0,0):iso-00007",335b508e242d5529bed09172ce30f5b85e2059da3eddc259e7bbe154c98dfe7e,507,a2fbeb612e14f4bb0bfdc5d601305e806a50873b02d18105a994b63a9097cc17
"(3,1,0,0)","(3,1,0,0):iso-00007",335b508e242d5529bed09172ce30f5b85e2059da3eddc259e7bbe154c98dfe7e,507,409952cfc6a66afdac2337876d4c6fc5df928f24ffba00823312962a6da413c4
"(3,1,0,0)","(3,1,0,0):iso-00007",335b508e242d5529bed09172ce30f5b85e2059da3eddc259e7bbe154c98dfe7e,507,9c0a99c40c7f41595c2f4c8f091cacb117558c563edd889430430acfafe71fcd
"(3,1,0,0)","(3,1,0,0):iso-00007",335b508e242d5529bed09172ce30f5b85e2059da3eddc259e7bbe154c98dfe7e,507,5024a59d1f167bcf9b1d75cbd64f37028ccfa8e410d40e015bd925b6edddd7b5
"(3,1,0,0)","(3,1,0,0):iso-00007",335b508e242d5529bed09172ce30f5b85e2059da3eddc259e7bbe154c98dfe7e,507,4b50460e28f1ea23faf32c7c5fa197a4cf37e5794548cf5cc8fa2eb66f6d1528
"(3,1,0,0)","(3,1,0,0):iso-00007",335b508e242d5529bed09172ce30f5b85e2059da3eddc259e7bbe154c98dfe7e,507,805adab56fdaefe3bd14f54ecc24301e64f931f722a90c3513aaba43bb9c811f
"(3,1,0,0)","(3,1,0,0):iso-00007",335b508e242d5529bed09172ce30f5b85e2059da3eddc259e7bbe154c98dfe7e,507,09bf39da255d713f7f7b5f6822d1a7e63eb701d4207956096d8987329c4630aa
"(3,1,0,0)","(3,1,0,0):iso-00007",335b508e242d5529bed09172ce30f5b85e2059da3eddc259e7bbe154c98dfe7e,507,b5a1571301a75a3b56f7629b3bd75cf27ec26d3dd141f0695c5a1a94b68055d4
"(3,1,0,0)","(3,1,0,0):iso-00007",335b508e242d5529bed09172ce30f5b85e2059da3eddc259e7bbe154c98dfe7e,507,b10026561535b420429502283d86133d39f7fbe2ec7f0d745671fb7161c5e953
"(3,1,0,0)","(3,1,0,0):iso-00007",335b508e242d5529bed09172ce30f5b85e2059da3eddc259e7bbe154c98dfe7e,507,d6ce976bd3acdc0445cd211b23fd54aedfcd24cd2954e78fe20727e5dea4bb0d
"(3,1,0,0)","(3,1,0,0):iso-00007",335b508e242d5529bed09172ce30f5b85e2059da3eddc259e7bbe154c98dfe7e,507,7052630970c34857fdd809970efe5d63137c7b69df672fa051c9aa87ed07bfd0
"(3,1,0,0)","(3,1,0,0):iso-00007",335b508e242d5529bed09172ce30f5b85e2059da3eddc259e7bbe154c98dfe7e,507,67e6694883fa3df27f6d84474e04b0059a41a61f1e1e87e0d0a2e3d3dd0d0ab0
"(3,1,0,0)","(3,1,0,0):iso-00007",335b508e242d5529bed09172ce30f5b85e2059da3eddc259e7bbe154c98dfe7e,507,84d532058b101830eaf9a0d56e77ceaaad8d70201653070df4a95ceb53d4f439
"(3,1,0,0)","(3,1,0,0):iso-00007",335b508e242d5529bed09172ce30f5b85e2059da3eddc259e7bbe154c98dfe7e,507,f5cc3c9c91dc4fb6c536c63f664a3f200c857f7b2e7553d46d63b32649b2b726
"(3,1,0,0)","(3,1,0,0):iso-00007",335b508e242d5529bed09172ce30f5b85e2059da3eddc259e7bbe154c98dfe7e,507,39989d5db2521e3dd654181f236ef3f851317453e7930c257131662af2a5cbe8
"(3,1,0,0)","(3,1,0,0):iso-00007",335b508e242d5529bed09172ce30f5b85e2059da3eddc259e7bbe154c98dfe7e,507,5b0e07042eb0beda574e3e067ad53ed9a0567788e9ce9593267a94e5d5a1e524
"(3,1,0,0)","(3,1,0,0):iso-00007",335b508e242d5529bed09172ce30f5b85e2059da3eddc259e7bbe154c98dfe7e,507,3c60186b7d7d800a2ee55d943a00641b45b03d26fd5c0b8ec820d3d69097c2e4
"(3,1,0,0)","(3,1,0,0):iso-00007",335b508e242d5529bed09172ce30f5b85e2059da3eddc259e7bbe154c98dfe7e,507,e7e5b3f03664040b707e683c262a969bcba8ae5089f97f9eaca5f45787ceda0d
"(3,1,0,0)","(3,1,0,0):iso-00007",335b508e242d5529bed09172ce30f5b85e2059da3eddc259e7bbe154c98dfe7e,507,d0fde86233809f1b885199bf5264bca3ec76d89cb4a8782e1eead5f0de7cba98
"(3,1,0,0)","(3,1,0,0):iso-00007",335b508e242d5529bed09172ce30f5b85e2059da3eddc259e7bbe154c98dfe7e,507,b89ab5cb7cae23c57f148487380d6b7df260291859279dcd7e6aea26989c36fb
"(3,1,0,0)","(3,1,0,0):iso-00007",335b508e242d5529bed09172ce30f5b85e2059da3eddc259e7bbe154c98dfe7e,507,ed481fdd1c6368bbca06ec251729488722bb7a72aed02cc732f109abc2c156b5
"(3,1,0,0)","(3,1,0,0):iso-00007",335b508e242d5529bed09172ce30f5b85e2059da3eddc259e7bbe154c98dfe7e,507,abce0a4aeb29921e7e89c5a7d301e433d1364a6d5f655e9dfdb0ea614e068e58
"(3,1,0,0)","(3,1,0,0):iso-00007",335b508e242d5529bed09172ce30f5b85e2059da3eddc259e7bbe154c98dfe7e,507,5cc000f2a368be98eb6a78cdfe3ccce19c37b71b5a9cd481292984b214a5fc1d
"(3,1,0,0)","(3,1,0,0):iso-00007",335b508e242d5529bed09172ce30f5b85e2059da3eddc259e7bbe154c98dfe7e,507,d27109d9888d6debde3e2dcd5be9e788abf2a7af7e603b0f9a2429fce13630f2
"(3,1,0,0)","(3,1,0,0):iso-00007",335b508e242d5529bed09172ce30f5b85e2059da3eddc259e7bbe154c98dfe7e,507,3c27dbafcd00b646729a9b36b39faa8b879282fd71bd70273497097c9970e8c7
"(3,1,0,0)","(3,1,0,0):iso-00007",335b508e242d5529bed09172ce30f5b85e2059da3eddc259e7bbe154c98dfe7e,507,4b8e4b680815312b19eba73a341d281b8cf1f0691ae03251e860cd2a8d90aa3d
"(3,1,0,0)","(3,1,0,0):iso-00007",335b508e242d5529bed09172ce30f5b85e2059da3eddc259e7bbe154c98dfe7e,507,7359100b738de8822d54520b465c225edc2168334584763a2be251f524b56baf
"(3,1,0,0)","(3,1,0,0):iso-00007",335b508e242d5529bed09172ce30f5b85e2059da3eddc259e7bbe154c98dfe7e,507,a76e2afbc47c47f598afcd52f7e93e768c5db03f2f2e79a68a84c9093f55cd6e
"(3,1,0,0)","(3,1,0,0):iso-00007",335b508e242d5529bed09172ce30f5b85e2059da3eddc259e7bbe154c98dfe7e,507,332394882765f65217ff3ba5b15f6c36136e514975007f766f8dab13ce2a2c31
"(3,1,0,0)","(3,1,0,0):iso-00007",335b508e242d5529bed09172ce30f5b85e2059da3eddc259e7bbe154c98dfe7e,507,5e5b81faf8851d20c39b185047fe5f4366053208eabafe30d97f6dcabd438569
"(3,1,0,0)","(3,1,0,0):iso-00007",335b508e242d5529bed09172ce30f5b85e2059da3eddc259e7bbe154c98dfe7e,507,ac5e3eca151555e29f007302d384a0120a3b58b23e88d031ae9e6a9d91436485
"(3,1,0,0)","(3,1,0,0):iso-00007",335b508e242d5529bed09172ce30f5b85e2059da3eddc259e7bbe154c98dfe7e,507,4b08f3cf720f65b688fc58b76fe83c16a07727407837b726914642f21fbe4fb3
"(3,1,0,0)","(3,1,0,0):iso-00007",335b508e242d5529bed09172ce30f5b85e2059da3eddc259e7bbe154c98dfe7e,507,337f0282bf02aa7f85a4e2ed690b874e26831cecb368c8758b1040abeef20d56
"(3,1,0,0)","(3,1,0,0):iso-00007",335b508e242d5529bed09172ce30f5b85e2059da3eddc259e7bbe154c98dfe7e,507,d332909bf9966ead4308242b15199de0bdfc9f438b8b1903ee455b22c9c9bad7
"(3,1,0,0)","(3,1,0,0):iso-00007",335b508e242d5529bed09172ce30f5b85e2059da3eddc259e7bbe154c98dfe7e,507,6e1c2c590e4ed7ccbe31422093e2f0676bdf4466565f9dbbe2b56cca0ea919d6
"(3,1,0,0)","(3,1,0,0):iso-00007",335b508e242d5529bed09172ce30f5b85e2059da3eddc259e7bbe154c98dfe7e,507,5bb654d1f72771d42b1da98bda8d979843b81879ef3da1fa593730e24bb56db1
"(3,1,0,0)","(3,1,0,0):iso-00007",335b508e242d5529bed09172ce30f5b85e2059da3eddc259e7bbe154c98dfe7e,507,1e872afdd37088df0ec36e63b268b725a4f31b54ff7ff1b187ec543e5e3e543f
"(3,1,0,0)","(3,1,0,0):iso-00007",335b508e242d5529bed09172ce30f5b85e2059da3eddc259e7bbe154c98dfe7e,507,1fbef2589fcaf1c974b2f11c2d295bf4afbf1e3c75d12f3ebabb3fbce3343b0f
"(3,1,0,0)","(3,1,0,0):iso-00007",335b508e242d5529bed09172ce30f5b85e2059da3eddc259e7bbe154c98dfe7e,507,3c0eeccd0203fd63348b676efd8c7950fba5f8b9e79109c88511cf71c82eafac
"(3,1,0,0)","(3,1,0,0):iso-00007",335b508e242d5529bed09172ce30f5b85e2059da3eddc259e7bbe154c98dfe7e,507,0b9ae4d6ca0c83a46c2080151efcb178022323583cceaa1c1bd8963fe3760ac2
"(3,1,0,0)","(3,1,0,0):iso-00007",335b508e242d5529bed09172ce30f5b85e2059da3eddc259e7bbe154c98dfe7e,507,f2b8d98abdad3f9e9b09133a48868234688ba172c3d45ca717e31e000d85c82d
"(3,1,0,0)","(3,1,0,0):iso-00007",335b508e242d5529bed09172ce30f5b85e2059da3eddc259e7bbe154c98dfe7e,507,746b20afb557461112d7a388de058f9381edb8c1884323afea4664258ea5d254
"(3,1,0,0)","(3,1,0,0):iso-00007",335b508e242d5529bed09172ce30f5b85e2059da3eddc259e7bbe154c98dfe7e,507,00775d342c7dd82a1a8c18afa106c50e9fcbcb0145fa4bcb2ff554d515cb9ac6
"(3,1,0,0)","(3,1,0,0):iso-00007",335b508e242d5529bed09172ce30f5b85e2059da3eddc259e7bbe154c98dfe7e,507,e1610a2852a1e95901ef2938e34ee6a9cea2f9b0d34b2a4368fba4aacb873b58
"(3,1,0,0)","(3,1,0,0):iso-00007",335b508e242d5529bed09172ce30f5b85e2059da3eddc259e7bbe154c98dfe7e,507,e571e423e3a59b708da46e06a663b67ab0456cc0a39db7f40ea8ec3cfd340bce
"(3,1,0,0)","(3,1,0,0):iso-00007",335b508e242d5529bed09172ce30f5b85e2059da3eddc259e7bbe154c98dfe7e,507,021d3685b31f6546617ab04f4b7df7dd64c8fa47c339b2d7218454320bc691a0
"(3,1,0,0)","(3,1,0,0):iso-00007",335b508e242d5529bed09172ce30f5b85e2059da3eddc259e7bbe154c98dfe7e,507,6e52e6778d1ddf593933672d2a3620aefc0b4bc3dd930377ada4e827cb5d7613
"(3,1,0,0)","(3,1,0,0):iso-00007",335b508e242d5529bed09172ce30f5b85e2059da3eddc259e7bbe154c98dfe7e,507,cfadcc3d31d70fff64a5b1c492a952b785a15bc6b11237e29c79f92f1d0039e9
"(3,1,0,0)","(3,1,0,0):iso-00007",335b508e242d5529bed09172ce30f5b85e2059da3eddc259e7bbe154c98dfe7e,507,ed86566275fe087c2407d606123fbe44db26e3c760ab0bf1efadd75eab664ad2
"(3,1,0,0)","(3,1,0,0):iso-00007",335b508e242d5529bed09172ce30f5b85e2059da3eddc259e7bbe154c98dfe7e,507,2d06139b5342b5aa5e9228d082d21ae52d873b172b99ba0ff83379bb911de218
"(3,1,0,0)","(3,1,0,0):iso-00007",335b508e242d5529bed09172ce30f5b85e2059da3eddc259e7bbe154c98dfe7e,507,1a63a25c7f167a1e76afa71b34face42e6d8ae05a2702d110424d0e8bc23dea2
"(3,1,0,0)","(3,1,0,0):iso-00007",335b508e242d5529bed09172ce30f5b85e2059da3eddc259e7bbe154c98dfe7e,507,3507db4f73235211cf1addbb018850778d851c999b371d4f08f6c68a76c7526e
"(3,1,0,0)","(3,1,0,0):iso-00007",335b508e242d5529bed09172ce30f5b85e2059da3eddc259e7bbe154c98dfe7e,507,25c57e8249e70c253488aed5ac259878bc36753cc813b117757efd26b6dc5dc7
"(3,1,0,0)","(3,1,0,0):iso-00007",335b508e242d5529bed09172ce30f5b85e2059da3eddc259e7bbe154c98dfe7e,507,0c16821a4b9834a7b64e2a43888c9e14f8f977e0efcc8b0636a1e663853919f6
"(3,1,0,0)","(3,1,0,0):iso-00007",335b508e242d5529bed09172ce30f5b85e2059da3eddc259e7bbe154c98dfe7e,507,05339287932b3d50eff8f5dd8360e5a82f9df061d9cdabca921c9366dce406e9
"(3,1,0,0)","(3,1,0,0):iso-00007",335b508e242d5529bed09172ce30f5b85e2059da3eddc259e7bbe154c98dfe7e,507,28e4a8446eb41579a1ba8ff74cf3ab9c4f4400066f9809a0574b3cc8351b2c26
"(3,1,0,0)","(3,1,0,0):iso-00007",335b508e242d5529bed09172ce30f5b85e2059da3eddc259e7bbe154c98dfe7e,507,46eb4c22e8cca47eac6a8636b14b1904d9df32878af54dd3668b3b2c49dc5d41
"(3,1,0,0)","(3,1,0,0):iso-00007",335b508e242d5529bed09172ce30f5b85e2059da3eddc259e7bbe154c98dfe7e,507,794a299027964a9a502e5a173dde14c88128dc8b85440b2fd6636a0625defd24
"(3,1,0,0)","(3,1,0,0):iso-00007",335b508e242d5529bed09172ce30f5b85e2059da3eddc259e7bbe154c98dfe7e,507,fc387accb465232fce56da8d3ad6451a944740a5fec3c1a2274b16a98c321199
"(3,1,0,0)","(3,1,0,0):iso-00007",335b508e242d5529bed09172ce30f5b85e2059da3eddc259e7bbe154c98dfe7e,507,f6e6b73a32c7b7eaecea14e5c210456fa668c42ca2553800ef2f625a145c27eb
"(3,1,0,0)","(3,1,0,0):iso-00007",335b508e242d5529bed09172ce30f5b85e2059da3eddc259e7bbe154c98dfe7e,507,de03e7bf241ca82f5ca31ca353701079a4e9b35f873fcc2ef8089c907b7c6a72
"(3,1,0,0)","(3,1,0,0):iso-00007",335b508e242d5529bed09172ce30f5b85e2059da3eddc259e7bbe154c98dfe7e,507,aefcb001f046791dc9bc88016e6a15af83eed06354d5ff78d4ff678630e0227b
"(3,1,0,0)","(3,1,0,0):iso-00007",335b508e242d5529bed09172ce30f5b85e2059da3eddc259e7bbe154c98dfe7e,507,c80ed494d8e7f4c4f8264d5a612038d2e7a4b396757c64607f2e504f0e09aab7
"(3,1,0,0)","(3,1,0,0):iso-00007",335b508e242d5529bed09172ce30f5b85e2059da3eddc259e7bbe154c98dfe7e,507,a097696ddbe2fa8ed3b1cc1b454293f8a8803d90299421670fff5c325b79dbf5
"(3,1,0,0)","(3,1,0,0):iso-00007",335b508e242d5529bed09172ce30f5b85e2059da3eddc259e7bbe154c98dfe7e,507,381de76ae6f9ee7dea791be413ff743d2248e793dfc6e0453d5242d31df07a1c
"(3,1,0,0)","(3,1,0,0):iso-00007",335b508e242d5529bed09172ce30f5b85e2059da3eddc259e7bbe154c98dfe7e,507,25f807953133a021fadcc07a94fadf13c5eeac8268a2a21af80b7c9823ed21eb
"(3,1,0,0)","(3,1,0,0):iso-00007",335b508e242d5529bed09172ce30f5b85e2059da3eddc259e7bbe154c98dfe7e,507,8f21c517212ad6770b2993b574b9260fa9174ff4acaaf4842f7120626b7fbc3c
"(3,1,0,0)","(3,1,0,0):iso-00007",335b508e242d5529bed09172ce30f5b85e2059da3eddc259e7bbe154c98dfe7e,507,f4b95dbdc5ca8efb0892220cbad8d480114e4569f6eb76572cae09ccddcbcd37
"(3,1,0,0)","(3,1,0,0):iso-00007",335b508e242d5529bed09172ce30f5b85e2059da3eddc259e7bbe154c98dfe7e,507,3416401bb568c577a33272120e76d5bb425c0b65b48ff032541cccabd55b7f12
"(3,1,0,0)","(3,1,0,0):iso-00007",335b508e242d5529bed09172ce30f5b85e2059da3eddc259e7bbe154c98dfe7e,507,c9a27ec28547e5991b5c7586884cbf9fdb78ecb600e059e2280e5f2bf9a3f9da
"(3,1,0,0)","(3,1,0,0):iso-00007",335b508e242d5529bed09172ce30f5b85e2059da3eddc259e7bbe154c98dfe7e,507,6ed8341fce915e515e65917441ea76fb56ea1f8ecf38ce4bca44053fc30899a2
"(3,1,0,0)","(3,1,0,0):iso-00007",335b508e242d5529bed09172ce30f5b85e2059da3eddc259e7bbe154c98dfe7e,507,e15b08e9fd722a7af08811adb48402e3523eba6c3d6bb3d7a950ec4b5ab99c7c
"(3,1,0,0)","(3,1,0,0):iso-00007",335b508e242d5529bed09172ce30f5b85e2059da3eddc259e7bbe154c98dfe7e,507,8cfbf63a09572617425d714a49aee935ea202a8cea147422a94cd8ae824e3e66
"(3,1,0,0)","(3,1,0,0):iso-00007",335b508e242d5529bed09172ce30f5b85e2059da3eddc259e7bbe154c98dfe7e,507,e7ce866339e7541e61f3f38cca4ffd64692f91dd8ffe6912162ae023aa7d1602
"(3,1,0,0)","(3,1,0,0):iso-00007",335b508e242d5529bed09172ce30f5b85e2059da3eddc259e7bbe154c98dfe7e,507,7d642c569ab70134889a8fc743a46815ba8017e44950cd50b98e5ac49560aefb
"(3,1,0,0)","(3,1,0,0):iso-00007",335b508e242d5529bed09172ce30f5b85e2059da3eddc259e7bbe154c98dfe7e,507,96bf742769a7ce917b91c2f83588c17f095944d674ba8e732d170f09df8ac4e1
"(3,1,0,0)","(3,1,0,0):iso-00007",335b508e242d5529bed09172ce30f5b85e2059da3eddc259e7bbe154c98dfe7e,507,eb5f3b68d665893a9a0f7e253371fd1cadc61650c6957f7cc1c51babb9e000dd
"(3,1,0,0)","(3,1,0,0):iso-00007",335b508e242d5529bed09172ce30f5b85e2059da3eddc259e7bbe154c98dfe7e,507,cca8b6b32ed1703a3de08a152427856bc41cba4c04ceb9834e697698dd5c79e0
"(3,1,0,0)","(3,1,0,0):iso-00007",335b508e242d5529bed09172ce30f5b85e2059da3eddc259e7bbe154c98dfe7e,507,1ff1ef4c6516994fc41da30a9abe239166e48a90ff85fe0a4cdf9c8dd0b929d9
"(3,1,0,0)","(3,1,0,0):iso-00007",335b508e242d5529bed09172ce30f5b85e2059da3eddc259e7bbe154c98dfe7e,507,ce85c0624cdb8cd259218c64d8d63c53030882ebe6d9c835110d8ff42bb85526
"(3,1,0,0)","(3,1,0,0):iso-00007",335b508e242d5529bed09172ce30f5b85e2059da3eddc259e7bbe154c98dfe7e,507,9a7253a387a216f05b0b309e317f3739640c0f6ad5db6cc3d41cbb7f6496bb4f
"(3,1,0,0)","(3,1,0,0):iso-00007",335b508e242d5529bed09172ce30f5b85e2059da3eddc259e7bbe154c98dfe7e,507,c619f91e91f9182652fce6bd59a73e82aa0d4e7ce285c30ec47d852dd32f45c5
"(3,1,0,0)","(3,1,0,0):iso-00007",335b508e242d5529bed09172ce30f5b85e2059da3eddc259e7bbe154c98dfe7e,507,1334ea31f07a8bd4832390cab3c27165599fa01e0aec6b029490f3aca568411e
"(3,1,0,0)","(3,1,0,0):iso-00007",335b508e242d5529bed09172ce30f5b85e2059da3eddc259e7bbe154c98dfe7e,507,0a6757093705b393bc6a464c282a8d29a7fcc5fef89f6dde391addd2567db663
"(3,1,0,0)","(3,1,0,0):iso-00007",335b508e242d5529bed09172ce30f5b85e2059da3eddc259e7bbe154c98dfe7e,507,b210220955f72223c174b37b621dadd496acec4e62c108b95b57b14a62a59d67
"(3,1,0,0)","(3,1,0,0):iso-00007",335b508e242d5529bed09172ce30f5b85e2059da3eddc259e7bbe154c98dfe7e,507,4dba6d554fe4cf388ba15ee6e772df4e3ad46c8c8d441ffe2db4f9a7b9929a5a
"(3,1,0,0)","(3,1,0,0):iso-00007",335b508e242d5529bed09172ce30f5b85e2059da3eddc259e7bbe154c98dfe7e,507,829070e1496ffeaa4094e3e00ef5bbfcdbfa48f40410c3c087a09bd8558ab127
"(3,1,0,0)","(3,1,0,0):iso-00007",335b508e242d5529bed09172ce30f5b85e2059da3eddc259e7bbe154c98dfe7e,507,4281c944f544de16a89917dd6e682b3500ef1518729428ee967b591efbb32781
"(3,1,0,0)","(3,1,0,0):iso-00007",335b508e242d5529bed09172ce30f5b85e2059da3eddc259e7bbe154c98dfe7e,507,e57d249234d7835d1e2502b444f7c6845d2ad20e6f65d5ed2c08b6253b702e9c
"(3,1,0,0)","(3,1,0,0):iso-00007",335b508e242d5529bed09172ce30f5b85e2059da3eddc259e7bbe154c98dfe7e,507,c4e7a495b14c2ffd2151391f821cbe8ee7eb061a102f170000daff6423ea5e96
"(3,1,0,0)","(3,1,0,0):iso-00007",335b508e242d5529bed09172ce30f5b85e2059da3eddc259e7bbe154c98dfe7e,507,f494dc9dc6fa6fdcc159a8a7ca5a1d2b7e230dc93c24256f44f71de89ad98eca
"(3,1,0,0)","(3,1,0,0):iso-00007",335b508e242d5529bed09172ce30f5b85e2059da3eddc259e7bbe154c98dfe7e,507,1fc92ccd80d4c235843cfe8c0974d9ffcfc5420f2f608c4f7e5680c4beca69f5
"(3,1,0,0)","(3,1,0,0):iso-00007",335b508e242d5529bed09172ce30f5b85e2059da3eddc259e7bbe154c98dfe7e,507,7d3c8681243ffe0a2ade23b4e97133418ca821ee95c8d15719f556d76a04b22f
"(3,1,0,0)","(3,1,0,0):iso-00007",335b508e242d5529bed09172ce30f5b85e2059da3eddc259e7bbe154c98dfe7e,507,03f9a097d11f9ad7dd8296fc7223d2fec0f666a49691b0a2e68ce8930a466deb
"(3,1,0,0)","(3,1,0,0):iso-00007",335b508e242d5529bed09172ce30f5b85e2059da3eddc259e7bbe154c98dfe7e,507,7b7dbe9822a37bf8aa44117276a811dca8a0c2657f923594b3be2a41cfed3f7a
"(3,1,0,0)","(3,1,0,0):iso-00007",335b508e242d5529bed09172ce30f5b85e2059da3eddc259e7bbe154c98dfe7e,507,f34e38f1f250c883eaed88acbe7c0a8f25dbaa755737e94ea7682cfaf209ac29
"(3,1,0,0)","(3,1,0,0):iso-00007",335b508e242d5529bed09172ce30f5b85e2059da3eddc259e7bbe154c98dfe7e,507,ab9d5453741598547670b465b0b32d36a9e2a50dea4fe6e93a436e40ef9503ad
"(3,1,0,0)","(3,1,0,0):iso-00007",335b508e242d5529bed09172ce30f5b85e2059da3eddc259e7bbe154c98dfe7e,507,1277f498ac651da4ea1f67496c6617082766509b23eada4b12398062b59d7ac0
"(3,1,0,0)","(3,1,0,0):iso-00007",335b508e242d5529bed09172ce30f5b85e2059da3eddc259e7bbe154c98dfe7e,507,be167826bb57743576d0618fd039d377dd2f0b7c8777c81a58bc91c7d88262eb
"(3,1,0,0)","(3,1,0,0):iso-00007",335b508e242d5529bed09172ce30f5b85e2059da3eddc259e7bbe154c98dfe7e,507,e92ec2737c7fd8cafb003db0ba76d523634756a0d92a592c1bbe96156c9497df
"(3,1,0,0)","(3,1,0,0):iso-00007",335b508e242d5529bed09172ce30f5b85e2059da3eddc259e7bbe154c98dfe7e,507,ae8808cb7ed9d9083a79b96329d20a880df049d5dd601468e62b014db4f90548
"(3,1,0,0)","(3,1,0,0):iso-00007",335b508e242d5529bed09172ce30f5b85e2059da3eddc259e7bbe154c98dfe7e,507,e33137d5c3250dd6b5e9e69d0dc66516d63807e5bfcf9a4288b1c004a63c103b
"(3,1,0,0)","(3,1,0,0):iso-00007",335b508e242d5529bed09172ce30f5b85e2059da3eddc259e7bbe154c98dfe7e,507,0ddf8d342500b0b271f098913e383b8f2a47e2269d38fd68f872299dee7cf275
"(3,1,0,0)","(3,1,0,0):iso-00007",335b508e242d5529bed09172ce30f5b85e2059da3eddc259e7bbe154c98dfe7e,507,79bc03b04584109d15043ba33a906cc8462ef4f7e35646fd2b8ecedaff4b4f7a
"(3,1,0,0)","(3,1,0,0):iso-00007",335b508e242d5529bed09172ce30f5b85e2059da3eddc259e7bbe154c98dfe7e,507,5d910ba8a510a892befd1f266c7a2e16b7afe3b0e3b2395b1d58d124c9b1228d
"(3,1,0,0)","(3,1,0,0):iso-00007",335b508e242d5529bed09172ce30f5b85e2059da3eddc259e7bbe154c98dfe7e,507,9ac7f74e327823f797900f88e60e84576c461a2bf93121a6ed44ca6485c37dd5
"(3,1,0,0)","(3,1,0,0):iso-00007",335b508e242d5529bed09172ce30f5b85e2059da3eddc259e7bbe154c98dfe7e,507,a501dfe70a363f2f696e8703ba2d76e94c4523ed33688651798902baf6f2b606
"(3,1,0,0)","(3,1,0,0):iso-00007",335b508e242d5529bed09172ce30f5b85e2059da3eddc259e7bbe154c98dfe7e,507,dfde14ec26f26641ab82f3836d72f111612f1ebc14c365ab4462d6395814a32d
"(3,1,0,0)","(3,1,0,0):iso-00007",335b508e242d5529bed09172ce30f5b85e2059da3eddc259e7bbe154c98dfe7e,507,b9cb7fcd839d12c5308091c0efe90fdb3297bafd62fefb0b1854decf47437749
"(3,1,0,0)","(3,1,0,0):iso-00007",335b508e242d5529bed09172ce30f5b85e2059da3eddc259e7bbe154c98dfe7e,507,a0271819003201d36f635cc094e0d5866e0639acb507aa77d26e0ed703344ebd
"(3,1,0,0)","(3,1,0,0):iso-00007",335b508e242d5529bed09172ce30f5b85e2059da3eddc259e7bbe154c98dfe7e,507,7ea97b2538f57252a74cf16c8077fba111ee06296a98deaf1b2212e43334ed5a
"(3,1,0,0)","(3,1,0,0):iso-00007",335b508e242d5529bed09172ce30f5b85e2059da3eddc259e7bbe154c98dfe7e,507,affd1e5ad1ff89b30ef2030f8468fce9c0898dd4e97645873f5d71656d1f7970
"(3,1,0,0)","(3,1,0,0):iso-00007",335b508e242d5529bed09172ce30f5b85e2059da3eddc259e7bbe154c98dfe7e,507,90b44de9c87ecbb4529b4408f7236ffe4aed6f0f8fefbdf4b53025c89f06f30b
"(3,1,0,0)","(3,1,0,0):iso-00007",335b508e242d5529bed09172ce30f5b85e2059da3eddc259e7bbe154c98dfe7e,507,84d678d804d7cf97eca7c62704daf4ffa112c19e43860b9da84bc2737d1e05b4
"(3,1,0,0)","(3,1,0,0):iso-00007",335b508e242d5529bed09172ce30f5b85e2059da3eddc259e7bbe154c98dfe7e,507,943eb26830596e3f837f19125b1c6a90b122650f6e3896a4deb5cbb50674a101
"(3,1,0,0)","(3,1,0,0):iso-00007",335b508e242d5529bed09172ce30f5b85e2059da3eddc259e7bbe154c98dfe7e,507,6d5d6a886d8aeb52561527017f950e01da562d65b3f644832ea205a779cd0ef4
"(3,1,0,0)","(3,1,0,0):iso-00007",335b508e242d5529bed09172ce30f5b85e2059da3eddc259e7bbe154c98dfe7e,507,976a288466ac40e1c960b42ff15526889aa22049811f94c17aa37fcc93e177bc
"(3,1,0,0)","(3,1,0,0):iso-00007",335b508e242d5529bed09172ce30f5b85e2059da3eddc259e7bbe154c98dfe7e,507,4890dd7d086081b1343f6a5724ff5df10ff0806ac2bad80d912f7c8f36aa2879
"(3,1,0,0)","(3,1,0,0):iso-00007",335b508e242d5529bed09172ce30f5b85e2059da3eddc259e7bbe154c98dfe7e,507,85b18eb997d9d19fe802dddbedb81809175511e048bc1f0f05455280bb3376c7
"(3,1,0,0)","(3,1,0,0):iso-00007",335b508e242d5529bed09172ce30f5b85e2059da3eddc259e7bbe154c98dfe7e,507,2cd03e33fc59e4a14b6c87ff1842e53d344933a7fd67718f6b333c10b47fec66
"(3,1,0,0)","(3,1,0,0):iso-00007",335b508e242d5529bed09172ce30f5b85e2059da3eddc259e7bbe154c98dfe7e,507,07691418fe7f699ece15ef861ba1a7e99f2f98f7c4d4af38d26297c38de888a1
"(3,1,0,0)","(3,1,0,0):iso-00007",335b508e242d5529bed09172ce30f5b85e2059da3eddc259e7bbe154c98dfe7e,507,01a337b5fabb6d145c0226f69e4c804ef7d0f9616d6b8acc34b15a73bd2ec5f8
"(3,1,0,0)","(3,1,0,0):iso-00007",335b508e242d5529bed09172ce30f5b85e2059da3eddc259e7bbe154c98dfe7e,507,a627a3384da4bc3fd5f5b8c2ad07784576fb441a9e4f33af5986a6312ad8427f
"(3,1,0,0)","(3,1,0,0):iso-00007",335b508e242d5529bed09172ce30f5b85e2059da3eddc259e7bbe154c98dfe7e,507,d1b0eb1734a2ebd88b504c4f848f8b403b17131e0e7bcb88b1be03b12f779ec6
"(3,1,0,0)","(3,1,0,0):iso-00007",335b508e242d5529bed09172ce30f5b85e2059da3eddc259e7bbe154c98dfe7e,507,8ea5dfde4b80d5206da6c608d4e06b51e7465151b4c18329fc484d1a44f68c4b
"(3,1,0,0)","(3,1,0,0):iso-00007",335b508e242d5529bed09172ce30f5b85e2059da3eddc259e7bbe154c98dfe7e,507,4839a55f4865b08e6443820a53bff89d2980676f2e0567d2b09a20afccc41846
"(3,1,0,0)","(3,1,0,0):iso-00007",335b508e242d5529bed09172ce30f5b85e2059da3eddc259e7bbe154c98dfe7e,507,90f524213b0fbb707b0cfb2deec9ede8cfefe3ada4477b54f26d51600781b37e
"(3,1,0,0)","(3,1,0,0):iso-00007",335b508e242d5529bed09172ce30f5b85e2059da3eddc259e7bbe154c98dfe7e,507,2fef5cdadd041de4203790dbf2199f2e3c78bbac31df8a36f9e77d2d62f9c933
"(3,1,0,0)","(3,1,0,0):iso-00007",335b508e242d5529bed09172ce30f5b85e2059da3eddc259e7bbe154c98dfe7e,507,8476c3827396e7be7797fa96ce3fe65e1071b4ed5361000983b7c1f18521d0eb
"(3,1,0,0)","(3,1,0,0):iso-00007",335b508e242d5529bed09172ce30f5b85e2059da3eddc259e7bbe154c98dfe7e,507,38d6672514c5689463a8a2b7ecd8ce98f21a64fffd67e5464abdabb65c94f247
"(3,1,0,0)","(3,1,0,0):iso-00007",335b508e242d5529bed09172ce30f5b85e2059da3eddc259e7bbe154c98dfe7e,507,86f8cd1219209c0f668da8cf78edc1207c955053b3297c3467da981c1f605caf
"(3,1,0,0)","(3,1,0,0):iso-00007",335b508e242d5529bed09172ce30f5b85e2059da3eddc259e7bbe154c98dfe7e,507,977321b74c93d21da0dc3c9ee61e5cefb6adf043b60fe842d22eea054e7537c7
"(3,1,0,0)","(3,1,0,0):iso-00007",335b508e242d5529bed09172ce30f5b85e2059da3eddc259e7bbe154c98dfe7e,507,299af8cfe6d8a37618a770f89234fe4f89670ddfb7433ac8dba5fa9206c90dbc
"(3,1,0,0)","(3,1,0,0):iso-00007",335b508e242d5529bed09172ce30f5b85e2059da3eddc259e7bbe154c98dfe7e,507,400a00176f06eccb048f44cdd7408f7df3f9aa890d2d5e7039aac01b464fc0e0
"(3,1,0,0)","(3,1,0,0):iso-00007",335b508e242d5529bed09172ce30f5b85e2059da3eddc259e7bbe154c98dfe7e,507,a2d5faf2799df12eb5e584b4d0f38b60797120f8f2d70425d509d7efcde86b55
"(3,1,0,0)","(3,1,0,0):iso-00007",335b508e242d5529bed09172ce30f5b85e2059da3eddc259e7bbe154c98dfe7e,507,76bf4dd1e7c9e4c6b379c01f072ff8434878d82133a03ba7a54c299fac627a4f
"(3,1,0,0)","(3,1,0,0):iso-00007",335b508e242d5529bed09172ce30f5b85e2059da3eddc259e7bbe154c98dfe7e,507,cf44edbd61c7e49dec541d60b5f8b83ac9e2f741f836668952f8e33825264afb
"(3,1,0,0)","(3,1,0,0):iso-00007",335b508e242d5529bed09172ce30f5b85e2059da3eddc259e7bbe154c98dfe7e,507,e6d2883ba48fe84ac03354fb21b769700c54dc204d7f2be32e2f2c06d651ace7
"(3,1,0,0)","(3,1,0,0):iso-00007",335b508e242d5529bed09172ce30f5b85e2059da3eddc259e7bbe154c98dfe7e,507,856b34fa5ebff41b9d03564e846cf5eb14d8012433eefa4ab3db2f829cf5a80d
"(3,1,0,0)","(3,1,0,0):iso-00007",335b508e242d5529bed09172ce30f5b85e2059da3eddc259e7bbe154c98dfe7e,507,d90303baeff72ee41ca7426a2caedc284f7dabcab276f83a721dd56ca73cabbb
"(3,1,0,0)","(3,1,0,0):iso-00007",335b508e242d5529bed09172ce30f5b85e2059da3eddc259e7bbe154c98dfe7e,507,d3ecd59a5e8279bba172a692292422b085472ed28ee488a2fdca9ba069d5f031
"(3,1,0,0)","(3,1,0,0):iso-00007",335b508e242d5529bed09172ce30f5b85e2059da3eddc259e7bbe154c98dfe7e,507,6df2a4f4fab2a871cc7913627e396319d8c5efd59a6e5584677c3ef41474c081
"(3,1,0,0)","(3,1,0,0):iso-00007",335b508e242d5529bed09172ce30f5b85e2059da3eddc259e7bbe154c98dfe7e,507,03125fa83f9cfe80ad0036e8bc95883b2bd1ae470ae2e931936a00512b233f05
"(3,1,0,0)","(3,1,0,0):iso-00007",335b508e242d5529bed09172ce30f5b85e2059da3eddc259e7bbe154c98dfe7e,507,91f28eb07f8b631debbfa75628a349ec24dbe44557595eb186f4fb6b0065a8ce
"(3,1,0,0)","(3,1,0,0):iso-00007",335b508e242d5529bed09172ce30f5b85e2059da3eddc259e7bbe154c98dfe7e,507,1e9986866350a4149f310eccfd3eb539fede353264b3e5ee609feaad7fa7ba14
"(3,1,0,0)","(3,1,0,0):iso-00007",335b508e242d5529bed09172ce30f5b85e2059da3eddc259e7bbe154c98dfe7e,507,d244111129796856d68b1282d8407668c4ab2b1e68bd206bf5cf5a9563e4a831
"(3,1,0,0)","(3,1,0,0):iso-00007",335b508e242d5529bed09172ce30f5b85e2059da3eddc259e7bbe154c98dfe7e,507,f6d61b4b0478f9f8fa1cfbb97cc456d462cac1408dbc0ce9ef068660c633b094
"(3,1,0,0)","(3,1,0,0):iso-00007",335b508e242d5529bed09172ce30f5b85e2059da3eddc259e7bbe154c98dfe7e,507,45cda5d465ffb6421b6728f6f3e35b7ac9514f5f288ff524baf63c827a513414
"(3,1,0,0)","(3,1,0,0):iso-00007",335b508e242d5529bed09172ce30f5b85e2059da3eddc259e7bbe154c98dfe7e,507,9c725347b8e3cdeeb55b9ea7b90d278366f98d890f18d8e991153c317f99df73
"(3,1,0,0)","(3,1,0,0):iso-00007",335b508e242d5529bed09172ce30f5b85e2059da3eddc259e7bbe154c98dfe7e,507,94a32af10323665629480c5426cd53c36e307a4abd4f0c25af786031c1a72b5e
"(3,1,0,0)","(3,1,0,0):iso-00007",335b508e242d5529bed09172ce30f5b85e2059da3eddc259e7bbe154c98dfe7e,507,f5aaa1890163b09ca992e50b2c6abaf091accbd2ef71092d120235db5e62cfc6
"(3,1,0,0)","(3,1,0,0):iso-00007",335b508e242d5529bed09172ce30f5b85e2059da3eddc259e7bbe154c98dfe7e,507,77734a8807d71b7c2cf02ec399a015c063d15de7f771956b8e855efb9f1f7d15
"(3,1,0,0)","(3,1,0,0):iso-00007",335b508e242d5529bed09172ce30f5b85e2059da3eddc259e7bbe154c98dfe7e,507,2d9c7fe15aac71a07d8ee4466a1b8b699f50fe112207a2b67fc534d584aa1a2d
"(3,1,0,0)","(3,1,0,0):iso-00007",335b508e242d5529bed09172ce30f5b85e2059da3eddc259e7bbe154c98dfe7e,507,5ba6f8788a8aa6a2d08ba5721ebbbd000f3db96d882e7243e12c2bcaddcba11b
"(3,1,0,0)","(3,1,0,0):iso-00007",335b508e242d5529bed09172ce30f5b85e2059da3eddc259e7bbe154c98dfe7e,507,da45f710ad687f6b219a8ec3235d94dd28509a1c23eca191fd68c7a59ad6ace5
"(3,1,0,0)","(3,1,0,0):iso-00007",335b508e242d5529bed09172ce30f5b85e2059da3eddc259e7bbe154c98dfe7e,507,2a8c1772a572a8999b7fc3f1be358639d6d00b0a13811c2f2401e117272714d1
"(3,1,0,0)","(3,1,0,0):iso-00007",335b508e242d5529bed09172ce30f5b85e2059da3eddc259e7bbe154c98dfe7e,507,a38d825dfed37509b947477da3448f0a13509c2da16d32a8201e04c4128dd886
"(3,1,0,0)","(3,1,0,0):iso-00007",335b508e242d5529bed09172ce30f5b85e2059da3eddc259e7bbe154c98dfe7e,507,fd1f7e4f5bbb50a9e5574773a04751a59d191da390aa4f6fbf2316f9802ab7ca
"(3,1,0,0)","(3,1,0,0):iso-00007",335b508e242d5529bed09172ce30f5b85e2059da3eddc259e7bbe154c98dfe7e,507,32d59efd38b8d5f43e898d629689aa92c77966daffc2b8a640b2d75bd8a4cb3e
"(3,1,0,0)","(3,1,0,0):iso-00007",335b508e242d5529bed09172ce30f5b85e2059da3eddc259e7bbe154c98dfe7e,507,9d96b1ed6e52ebeb423be2954d895e1bed53f96a997c92f8ff168664dc0a49d9
"(3,1,0,0)","(3,1,0,0):iso-00007",335b508e242d5529bed09172ce30f5b85e2059da3eddc259e7bbe154c98dfe7e,507,e13e9d044a3dbb8f9da03cdbd20f18201cb1a63c4823a131cff96756dfdc170a
"(3,1,0,0)","(3,1,0,0):iso-00007",335b508e242d5529bed09172ce30f5b85e2059da3eddc259e7bbe154c98dfe7e,507,d5c4bb81585be49a93c7531407a89e007a2c1cc055a71928ff89096e63582469
"(3,1,0,0)","(3,1,0,0):iso-00007",335b508e242d5529bed09172ce30f5b85e2059da3eddc259e7bbe154c98dfe7e,507,bfd35593dcc3529e1fd47a9676d077c580c538ffd7e6c005c95da4daa6518faf
"(3,1,0,0)","(3,1,0,0):iso-00007",335b508e242d5529bed09172ce30f5b85e2059da3eddc259e7bbe154c98dfe7e,507,9d784eec6d33d1f803a3d71a43654d7fc3df304ce987a8abba47f84809112de3
"(3,1,0,0)","(3,1,0,0):iso-00007",335b508e242d5529bed09172ce30f5b85e2059da3eddc259e7bbe154c98dfe7e,507,29f9ceaaa553b59957d24c87652a9cd20f790247fc3785fa9929f5cbf9748d7b
"(3,1,0,0)","(3,1,0,0):iso-00007",335b508e242d5529bed09172ce30f5b85e2059da3eddc259e7bbe154c98dfe7e,507,88ad9fdbfa04bb9124c761173a7b6bb3591abb9489f501f4f961a43651a993e6
"(3,1,0,0)","(3,1,0,0):iso-00007",335b508e242d5529bed09172ce30f5b85e2059da3eddc259e7bbe154c98dfe7e,507,9c2ea971b3715455fc0dc69c6d0f17d9fd963c6bd8d991122caea9d6156e0dc7
"(3,1,0,0)","(3,1,0,0):iso-00007",335b508e242d5529bed09172ce30f5b85e2059da3eddc259e7bbe154c98dfe7e,507,6b43777b65404fc2f284493f2efc389d6a16f09769e9bddcccb434b80854c1d8
"(3,1,0,0)","(3,1,0,0):iso-00007",335b508e242d5529bed09172ce30f5b85e2059da3eddc259e7bbe154c98dfe7e,507,793b79f4707055ce9a79d16bab9dacd90b35d5a04f84a82dd216701e481b0cc4
"(3,1,0,0)","(3,1,0,0):iso-00007",335b508e242d5529bed09172ce30f5b85e2059da3eddc259e7bbe154c98dfe7e,507,a51643c313404201908273d6fbfe08d65ed9bfd2567db31a1672c10f088650d3
"(3,1,0,0)","(3,1,0,0):iso-00007",335b508e242d5529bed09172ce30f5b85e2059da3eddc259e7bbe154c98dfe7e,507,af2434282cb2beac9f3b4cbe225d041d3085f8df5212cee6753be5e21f7259ca
"(3,1,0,0)","(3,1,0,0):iso-00007",335b508e242d5529bed09172ce30f5b85e2059da3eddc259e7bbe154c98dfe7e,507,ba15de60ba0ccb2bf55d8beca30d109d86df6bd0932c4574b0413852c1192e91
"(3,1,0,0)","(3,1,0,0):iso-00007",335b508e242d5529bed09172ce30f5b85e2059da3eddc259e7bbe154c98dfe7e,507,d0d8865941250803e9556e08e223356330a6e78074f0a1b36313f6a60332556e
"(3,1,0,0)","(3,1,0,0):iso-00007",335b508e242d5529bed09172ce30f5b85e2059da3eddc259e7bbe154c98dfe7e,507,236db3d2f771c3d2a2fc3154ed1484943b94dc824556f20bdd00f5bab5e6b24d
"(3,1,0,0)","(3,1,0,0):iso-00007",335b508e242d5529bed09172ce30f5b85e2059da3eddc259e7bbe154c98dfe7e,507,f2b3f444c6afef75c672436e674249982d3b9f054db2a2eb199ae7f128f77b25
"(3,1,0,0)","(3,1,0,0):iso-00007",335b508e242d5529bed09172ce30f5b85e2059da3eddc259e7bbe154c98dfe7e,507,998ab44fdf423923b2b8cf801bad7cea11408bb230fd8920d1446455b6f61d64
"(3,1,0,0)","(3,1,0,0):iso-00007",335b508e242d5529bed09172ce30f5b85e2059da3eddc259e7bbe154c98dfe7e,507,5bfb168b8b6bf3f17c41ae01e21689628ee0e28a85e34fba06f690ffeeaa082f
"(3,1,0,0)","(3,1,0,0):iso-00007",335b508e242d5529bed09172ce30f5b85e2059da3eddc259e7bbe154c98dfe7e,507,c20c79f8c1989ad32aac581b6e150a588ee04771364951312a44a7e3a2049409
"(3,1,0,0)","(3,1,0,0):iso-00007",335b508e242d5529bed09172ce30f5b85e2059da3eddc259e7bbe154c98dfe7e,507,a3b7572f12c6aa8d79a48a5b41d62dacb4db033da3b40de878bcb7fbbbff3fda
"(3,1,0,0)","(3,1,0,0):iso-00007",335b508e242d5529bed09172ce30f5b85e2059da3eddc259e7bbe154c98dfe7e,507,152de55a8b76ae814d58709d2fc259dc93531897c6a618a23570fad59e250863
"(3,1,0,0)","(3,1,0,0):iso-00007",335b508e242d5529bed09172ce30f5b85e2059da3eddc259e7bbe154c98dfe7e,507,2e8b083055bac88007ca1dac6a629f1433bb408881a74fa0f1a7557c07593397
"(3,1,0,0)","(3,1,0,0):iso-00007",335b508e242d5529bed09172ce30f5b85e2059da3eddc259e7bbe154c98dfe7e,507,07d948131513d017e13fb153e280f8da4536b53229dfa592dd259293a337553a
"(3,1,0,0)","(3,1,0,0):iso-00007",335b508e242d5529bed09172ce30f5b85e2059da3eddc259e7bbe154c98dfe7e,507,ee5c644116debf744d7fe1f99590b552cbd8601b9ee49837344b1a488ba32e62
"(3,1,0,0)","(3,1,0,0):iso-00007",335b508e242d5529bed09172ce30f5b85e2059da3eddc259e7bbe154c98dfe7e,507,1812c46d7adf2987da68424d27741792d96f442f40285de9483c73dbf30994d4
"(3,1,0,0)","(3,1,0,0):iso-00007",335b508e242d5529bed09172ce30f5b85e2059da3eddc259e7bbe154c98dfe7e,507,aca8164bfd566b652c85ac9d02b02b325e6546f60b0782b4bbef781457a13cac
"(3,1,0,0)","(3,1,0,0):iso-00007",335b508e242d5529bed09172ce30f5b85e2059da3eddc259e7bbe154c98dfe7e,507,63eaafa6fa97a0eaaeb50c422b42746e0890974a243ae024a7c10bed73d2c243
"(3,1,0,0)","(3,1,0,0):iso-00007",335b508e242d5529bed09172ce30f5b85e2059da3eddc259e7bbe154c98dfe7e,507,156bb94a8ec7dc63cbe2e6379e0b339248a5dddffd8a8b091c1a4834cefe08dd
"(3,1,0,0)","(3,1,0,0):iso-00007",335b508e242d5529bed09172ce30f5b85e2059da3eddc259e7bbe154c98dfe7e,507,499b63d6959cafe4adefaea99546730fa6d915a5ff5dfa3ecb8c28e781317dff
"(3,1,0,0)","(3,1,0,0):iso-00007",335b508e242d5529bed09172ce30f5b85e2059da3eddc259e7bbe154c98dfe7e,507,cc5d7b90673bb3c226dc321e634bd169eca1e7c6fd90cea246e9ea1e99ad1728
"(3,1,0,0)","(3,1,0,0):iso-00007",335b508e242d5529bed09172ce30f5b85e2059da3eddc259e7bbe154c98dfe7e,507,36e5cf4ecbf5fda979b402994a19baab45748d0ed5b59dd2d0eac03ac9ef56cf
"(3,1,0,0)","(3,1,0,0):iso-00007",335b508e242d5529bed09172ce30f5b85e2059da3eddc259e7bbe154c98dfe7e,507,b68905270647dd289368424b1bf663105bb8c219baa11b7683e40c2e15418f66
"(3,1,0,0)","(3,1,0,0):iso-00007",335b508e242d5529bed09172ce30f5b85e2059da3eddc259e7bbe154c98dfe7e,507,a286df173cf78114a7b1fbf7f003eec5fc8fbc0910cbe2c330cc35aaf1b4fe43
"(3,1,0,0)","(3,1,0,0):iso-00007",335b508e242d5529bed09172ce30f5b85e2059da3eddc259e7bbe154c98dfe7e,507,2eb46e68f54e55e9c42e709c4bc13a0e4dd299ac575d09cefa5f041878a5c20c
"(3,1,0,0)","(3,1,0,0):iso-00007",335b508e242d5529bed09172ce30f5b85e2059da3eddc259e7bbe154c98dfe7e,507,90ea434f876cf5cda3837024ec93ff49b260210b2ce4efe70cd4231c211ff974
"(3,1,0,0)","(3,1,0,0):iso-00007",335b508e242d5529bed09172ce30f5b85e2059da3eddc259e7bbe154c98dfe7e,507,0ad2714168eaca678fe81ef3a3803ba50e44473da7289f9ef6f4e98d00761f33
"(3,1,0,0)","(3,1,0,0):iso-00007",335b508e242d5529bed09172ce30f5b85e2059da3eddc259e7bbe154c98dfe7e,507,8334e95e336047efe9291b91f4dd8b5024703f639175e8e341b309172be1d833
"(3,1,0,0)","(3,1,0,0):iso-00007",335b508e242d5529bed09172ce30f5b85e2059da3eddc259e7bbe154c98dfe7e,507,2bb2e8ba3b3cdd44221136edf61f2c1b6d7bc50ff9f18ad9da847bbf5e007d1f
"(3,1,0,0)","(3,1,0,0):iso-00007",335b508e242d5529bed09172ce30f5b85e2059da3eddc259e7bbe154c98dfe7e,507,31b610e3461c02562b0cbeb8e2ca340c4cc0f7f32eabcd896eced23a323d656a
"(3,1,0,0)","(3,1,0,0):iso-00007",335b508e242d5529bed09172ce30f5b85e2059da3eddc259e7bbe154c98dfe7e,507,f856fa8a1dc5b6ecb6f069f27976c10d20be372a309423fc6cdc90f125499098
"(3,1,0,0)","(3,1,0,0):iso-00007",335b508e242d5529bed09172ce30f5b85e2059da3eddc259e7bbe154c98dfe7e,507,ff471f99269b230ad81ea2689825bc0320f4d70dd3100d186f86ce0c532b561b
"(3,1,0,0)","(3,1,0,0):iso-00007",335b508e242d5529bed09172ce30f5b85e2059da3eddc259e7bbe154c98dfe7e,507,d316600bc552e7b084f83035f89eda6f93b1501cb55b815a904268822cfcda21
"(3,1,0,0)","(3,1,0,0):iso-00007",335b508e242d5529bed09172ce30f5b85e2059da3eddc259e7bbe154c98dfe7e,507,8acb3c1793f6d5e349d8689ea40705acbbd46221f3007ec1ac7a8e1ff923b73f
"(3,1,0,0)","(3,1,0,0):iso-00007",335b508e242d5529bed09172ce30f5b85e2059da3eddc259e7bbe154c98dfe7e,507,2595d2bad8e8d2380c1928a266fca995e77a26a34304d48bd7c1155129a9113a
"(3,1,0,0)","(3,1,0,0):iso-00007",335b508e242d5529bed09172ce30f5b85e2059da3eddc259e7bbe154c98dfe7e,507,a40871f5f6981170b1c6a8f6af6430ede5e4e8abf7ce48bcfb7dfb004cde397b
"(3,1,0,0)","(3,1,0,0):iso-00007",335b508e242d5529bed09172ce30f5b85e2059da3eddc259e7bbe154c98dfe7e,507,7d5d6d2fb60510642ed6eef211c8b3c69a2d66db10a7a4184da0a6ccfaf6c689
"(3,1,0,0)","(3,1,0,0):iso-00007",335b508e242d5529bed09172ce30f5b85e2059da3eddc259e7bbe154c98dfe7e,507,af6aa8989dfbb65d7f456deff0b3ea16eb3a6077918e75afadf4c00de042a0f4
"(3,1,0,0)","(3,1,0,0):iso-00007",335b508e242d5529bed09172ce30f5b85e2059da3eddc259e7bbe154c98dfe7e,507,82816e1123a3d8367f743e32dcc40debd93b76b6665527b201bcecd23aeee0bd
"(3,1,0,0)","(3,1,0,0):iso-00007",335b508e242d5529bed09172ce30f5b85e2059da3eddc259e7bbe154c98dfe7e,507,4a05d0a152ad05c54a17554b2f9ce708eca1ab883d7a1b917e3d564001800c35
"(3,1,0,0)","(3,1,0,0):iso-00007",335b508e242d5529bed09172ce30f5b85e2059da3eddc259e7bbe154c98dfe7e,507,5b31c10a5c07c8bbcee8e2a5200c85f24d9581c60818701b02c10e80875beb9c
"(3,1,0,0)","(3,1,0,0):iso-00007",335b508e242d5529bed09172ce30f5b85e2059da3eddc259e7bbe154c98dfe7e,507,5d4a64953cfcaeac07b83a4d77024aa26d4a9c92a9feee619c9e3994681b074a
"(3,1,0,0)","(3,1,0,0):iso-00007",335b508e242d5529bed09172ce30f5b85e2059da3eddc259e7bbe154c98dfe7e,507,853a4900f5390b5f19690949fab14b0dc9cfe230afe88a6618e1588d50090cfe
"(3,1,0,0)","(3,1,0,0):iso-00007",335b508e242d5529bed09172ce30f5b85e2059da3eddc259e7bbe154c98dfe7e,507,93361686eb1451d143b5b4112dbd1ad7ba52ababf029865a8df0d951e36d0933
"(3,1,0,0)","(3,1,0,0):iso-00007",335b508e242d5529bed09172ce30f5b85e2059da3eddc259e7bbe154c98dfe7e,507,b27a283689f4dbf76c6f0fa589ca39fec771ad38f9c9688fe7027f4e1b39dbce
"(3,1,0,0)","(3,1,0,0):iso-00007",335b508e242d5529bed09172ce30f5b85e2059da3eddc259e7bbe154c98dfe7e,507,5c2aaf7a0f0af0bc369a42493fe28eff57262f79859e09247c3f6cead7763617
"(3,1,0,0)","(3,1,0,0):iso-00007",335b508e242d5529bed09172ce30f5b85e2059da3eddc259e7bbe154c98dfe7e,507,1bb6a12921b38abaa9813663e727b7976ad55ed537d76018ee708b2771320189
"(3,1,0,0)","(3,1,0,0):iso-00007",335b508e242d5529bed09172ce30f5b85e2059da3eddc259e7bbe154c98dfe7e,507,5dc9dee4b649ffad1b038ab2f72845c71c89d281c53cae64f02c1f799168ad1e
"(3,1,0,0)","(3,1,0,0):iso-00007",335b508e242d5529bed09172ce30f5b85e2059da3eddc259e7bbe154c98dfe7e,507,b52eb5559498b38d2b10fd393f19f024640e28cbd351fd044306e5d9306369e7
"(3,1,0,0)","(3,1,0,0):iso-00007",335b508e242d5529bed09172ce30f5b85e2059da3eddc259e7bbe154c98dfe7e,507,261235a14e096628558b71e1dc9ef112bdf8adda9f5cff7d2611ea7ac9f44ec6
"(3,1,0,0)","(3,1,0,0):iso-00007",335b508e242d5529bed09172ce30f5b85e2059da3eddc259e7bbe154c98dfe7e,507,368eab6917f4fb62de50088b720f0801f5786219b7e5e6b1f324c1b28ca2e6e6
"(3,1,0,0)","(3,1,0,0):iso-00007",335b508e242d5529bed09172ce30f5b85e2059da3eddc259e7bbe154c98dfe7e,507,bd8099ca3bf29f9629c60293905dafb0ca145d795541110a5e773a4e82f4fd26
"(3,1,0,0)","(3,1,0,0):iso-00007",335b508e242d5529bed09172ce30f5b85e2059da3eddc259e7bbe154c98dfe7e,507,a9db7c9c40f00eb2a4505f1983fe6ea3183e34d4f21cc8b894943cae3550e496
"(3,1,0,0)","(3,1,0,0):iso-00007",335b508e242d5529bed09172ce30f5b85e2059da3eddc259e7bbe154c98dfe7e,507,f6a933e2da0fe8fc92ea5fe295652798f10777d01f521cea6b4ecf2314bc779e
"(3,1,0,0)","(3,1,0,0):iso-00007",335b508e242d5529bed09172ce30f5b85e2059da3eddc259e7bbe154c98dfe7e,507,e65704ddd07d09079f8816cd38636e8e558911b4dc9b76e07898b06102cf053b
"(3,1,0,0)","(3,1,0,0):iso-00007",335b508e242d5529bed09172ce30f5b85e2059da3eddc259e7bbe154c98dfe7e,507,e3bdde68126e79fbdbd0d96b5e2149baa00f4d5f00d2ef7ac01a605bdec02bcd
"(3,1,0,0)","(3,1,0,0):iso-00007",335b508e242d5529bed09172ce30f5b85e2059da3eddc259e7bbe154c98dfe7e,507,0c091825275b35b407f0e5464a03c6a20b8860990f7f869d3ef51c4a073a138d
"(3,1,0,0)","(3,1,0,0):iso-00007",335b508e242d5529bed09172ce30f5b85e2059da3eddc259e7bbe154c98dfe7e,507,cce56c93d2028a5eb8ec021060c62d0b506142e42fe029045376813e2ceb3a0a
"(3,1,0,0)","(3,1,0,0):iso-00007",335b508e242d5529bed09172ce30f5b85e2059da3eddc259e7bbe154c98dfe7e,507,1206bbdce1fa926e56b787488c01e0be63ac274728ea4af2db16d30da7acf648
"(3,1,0,0)","(3,1,0,0):iso-00007",335b508e242d5529bed09172ce30f5b85e2059da3eddc259e7bbe154c98dfe7e,507,5f94c77700782bc99e504203c275c1c93f03092b8373dcc748995cbb210e8ab1
"(3,1,0,0)","(3,1,0,0):iso-00007",335b508e242d5529bed09172ce30f5b85e2059da3eddc259e7bbe154c98dfe7e,507,d47afbb23a60feff99c103c0e055d2b8de5ab4c8a12ddd81072123098dea3130
"(3,1,0,0)","(3,1,0,0):iso-00007",335b508e242d5529bed09172ce30f5b85e2059da3eddc259e7bbe154c98dfe7e,507,f985b3f08546d362a3a5e737743e3c32134e947e3bfb8ab313da62cb5c945e14
"(3,1,0,0)","(3,1,0,0):iso-00007",335b508e242d5529bed09172ce30f5b85e2059da3eddc259e7bbe154c98dfe7e,507,c210cd13316867d39b2fc85b285b01e12b27cf96197397da8de9ba59e7eec172
"(3,1,0,0)","(3,1,0,0):iso-00007",335b508e242d5529bed09172ce30f5b85e2059da3eddc259e7bbe154c98dfe7e,507,84aeb91d7eeb0544387474d69fc57670893801972c147cdd683a6f4c80b793dc
"(3,1,0,0)","(3,1,0,0):iso-00007",335b508e242d5529bed09172ce30f5b85e2059da3eddc259e7bbe154c98dfe7e,507,8d17496885b8f85f1522d9a67a620faba610d2c1561c93eee25fae82ff45eeef
"(3,1,0,0)","(3,1,0,0):iso-00007",335b508e242d5529bed09172ce30f5b85e2059da3eddc259e7bbe154c98dfe7e,507,2449d4b5255f8d786c59d8e89bc50f03ab04962f432926d33544908f19d5873d
"(3,1,0,0)","(3,1,0,0):iso-00007",335b508e242d5529bed09172ce30f5b85e2059da3eddc259e7bbe154c98dfe7e,507,9616df4cc163d12fdb785ff2edb4339b4361f2584b82f1f22019f494875caf41
"(3,1,0,0)","(3,1,0,0):iso-00007",335b508e242d5529bed09172ce30f5b85e2059da3eddc259e7bbe154c98dfe7e,507,7b9d34bde7968255406115767133f2cb61f4c1a6f29a3e1ecc941e069039156a
"(3,1,0,0)","(3,1,0,0):iso-00007",335b508e242d5529bed09172ce30f5b85e2059da3eddc259e7bbe154c98dfe7e,507,c7a08b6a4865bd325e1b45bb1b73ba3e2b5cc27364b54f40481a87a8666cb6c6
"(3,1,0,0)","(3,1,0,0):iso-00007",335b508e242d5529bed09172ce30f5b85e2059da3eddc259e7bbe154c98dfe7e,507,1b6193d78bfe7cf7fffb7b9070a3ded823a9741f03ec9051b43e9ca1751f9567
"(3,1,0,0)","(3,1,0,0):iso-00007",335b508e242d5529bed09172ce30f5b85e2059da3eddc259e7bbe154c98dfe7e,507,4066796e558083b9b8dd7a665da74afcc617b57dba6fe79fb697fc2bcfe8b1d5
"(3,1,0,0)","(3,1,0,0):iso-00007",335b508e242d5529bed09172ce30f5b85e2059da3eddc259e7bbe154c98dfe7e,507,e1a087a219629b959f37c6d972b473b74055181fb9b88cae465f7472f0f57026
"(3,1,0,0)","(3,1,0,0):iso-00007",335b508e242d5529bed09172ce30f5b85e2059da3eddc259e7bbe154c98dfe7e,507,46523bfd83469b28df01ee39c47cb950b6683a64bb4ddf53353f980ab060b0f0
"(3,1,0,0)","(3,1,0,0):iso-00007",335b508e242d5529bed09172ce30f5b85e2059da3eddc259e7bbe154c98dfe7e,507,61ff9463713c88f0540d742bd3fecf3a0dba3d31f7e81a164f7b8c8d0c4d9e7a
"(3,1,0,0)","(3,1,0,0):iso-00007",335b508e242d5529bed09172ce30f5b85e2059da3eddc259e7bbe154c98dfe7e,507,7358b4685af724ed908adb04a74f4cfd22b8304bdb044eedc9c230b3d1bff8c1
"(3,1,0,0)","(3,1,0,0):iso-00007",335b508e242d5529bed09172ce30f5b85e2059da3eddc259e7bbe154c98dfe7e,507,9c87de05bc099ad9984c21baff4d7253e88ff1aeec0290b1bb168cced0e6eba9
"(3,1,0,0)","(3,1,0,0):iso-00007",335b508e242d5529bed09172ce30f5b85e2059da3eddc259e7bbe154c98dfe7e,507,b5a2261d27638451215255980b6a713e4ffef05013701ad46c3446ed859e2627
"(3,1,0,0)","(3,1,0,0):iso-00007",335b508e242d5529bed09172ce30f5b85e2059da3eddc259e7bbe154c98dfe7e,507,875a5312ef8d907e7856dbe8e68270a3e557d4a0f33414a25dc17e01bf81df13
"(3,1,0,0)","(3,1,0,0):iso-00007",335b508e242d5529bed09172ce30f5b85e2059da3eddc259e7bbe154c98dfe7e,507,461c3d254999eed4f57e46178bb21871aed99af36c576cb3784a00cf1bc3f246
"(3,1,0,0)","(3,1,0,0):iso-00007",335b508e242d5529bed09172ce30f5b85e2059da3eddc259e7bbe154c98dfe7e,507,582fb42c16dc0bed3c706baffa6ad0a45024071b7b94d99b5cf2f6d971445636
"(3,1,0,0)","(3,1,0,0):iso-00007",335b508e242d5529bed09172ce30f5b85e2059da3eddc259e7bbe154c98dfe7e,507,792505cd1e1a70c1761d38cdccf591a377ff5a6ef7692908e0c392fefc73ffef
"(3,1,0,0)","(3,1,0,0):iso-00007",335b508e242d5529bed09172ce30f5b85e2059da3eddc259e7bbe154c98dfe7e,507,d0740198b02b4b486efdc6f3196c75d21d35dced5f894ec5a57fd05e993a77d3
"(3,1,0,0)","(3,1,0,0):iso-00007",335b508e242d5529bed09172ce30f5b85e2059da3eddc259e7bbe154c98dfe7e,507,1e107dfba79a9a3c9b1b8337b7c415188e4906d95a4f201ee3f21b7b50ee54a5
"(3,1,0,0)","(3,1,0,0):iso-00007",335b508e242d5529bed09172ce30f5b85e2059da3eddc259e7bbe154c98dfe7e,507,3043a1d2ed4369e1b7fff8f6f10d67284c6403a5adf28cea7ecc324e9ab38539
"(3,1,0,0)","(3,1,0,0):iso-00007",335b508e242d5529bed09172ce30f5b85e2059da3eddc259e7bbe154c98dfe7e,507,05673095ac4d7a2a9114f5f49c698c7aad9ea30e1a0b077aa680ca9083630566
"(3,1,0,0)","(3,1,0,0):iso-00007",335b508e242d5529bed09172ce30f5b85e2059da3eddc259e7bbe154c98dfe7e,507,d21bda81902b5924163b212a237a53b6224a25d428ff1a73e12ddc9e7ef30ec1
"(3,1,0,0)","(3,1,0,0):iso-00007",335b508e242d5529bed09172ce30f5b85e2059da3eddc259e7bbe154c98dfe7e,507,040b5401c4744d323f31b7b514168585a962f510aa8bb95ecb3b655e57cb8972
"(3,1,0,0)","(3,1,0,0):iso-00007",335b508e242d5529bed09172ce30f5b85e2059da3eddc259e7bbe154c98dfe7e,507,8978e6f921a50e5c605c28acb2575fc3897f13abf839203e763b4b4d92d88aff
"(3,1,0,0)","(3,1,0,0):iso-00007",335b508e242d5529bed09172ce30f5b85e2059da3eddc259e7bbe154c98dfe7e,507,4ed814a0880e788e3b59dec96f6ab80f74b2d2f43642457f4ab7689aa640c7a7
"(3,1,0,0)","(3,1,0,0):iso-00007",335b508e242d5529bed09172ce30f5b85e2059da3eddc259e7bbe154c98dfe7e,507,0c50f6d3ba23b320f2b01e6e69f6619ca3391cd345bec6a743d1b35d42a2f578
"(3,1,0,0)","(3,1,0,0):iso-00007",335b508e242d5529bed09172ce30f5b85e2059da3eddc259e7bbe154c98dfe7e,507,e68bea21773155a5fb2434ebb4d690c13bc7cc70f4539f5758a6f58c7d76757c
"(3,1,0,0)","(3,1,0,0):iso-00007",335b508e242d5529bed09172ce30f5b85e2059da3eddc259e7bbe154c98dfe7e,507,57280468e4bbc3e84ce35d4fecb090eb29180e3ce82abdb0eaf34a98ca777250
"(3,1,0,0)","(3,1,0,0):iso-00007",335b508e242d5529bed09172ce30f5b85e2059da3eddc259e7bbe154c98dfe7e,507,f24a05c3cc2a2bb82605cef06c0e12da8becea2ef330d749bec7e5b7138d5866
"(3,1,0,0)","(3,1,0,0):iso-00007",335b508e242d5529bed09172ce30f5b85e2059da3eddc259e7bbe154c98dfe7e,507,2351ae73c45b76427e6286e712827f501d4e34291a7044796c9cdd3ff6932261
"(3,1,0,0)","(3,1,0,0):iso-00007",335b508e242d5529bed09172ce30f5b85e2059da3eddc259e7bbe154c98dfe7e,507,f185b1af7067ba2ad6603773c9ada9dc717d67e14a1d73be68eafd7062986d11
"(3,1,0,0)","(3,1,0,0):iso-00007",335b508e242d5529bed09172ce30f5b85e2059da3eddc259e7bbe154c98dfe7e,507,0f89131625f15b685fa8ce840281724bf4e1deecb6f49644165ec9c79e8da4cd
"(3,1,0,0)","(3,1,0,0):iso-00007",335b508e242d5529bed09172ce30f5b85e2059da3eddc259e7bbe154c98dfe7e,507,cf5390bdbecad941a28470ffecab7311850400811c0472a3a76c1e52463d1801
"(3,1,0,0)","(3,1,0,0):iso-00007",335b508e242d5529bed09172ce30f5b85e2059da3eddc259e7bbe154c98dfe7e,507,d4ccde49374afd43cad4b907672d229c890786de5d456f955de033f8c88afac3
"(3,1,0,0)","(3,1,0,0):iso-00007",335b508e242d5529bed09172ce30f5b85e2059da3eddc259e7bbe154c98dfe7e,507,6ad8dde28ed792350f05e37c7d38aeb53dd1f186d97964473cc37fff9c23f749
"(3,1,0,0)","(3,1,0,0):iso-00007",335b508e242d5529bed09172ce30f5b85e2059da3eddc259e7bbe154c98dfe7e,507,0b25ef2c3b49a44a2b50834bc7a7d6a7a62beb817cb68ba1112af047bc83cc81
"(3,1,0,0)","(3,1,0,0):iso-00007",335b508e242d5529bed09172ce30f5b85e2059da3eddc259e7bbe154c98dfe7e,507,21b61f7fc53a848c80ac0a1b3c1113ce3de83c521e495d56556b26774c32004b
"(3,1,0,0)","(3,1,0,0):iso-00007",335b508e242d5529bed09172ce30f5b85e2059da3eddc259e7bbe154c98dfe7e,507,83d46ff38bb13b6325ae69d2088bfb7839c62e2816a8c46b95b9a8f7bbc38521
"(3,1,0,0)","(3,1,0,0):iso-00007",335b508e242d5529bed09172ce30f5b85e2059da3eddc259e7bbe154c98dfe7e,507,987c28a2c1a13725a4ff55667d66c61822d3f9b4e5d665e1bf9638f26000ca18
"(3,1,0,0)","(3,1,0,0):iso-00007",335b508e242d5529bed09172ce30f5b85e2059da3eddc259e7bbe154c98dfe7e,507,5703ef55d15868f4d95e124dfb565ff9112dd45489694876eeee21e3f03d72a4
"(3,1,0,0)","(3,1,0,0):iso-00007",335b508e242d5529bed09172ce30f5b85e2059da3eddc259e7bbe154c98dfe7e,507,0983bf8b43a87f8bbbedb0c237fed2ca4ade37d57af62d0de84fa44d2bb20a66
"(3,1,0,0)","(3,1,0,0):iso-00007",335b508e242d5529bed09172ce30f5b85e2059da3eddc259e7bbe154c98dfe7e,507,59c7c73c794690b799b1727850b30670abea4e06b23a77f30e369fd4ccad143d
"(3,1,0,0)","(3,1,0,0):iso-00007",335b508e242d5529bed09172ce30f5b85e2059da3eddc259e7bbe154c98dfe7e,507,0e61e2f49800aefbca0b5d586bbed172dc248fabfaee9e369e06b2d4617b9ff9
"(3,1,0,0)","(3,1,0,0):iso-00007",335b508e242d5529bed09172ce30f5b85e2059da3eddc259e7bbe154c98dfe7e,507,b0143f710984439b1dc837e79f74ae1ea9d1091a1ffb734171dff02fc787b7ff
"(3,1,0,0)","(3,1,0,0):iso-00007",335b508e242d5529bed09172ce30f5b85e2059da3eddc259e7bbe154c98dfe7e,507,1cc5217491168dbe79af1eeaa53460568832edf800c61de52397031bd2e571f9
"(3,1,0,0)","(3,1,0,0):iso-00007",335b508e242d5529bed09172ce30f5b85e2059da3eddc259e7bbe154c98dfe7e,507,c8a554e77f23a7c92ddb442a808790ab8f366cb36ae26f8e7cd997f5b8cb862e
"(3,1,0,0)","(3,1,0,0):iso-00007",335b508e242d5529bed09172ce30f5b85e2059da3eddc259e7bbe154c98dfe7e,507,db5d1cafeb03178b37e6638c7f1bd541acd302c07636e10a111256d7e0a95288
"(3,1,0,0)","(3,1,0,0):iso-00007",335b508e242d5529bed09172ce30f5b85e2059da3eddc259e7bbe154c98dfe7e,507,9ec121d13c42f79d7230227571203fa27e799d0aa7f39958a8f120a22eb8c712
"(3,1,0,0)","(3,1,0,0):iso-00007",335b508e242d5529bed09172ce30f5b85e2059da3eddc259e7bbe154c98dfe7e,507,1a74744b1887b43afc2708693125b95e2b5dc4e2dfcd9e0443e41ac68e06f275
"(3,1,0,0)","(3,1,0,0):iso-00007",335b508e242d5529bed09172ce30f5b85e2059da3eddc259e7bbe154c98dfe7e,507,6a5a378725555fb0c8dab41c292b1b6fd6ec0b2dd9e00d1edf2eb7a1b3bc15d0
"(3,1,0,0)","(3,1,0,0):iso-00007",335b508e242d5529bed09172ce30f5b85e2059da3eddc259e7bbe154c98dfe7e,507,3649195f90e2067dafbfce39f1819f63e3f2be146a5924785985ad3fb6d6e188
"(3,1,0,0)","(3,1,0,0):iso-00007",335b508e242d5529bed09172ce30f5b85e2059da3eddc259e7bbe154c98dfe7e,507,b30ed1bf42446a3efa49f5608be1c90ff0cb3e51fc18a407607c93ff71bd6b64
"(3,1,0,0)","(3,1,0,0):iso-00007",335b508e242d5529bed09172ce30f5b85e2059da3eddc259e7bbe154c98dfe7e,507,84938e83e83d83fdf376e63deefdc2e1f9fa6bdc225a94d9fdb094e5666782d0
"(3,1,0,0)","(3,1,0,0):iso-00007",335b508e242d5529bed09172ce30f5b85e2059da3eddc259e7bbe154c98dfe7e,507,50197d963d9534ac39497439168d71117742973bdf470552777eb45e4ada7745
"(3,1,0,0)","(3,1,0,0):iso-00007",335b508e242d5529bed09172ce30f5b85e2059da3eddc259e7bbe154c98dfe7e,507,9424cc184591ebec2eaff8a9c7c9134b29c387be40825ff34281ac4b7973e758
"(3,1,0,0)","(3,1,0,0):iso-00007",335b508e242d5529bed09172ce30f5b85e2059da3eddc259e7bbe154c98dfe7e,507,842992df461c619e3a2d5dedc4b2cd8b1fb0b45f33d8d70405116499d71588bb
"(3,1,0,0)","(3,1,0,0):iso-00007",335b508e242d5529bed09172ce30f5b85e2059da3eddc259e7bbe154c98dfe7e,507,6ad1ff1826213ad02409055efa8c51da17c41b877682419e17adaf42ca5f697f
"(3,1,0,0)","(3,1,0,0):iso-00007",335b508e242d5529bed09172ce30f5b85e2059da3eddc259e7bbe154c98dfe7e,507,06688c9ff098994476b4674a5bc1266e54969a99a26c08244b14d4b126e659c3
"(3,1,0,0)","(3,1,0,0):iso-00007",335b508e242d5529bed09172ce30f5b85e2059da3eddc259e7bbe154c98dfe7e,507,e626a7634f4b4d4461f848841b3c7e04484c12067861c1bdec491c490c15408e
"(3,1,0,0)","(3,1,0,0):iso-00007",335b508e242d5529bed09172ce30f5b85e2059da3eddc259e7bbe154c98dfe7e,507,bd4eeae70fac949a522d621b871fc2ca16c9c1102f67f8ee94bab4bbc8eda759
"(3,1,0,0)","(3,1,0,0):iso-00007",335b508e242d5529bed09172ce30f5b85e2059da3eddc259e7bbe154c98dfe7e,507,e20fd87c93731de6e390b89d4d44a610cf899b3db3aba4eb4f24f482a1644038
"(3,1,0,0)","(3,1,0,0):iso-00007",335b508e242d5529bed09172ce30f5b85e2059da3eddc259e7bbe154c98dfe7e,507,c13c151ae80fc22d8a40f883507d4c2668c0db49b1bbfb51cb620045c61c4ce8
"(3,1,0,0)","(3,1,0,0):iso-00007",335b508e242d5529bed09172ce30f5b85e2059da3eddc259e7bbe154c98dfe7e,507,3f99d921b7147f9f3410f6ff6966fe3c3859d42b5142f0476315c065c357fb1c
"(3,1,0,0)","(3,1,0,0):iso-00007",335b508e242d5529bed09172ce30f5b85e2059da3eddc259e7bbe154c98dfe7e,507,a81d7a49bd09aec00c46684ae84c64341b3112bc594f37a122ed3b4d0e38cc0a
"(3,1,0,0)","(3,1,0,0):iso-00007",335b508e242d5529bed09172ce30f5b85e2059da3eddc259e7bbe154c98dfe7e,507,8502a6b062d46761d7c468aad88d0356f4b7f50503fe456eb71035a6beb5e3a0
"(3,1,0,0)","(3,1,0,0):iso-00007",335b508e242d5529bed09172ce30f5b85e2059da3eddc259e7bbe154c98dfe7e,507,f867b9e3134cfcf382b02382a3b861546354d3df6c55299907e8ee508e27e32a
"(3,1,0,0)","(3,1,0,0):iso-00007",335b508e242d5529bed09172ce30f5b85e2059da3eddc259e7bbe154c98dfe7e,507,dba99128ae6d5f8295b0a019ce2b8a543f6e87925b3df0f550b4957f8999e68c
"(3,1,0,0)","(3,1,0,0):iso-00007",335b508e242d5529bed09172ce30f5b85e2059da3eddc259e7bbe154c98dfe7e,507,4c233bd84de5c173d9fa89652635dabc92267b83205d0dca0718c22584a031bd
"(3,1,0,0)","(3,1,0,0):iso-00007",335b508e242d5529bed09172ce30f5b85e2059da3eddc259e7bbe154c98dfe7e,507,855d9b50757d0fa369ac4095cb3e86aa1efb977485b5a75475923a6cc97c44a5
"(3,1,0,0)","(3,1,0,0):iso-00007",335b508e242d5529bed09172ce30f5b85e2059da3eddc259e7bbe154c98dfe7e,507,f54a93fa73bb27f9748f29c1eba8329b7774d824adba6f0536deddf7f7cc13b2
"(3,1,0,0)","(3,1,0,0):iso-00007",335b508e242d5529bed09172ce30f5b85e2059da3eddc259e7bbe154c98dfe7e,507,9356353db2e5d28a65c0d4a3e14aa759f9862ae92dd51e703722236d6ce10a23
"(3,1,0,0)","(3,1,0,0):iso-00007",335b508e242d5529bed09172ce30f5b85e2059da3eddc259e7bbe154c98dfe7e,507,c66331155e4484b507301672286964df31c8813cf5748cdd04348a99092214bc
"(3,1,0,0)","(3,1,0,0):iso-00007",335b508e242d5529bed09172ce30f5b85e2059da3eddc259e7bbe154c98dfe7e,507,6fe9e24dcf2e87c60da703dda011d3d86035cd0c43bdbc426ddc5c5efd4b5259
"(3,1,0,0)","(3,1,0,0):iso-00007",335b508e242d5529bed09172ce30f5b85e2059da3eddc259e7bbe154c98dfe7e,507,c709c6887a7e27208b055350dca8e0569d8815a626e68f694f2cfa4cc1b16f83
"(3,1,0,0)","(3,1,0,0):iso-00007",335b508e242d5529bed09172ce30f5b85e2059da3eddc259e7bbe154c98dfe7e,507,62aca0efd7cba8b314efab808195d0c79a3a180e9912cc2297c971376e63a57c
"(3,1,0,0)","(3,1,0,0):iso-00007",335b508e242d5529bed09172ce30f5b85e2059da3eddc259e7bbe154c98dfe7e,507,1a4d25f80feb405f06240bc1cfb1a0e46124e4bd5cbbd0ef0412dad941ddb183
"(3,1,0,0)","(3,1,0,0):iso-00007",335b508e242d5529bed09172ce30f5b85e2059da3eddc259e7bbe154c98dfe7e,507,2ff56799be3b62313f77c8a96447c68714d4d67d71e52b45b7bb42dd8d7d3f8e
"(3,1,0,0)","(3,1,0,0):iso-00007",335b508e242d5529bed09172ce30f5b85e2059da3eddc259e7bbe154c98dfe7e,507,9f8bb1bcb251febc7900afb5f18c0b60453b1e18df7681a9b41269a29d553558
"(3,1,0,0)","(3,1,0,0):iso-00007",335b508e242d5529bed09172ce30f5b85e2059da3eddc259e7bbe154c98dfe7e,507,f2fa8a78fadb32cbc70f6b23bf44e8e6f503bcc6d1a21a00712f07e47063b9f6
"(3,1,0,0)","(3,1,0,0):iso-00007",335b508e242d5529bed09172ce30f5b85e2059da3eddc259e7bbe154c98dfe7e,507,cb8e93651ca3828f3e1df5d362c3a032737d4b2a4019eeca97c39769e781708e
"(3,1,0,0)","(3,1,0,0):iso-00007",335b508e242d5529bed09172ce30f5b85e2059da3eddc259e7bbe154c98dfe7e,507,20d8e01fafc1c9201aace6ebd1de4ceb63fc133ecc0610aab4379fbeea6c6aef
"(3,1,0,0)","(3,1,0,0):iso-00007",335b508e242d5529bed09172ce30f5b85e2059da3eddc259e7bbe154c98dfe7e,507,f59f51ab46736145557a7a95682cae112501172c02b5f94b866b7cc57c170ff9
"(3,1,0,0)","(3,1,0,0):iso-00007",335b508e242d5529bed09172ce30f5b85e2059da3eddc259e7bbe154c98dfe7e,507,0eccd5fe78eba7f39725b6a2041aaf8810169ee3522b542590895037e3c48938
"(3,1,0,0)","(3,1,0,0):iso-00007",335b508e242d5529bed09172ce30f5b85e2059da3eddc259e7bbe154c98dfe7e,507,ea634353e2470c780109716e50c2e2e8ab0a77b4f5f7374086e9cfc6a8e3c0af
"(3,1,0,0)","(3,1,0,0):iso-00007",335b508e242d5529bed09172ce30f5b85e2059da3eddc259e7bbe154c98dfe7e,507,9ff2e7ad887b1b8c538c625254fdb07e865a566b2211ec375e29b887f933ffb6
"(3,1,0,0)","(3,1,0,0):iso-00007",335b508e242d5529bed09172ce30f5b85e2059da3eddc259e7bbe154c98dfe7e,507,45b13173290c03bd515bdd16c238135ea5f5fee2537e46210f4b54a85d2f1a5c
"(3,1,0,0)","(3,1,0,0):iso-00007",335b508e242d5529bed09172ce30f5b85e2059da3eddc259e7bbe154c98dfe7e,507,18525a82bb4579c648b369478121a8aee769c56fb319ba68ce6233951f467590
"(3,1,0,0)","(3,1,0,0):iso-00007",335b508e242d5529bed09172ce30f5b85e2059da3eddc259e7bbe154c98dfe7e,507,cf0b3f1976b2f6a294c0187ec5f72271c915dc6837745c693c6d72a1e40ffde1
"(3,1,0,0)","(3,1,0,0):iso-00007",335b508e242d5529bed09172ce30f5b85e2059da3eddc259e7bbe154c98dfe7e,507,c7d12832c3e68a2ab461cc0acef4a8a8769031681030031dcf36034d158416de
"(3,1,0,0)","(3,1,0,0):iso-00007",335b508e242d5529bed09172ce30f5b85e2059da3eddc259e7bbe154c98dfe7e,507,6f7d4053b08185d73c3fda4cdcc02cdd3888d3702eb6b0f7744f864e17db0775
"(3,1,0,0)","(3,1,0,0):iso-00007",335b508e242d5529bed09172ce30f5b85e2059da3eddc259e7bbe154c98dfe7e,507,9315788b93b3474a61dccf67ecb27e45bc05c890ef46274cbf1711ebbf9ce0ba
"(3,1,0,0)","(3,1,0,0):iso-00007",335b508e242d5529bed09172ce30f5b85e2059da3eddc259e7bbe154c98dfe7e,507,ff1688b77ca718abc5f6a96092346df7d584a5865cda1e1e6d03ade7ae7a3ddc
"(3,1,0,0)","(3,1,0,0):iso-00007",335b508e242d5529bed09172ce30f5b85e2059da3eddc259e7bbe154c98dfe7e,507,2f918facf41ce7b9b2abf5ce31cb12ccd8a95b97e606ceb2079b8764c4737eba
"(3,1,0,0)","(3,1,0,0):iso-00007",335b508e242d5529bed09172ce30f5b85e2059da3eddc259e7bbe154c98dfe7e,507,c68f9123695f4f59860503a5e96f6229956da5e73f3c37d6abd1b804a91aedac
"(3,1,0,0)","(3,1,0,0):iso-00007",335b508e242d5529bed09172ce30f5b85e2059da3eddc259e7bbe154c98dfe7e,507,7d527cd30eddaa2a683082b266443d6b00d2adb69f8dfb51b78134077accb1ff
"(3,1,0,0)","(3,1,0,0):iso-00007",335b508e242d5529bed09172ce30f5b85e2059da3eddc259e7bbe154c98dfe7e,507,8b3bccdf0825441c89cfb53f6e7032f54fd70cb1a6d0208649d4bbb343452cdf
"(3,1,0,0)","(3,1,0,0):iso-00007",335b508e242d5529bed09172ce30f5b85e2059da3eddc259e7bbe154c98dfe7e,507,c81dea1e6e461dd740d410cc9bc24cb7fd7aec8081ecd51b68d47a5f8ee17c81
"(3,1,0,0)","(3,1,0,0):iso-00007",335b508e242d5529bed09172ce30f5b85e2059da3eddc259e7bbe154c98dfe7e,507,836da8ea7d1ff25264f4bd3d151495f2415e3f628c8600d119cb3445d019adc9
"(3,1,0,0)","(3,1,0,0):iso-00007",335b508e242d5529bed09172ce30f5b85e2059da3eddc259e7bbe154c98dfe7e,507,ef1844fd25d6c0b49f2c7193e24e656de9feb83065b3df1d78b01d6d7bf28cf5
"(3,1,0,0)","(3,1,0,0):iso-00007",335b508e242d5529bed09172ce30f5b85e2059da3eddc259e7bbe154c98dfe7e,507,9542bd8c378b014b9d066e2da5549c9e5b9bca58a591457f6f1f7b04e9cd4e9d
"(3,1,0,0)","(3,1,0,0):iso-00007",335b508e242d5529bed09172ce30f5b85e2059da3eddc259e7bbe154c98dfe7e,507,4d0a9fc39dc5144612d3a5166e862a4b07150a29420fb704926c2a6e5aec8bf2
"(3,1,0,0)","(3,1,0,0):iso-00007",335b508e242d5529bed09172ce30f5b85e2059da3eddc259e7bbe154c98dfe7e,507,690ec493a65904c673a92b1938e0023b1e94b00d909e08a3f090c1eb021c1f1e
"(3,1,0,0)","(3,1,0,0):iso-00007",335b508e242d5529bed09172ce30f5b85e2059da3eddc259e7bbe154c98dfe7e,507,ac992fac451898054853bf35a6c0439aefd41a627a67604ab58113075d12095e
"(3,1,0,0)","(3,1,0,0):iso-00007",335b508e242d5529bed09172ce30f5b85e2059da3eddc259e7bbe154c98dfe7e,507,7715b025d63dc6dda9b6f19d970e34e17d6cee1c90516ab84eaa76eb86495a15
"(3,1,0,0)","(3,1,0,0):iso-00007",335b508e242d5529bed09172ce30f5b85e2059da3eddc259e7bbe154c98dfe7e,507,8479a629f4e1f5b1068d8d03b3c9e6b015970432d4986920a923b7bea5d25b85
"(3,1,0,0)","(3,1,0,0):iso-00007",335b508e242d5529bed09172ce30f5b85e2059da3eddc259e7bbe154c98dfe7e,507,d42f5baaa399630e8ba9ac455f9090f21d4fb94dc9dd2cf001bedb78c9e1a4b4
"(3,1,0,0)","(3,1,0,0):iso-00007",335b508e242d5529bed09172ce30f5b85e2059da3eddc259e7bbe154c98dfe7e,507,6a692b830491d5a13a50a165babbde2bf9b2094c09cb3042cc174bcb52fc1783
"(3,1,0,0)","(3,1,0,0):iso-00007",335b508e242d5529bed09172ce30f5b85e2059da3eddc259e7bbe154c98dfe7e,507,d8677aea7d5679ac3e5d35cf9240d2afd33a79ae2cbab66315e302ad5328ba61
"(3,1,0,0)","(3,1,0,0):iso-00007",335b508e242d5529bed09172ce30f5b85e2059da3eddc259e7bbe154c98dfe7e,507,bc537dfc4f971440aeb545313e761dfe0b6ac8ce2226afc58363e926cb77c2a9
"(3,1,0,0)","(3,1,0,0):iso-00007",335b508e242d5529bed09172ce30f5b85e2059da3eddc259e7bbe154c98dfe7e,507,51617cdd86b8f77d546ba390c2145417f373cb5a0910d208992b6bf2ad4a3497
"(3,1,0,0)","(3,1,0,0):iso-00007",335b508e242d5529bed09172ce30f5b85e2059da3eddc259e7bbe154c98dfe7e,507,a3cdec4ec18006b6d71d4d0789d0832d1da8b75831224a66ee3b221fe99470ad
"(3,1,0,0)","(3,1,0,0):iso-00007",335b508e242d5529bed09172ce30f5b85e2059da3eddc259e7bbe154c98dfe7e,507,38d3c05ce83de347a3f25d3ad575cc63e8ad396c94cbbc0f721256fd0811df74
"(3,1,0,0)","(3,1,0,0):iso-00007",335b508e242d5529bed09172ce30f5b85e2059da3eddc259e7bbe154c98dfe7e,507,8403c188e60e594b4367a2a2b95005ffaf22dbcb5fa43b3412a25c7d6afa15e4
"(3,1,0,0)","(3,1,0,0):iso-00007",335b508e242d5529bed09172ce30f5b85e2059da3eddc259e7bbe154c98dfe7e,507,16592cee2f2ec1db09b891f6716ac06195e4ce43e37ba885e7f926d77f66453d
"(3,1,0,0)","(3,1,0,0):iso-00007",335b508e242d5529bed09172ce30f5b85e2059da3eddc259e7bbe154c98dfe7e,507,272c9f48e78b8ed1d7641e9159c255ae945d7d01bfb369b270ffda698baaf310
"(3,1,0,0)","(3,1,0,0):iso-00007",335b508e242d5529bed09172ce30f5b85e2059da3eddc259e7bbe154c98dfe7e,507,2b2d70ec98f56b00efd20d8eeb4d8ceb10f71bb41eebff9aa7dcccc85912093c
"(3,1,0,0)","(3,1,0,0):iso-00007",335b508e242d5529bed09172ce30f5b85e2059da3eddc259e7bbe154c98dfe7e,507,71268e28273ed429564f59f4dd3d307c62bb08875bf7d537d49b8b30082ef13a
"(3,1,0,0)","(3,1,0,0):iso-00007",335b508e242d5529bed09172ce30f5b85e2059da3eddc259e7bbe154c98dfe7e,507,a5661e03599e6ee14e7c71afca831164f140ece56f4820e1733c19d6737420b7
"(3,1,0,0)","(3,1,0,0):iso-00007",335b508e242d5529bed09172ce30f5b85e2059da3eddc259e7bbe154c98dfe7e,507,dca790324de82ea55961a9f6371641cf492c55c72b7fdb05103e3e0c2092ff10
"(3,1,0,0)","(3,1,0,0):iso-00007",335b508e242d5529bed09172ce30f5b85e2059da3eddc259e7bbe154c98dfe7e,507,62486477556a8c4ec694f4c160642c98ac0c039a0eea8f0ca5412e36c1019b26
"(3,1,0,0)","(3,1,0,0):iso-00007",335b508e242d5529bed09172ce30f5b85e2059da3eddc259e7bbe154c98dfe7e,507,0f69f274faab5824190a34a490708c09a62dbcb5bb133e6260f5a426b7dbaa07
"(3,1,0,0)","(3,1,0,0):iso-00007",335b508e242d5529bed09172ce30f5b85e2059da3eddc259e7bbe154c98dfe7e,507,90b1906ce4e8b2e0bf914c5ea3b3ca83e6ae0a719a7019c9528c50b5935fdce2
"(3,1,0,0)","(3,1,0,0):iso-00007",335b508e242d5529bed09172ce30f5b85e2059da3eddc259e7bbe154c98dfe7e,507,09039247a40808f0caf7bfcfec1fac1c56d138d6b8bb905d5f6ea57d90a6c6e8
"(3,1,0,0)","(3,1,0,0):iso-00007",335b508e242d5529bed09172ce30f5b85e2059da3eddc259e7bbe154c98dfe7e,507,614957a179c9b5402c3507b84543e442e338ae04fee683aabe242c1c2f02c3a2
"(3,1,0,0)","(3,1,0,0):iso-00007",335b508e242d5529bed09172ce30f5b85e2059da3eddc259e7bbe154c98dfe7e,507,69bad6585344205e3699d5255549424c3bd57b5c62a88272027523170dee49fb
"(3,1,0,0)","(3,1,0,0):iso-00007",335b508e242d5529bed09172ce30f5b85e2059da3eddc259e7bbe154c98dfe7e,507,6ce19f184535d6f5b0628a3a286fb673575f1718b41d5d0c7e6c8ac12e72cacd
"(3,1,0,0)","(3,1,0,0):iso-00007",335b508e242d5529bed09172ce30f5b85e2059da3eddc259e7bbe154c98dfe7e,507,c8fb530ec4b24383de75f3b9636f593027dad5b49d3b67c3b996e516da769a76
"(3,1,0,0)","(3,1,0,0):iso-00007",335b508e242d5529bed09172ce30f5b85e2059da3eddc259e7bbe154c98dfe7e,507,8250f8eb6669a58d8adef50bd9e97fcdbda6aec2bff71a5e7774add7b3ca04bd
"(3,1,0,0)","(3,1,0,0):iso-00007",335b508e242d5529bed09172ce30f5b85e2059da3eddc259e7bbe154c98dfe7e,507,4f43a97256b71219292efa6b9b49c728771019f5fe6a73787397582474cef8da
"(3,1,0,0)","(3,1,0,0):iso-00007",335b508e242d5529bed09172ce30f5b85e2059da3eddc259e7bbe154c98dfe7e,507,b8732c94fe7c5988d030144e7108507e17d8762dab51fca17525ac554d0ca640
"(3,1,0,0)","(3,1,0,0):iso-00007",335b508e242d5529bed09172ce30f5b85e2059da3eddc259e7bbe154c98dfe7e,507,ab59a7f7ac73e8d62f0f1d77c9bfd81046ebb35d4824a90060272a10e9f3b6f3
"(3,1,0,0)","(3,1,0,0):iso-00007",335b508e242d5529bed09172ce30f5b85e2059da3eddc259e7bbe154c98dfe7e,507,88d291ea8c0a89add4c46ebd8f055f77cf8bae043da3f2d9610646c144f9be4b
"(3,1,0,0)","(3,1,0,0):iso-00007",335b508e242d5529bed09172ce30f5b85e2059da3eddc259e7bbe154c98dfe7e,507,a35881f878b06d00e79a7c3b42250f28b49d92d2df436e2e5e2f359d94655ce0
"(3,1,0,0)","(3,1,0,0):iso-00007",335b508e242d5529bed09172ce30f5b85e2059da3eddc259e7bbe154c98dfe7e,507,843b75a939000fe299f6324d14b6adeb0fbda506971419d99a359f06bb104699
"(3,1,0,0)","(3,1,0,0):iso-00007",335b508e242d5529bed09172ce30f5b85e2059da3eddc259e7bbe154c98dfe7e,507,dd22db03ff31f8e26b846458fcc3c61d2c0a529bbdbbe40bb06ca3d59a07bd08
"(3,1,0,0)","(3,1,0,0):iso-00007",335b508e242d5529bed09172ce30f5b85e2059da3eddc259e7bbe154c98dfe7e,507,2fffad51c26d2c659f04f0d11d072541c220e3c6f6253f63000f5ce20f1071cc
"(3,1,0,0)","(3,1,0,0):iso-00007",335b508e242d5529bed09172ce30f5b85e2059da3eddc259e7bbe154c98dfe7e,507,9b1dec60987bd9f4b8c8cc8dc760c6b72fc4cb698e7a53098cb421d7b9d29f51
"(3,1,0,0)","(3,1,0,0):iso-00007",335b508e242d5529bed09172ce30f5b85e2059da3eddc259e7bbe154c98dfe7e,507,e13fe31ea006a95caf74070f1e5b6d66cacef4321dd6d5908ef598de87c99dce
"(3,1,0,0)","(3,1,0,0):iso-00007",335b508e242d5529bed09172ce30f5b85e2059da3eddc259e7bbe154c98dfe7e,507,05095c22c7de7e78180bfd1dec950c19473c63df6e94ae2ce40213da314a2e06
"(3,1,0,0)","(3,1,0,0):iso-00007",335b508e242d5529bed09172ce30f5b85e2059da3eddc259e7bbe154c98dfe7e,507,4764caf28c81b4f3a9ef675088d76d2264278dbee4e78f6ba40c4cdf6132b790
"(3,1,0,0)","(3,1,0,0):iso-00007",335b508e242d5529bed09172ce30f5b85e2059da3eddc259e7bbe154c98dfe7e,507,7dba1eec876f696864e744c02412a85c3c92c5e6b3f2215a1918618a295e7905
"(3,1,0,0)","(3,1,0,0):iso-00007",335b508e242d5529bed09172ce30f5b85e2059da3eddc259e7bbe154c98dfe7e,507,af27bdf6c991b81739ecb00f44ba942c7c9cf891b291601fbcafcc2f3b5c73f6
"(3,1,0,0)","(3,1,0,0):iso-00007",335b508e242d5529bed09172ce30f5b85e2059da3eddc259e7bbe154c98dfe7e,507,4fc0dd2376e23f87edb84671c00b8558142b048f692c74f1207ad2348c6c66cf
"(3,1,0,0)","(3,1,0,0):iso-00007",335b508e242d5529bed09172ce30f5b85e2059da3eddc259e7bbe154c98dfe7e,507,62d227b540ae747260777aeb129b846c98a3e6ecaec16061515a54beee5c33a0
"(3,1,0,0)","(3,1,0,0):iso-00007",335b508e242d5529bed09172ce30f5b85e2059da3eddc259e7bbe154c98dfe7e,507,8c0521d849aa08d47ed47d672adb36c66671419d844bd622d0e9ae3556ae63a4
"(3,1,0,0)","(3,1,0,0):iso-00007",335b508e242d5529bed09172ce30f5b85e2059da3eddc259e7bbe154c98dfe7e,507,6a09e3f8f346c57f3f2111329cc51ab55bcb8b46cb171d1734e0706d30782156
"(3,1,0,0)","(3,1,0,0):iso-00007",335b508e242d5529bed09172ce30f5b85e2059da3eddc259e7bbe154c98dfe7e,507,f3399ea1bfbaeef0742250a1cebd59e5d41223d428dfb5573d6dd2079486878c
"(3,1,0,0)","(3,1,0,0):iso-00007",335b508e242d5529bed09172ce30f5b85e2059da3eddc259e7bbe154c98dfe7e,507,511ea7bd4a2ea0a8373b86578258023e125cb871ecf3e828ee4a328024483b7d
"(3,1,0,0)","(3,1,0,0):iso-00007",335b508e242d5529bed09172ce30f5b85e2059da3eddc259e7bbe154c98dfe7e,507,32f081c3d55ea061fef9a1dbdc666b27c9d5e272312c705302ee08ec9b2ea9a9
"(3,1,0,0)","(3,1,0,0):iso-00007",335b508e242d5529bed09172ce30f5b85e2059da3eddc259e7bbe154c98dfe7e,507,b529e3d34772459caa254bc6accb1869de7da3a1b9f5d14c0ef56f315e8d0e85
"(3,1,0,0)","(3,1,0,0):iso-00007",335b508e242d5529bed09172ce30f5b85e2059da3eddc259e7bbe154c98dfe7e,507,73ac530cf75d0744a1cb94dd89ca4df76c776a8680faa40aca590c4078d64f65
"(3,1,0,0)","(3,1,0,0):iso-00007",335b508e242d5529bed09172ce30f5b85e2059da3eddc259e7bbe154c98dfe7e,507,c2f0ccee2ce74c7514fbb1e44257a1fdb43e5c0f6778e3acef3f3268ad45ff05
"(3,1,0,0)","(3,1,0,0):iso-00007",335b508e242d5529bed09172ce30f5b85e2059da3eddc259e7bbe154c98dfe7e,507,c898ea7564ccbe6357c2dbb2d4e324726540bf7004f2bda44a643d61125dd118
"(3,1,0,0)","(3,1,0,0):iso-00007",335b508e242d5529bed09172ce30f5b85e2059da3eddc259e7bbe154c98dfe7e,507,8425749bedff68b76b752366af42fe5cb4ee8cd98cdf7fe8478592451c2c5282
"(3,1,0,0)","(3,1,0,0):iso-00007",335b508e242d5529bed09172ce30f5b85e2059da3eddc259e7bbe154c98dfe7e,507,6cc20695d490cd37de890745af8bd1473d2fd16b95189ec4cd90a2e4c16d11ff
"(3,1,0,0)","(3,1,0,0):iso-00007",335b508e242d5529bed09172ce30f5b85e2059da3eddc259e7bbe154c98dfe7e,507,1d19ac44b2dc0b3f75328e2bc40e9cd79f2dc8d8d34ce3352a2674bf81f67079
"(3,1,0,0)","(3,1,0,0):iso-00007",335b508e242d5529bed09172ce30f5b85e2059da3eddc259e7bbe154c98dfe7e,507,6952b393a83a321853fb1421c04ca7a7a17abe46dfafe0861904ceb7827ffcea
"(3,1,0,0)","(3,1,0,0):iso-00007",335b508e242d5529bed09172ce30f5b85e2059da3eddc259e7bbe154c98dfe7e,507,4e50ca4ae7c3608b328c8b3d502f615d7dec55365a12ff361e09c311526eb905
"(3,1,0,0)","(3,1,0,0):iso-00007",335b508e242d5529bed09172ce30f5b85e2059da3eddc259e7bbe154c98dfe7e,507,662212afd55e3047bb553cc39de50424fd6b33cd77b63aad534744487f43deef
"(3,1,0,0)","(3,1,0,0):iso-00007",335b508e242d5529bed09172ce30f5b85e2059da3eddc259e7bbe154c98dfe7e,507,2ff5cc8cd7bcec827adedb581975537ddca2c73f77cf26874f683cab10ef4ee4
"(3,1,0,0)","(3,1,0,0):iso-00007",335b508e242d5529bed09172ce30f5b85e2059da3eddc259e7bbe154c98dfe7e,507,278d8cdc02fc031a125e9a910b6787a0d01531fc5ba0adfc9cae8121f9442e9e
"(3,1,0,0)","(3,1,0,0):iso-00007",335b508e242d5529bed09172ce30f5b85e2059da3eddc259e7bbe154c98dfe7e,507,0312540c05ccfbebcb8beeb4cd207d0c6b727c7a28c2e97909facf096223358b
"(3,1,0,0)","(3,1,0,0):iso-00007",335b508e242d5529bed09172ce30f5b85e2059da3eddc259e7bbe154c98dfe7e,507,2355260d06d7ea9bfd0fde3c666ac4cad0786c983bba80bafda0a52b428647d7
"(3,1,0,0)","(3,1,0,0):iso-00007",335b508e242d5529bed09172ce30f5b85e2059da3eddc259e7bbe154c98dfe7e,507,1d6047cab9270bd17904a4198610e22181a2773f07235ce9cf5e15586838c1c6
"(3,1,0,0)","(3,1,0,0):iso-00007",335b508e242d5529bed09172ce30f5b85e2059da3eddc259e7bbe154c98dfe7e,507,525bdb07f9f3c97e43235a83c1d5a103b49b8b0a5f7b869e5e30e07532eddba6
"(3,1,0,0)","(3,1,0,0):iso-00007",335b508e242d5529bed09172ce30f5b85e2059da3eddc259e7bbe154c98dfe7e,507,4cf00a8fba48da8afae2f6a4868f95d15815a87a8355e247defaf673535013cb
"(3,1,0,0)","(3,1,0,0):iso-00007",335b508e242d5529bed09172ce30f5b85e2059da3eddc259e7bbe154c98dfe7e,507,59f87e16d47bd25e59147d62b9d1fb02aa08016cea2ce58666c30af48024920a
"(3,1,0,0)","(3,1,0,0):iso-00008",84e3ccc08fcd1f0fcdeb89d793081233a2fa79ad9fc6ccd9e4d3784ce5e3d07b,12,84e3ccc08fcd1f0fcdeb89d793081233a2fa79ad9fc6ccd9e4d3784ce5e3d07b
"(3,1,0,0)","(3,1,0,0):iso-00008",84e3ccc08fcd1f0fcdeb89d793081233a2fa79ad9fc6ccd9e4d3784ce5e3d07b,12,dbe655d3c140cc1d72e0765a1118e30b932da7836cca86270eadc3fa4be73453
"(3,1,0,0)","(3,1,0,0):iso-00008",84e3ccc08fcd1f0fcdeb89d793081233a2fa79ad9fc6ccd9e4d3784ce5e3d07b,12,b12114594d46f7b164f65b43805a153ddd483d60c864f239350d880ac5e2f6d8
"(3,1,0,0)","(3,1,0,0):iso-00008",84e3ccc08fcd1f0fcdeb89d793081233a2fa79ad9fc6ccd9e4d3784ce5e3d07b,12,66a2030a0f27904633197385316651d3a0a21a99c892c1b29e8a8b9a20542a4b
"(3,1,0,0)","(3,1,0,0):iso-00008",84e3ccc08fcd1f0fcdeb89d793081233a2fa79ad9fc6ccd9e4d3784ce5e3d07b,12,97c970a3a8fe07518a6f30776cc6abe9cadc2dfc63c924a72d8f33a697f012f4
"(3,1,0,0)","(3,1,0,0):iso-00008",84e3ccc08fcd1f0fcdeb89d793081233a2fa79ad9fc6ccd9e4d3784ce5e3d07b,12,7d009dcddb77f7ee865f623988c4f730dad965096ca66d1a2849392d36aa2f5a
"(3,1,0,0)","(3,1,0,0):iso-00008",84e3ccc08fcd1f0fcdeb89d793081233a2fa79ad9fc6ccd9e4d3784ce5e3d07b,12,ed61b766c1ea58303bcf816228259a8cc2a59312db29d94d2858bf8b679c0015
"(3,1,0,0)","(3,1,0,0):iso-00008",84e3ccc08fcd1f0fcdeb89d793081233a2fa79ad9fc6ccd9e4d3784ce5e3d07b,12,c85596b7b06f98015eda1fb790bb2397fe7117b08e52c899eb8637784c3623d7
"(3,1,0,0)","(3,1,0,0):iso-00008",84e3ccc08fcd1f0fcdeb89d793081233a2fa79ad9fc6ccd9e4d3784ce5e3d07b,12,94e4c9a4ba6838ebed12e1e3df1a84e6d22639d22f921e8b7ed8eee49c64bebb
"(3,1,0,0)","(3,1,0,0):iso-00008",84e3ccc08fcd1f0fcdeb89d793081233a2fa79ad9fc6ccd9e4d3784ce5e3d07b,12,35f660bf9def8017235eb220895afe0f0b9594e1316897b35c90bc2e74f66134
"(3,1,0,0)","(3,1,0,0):iso-00008",84e3ccc08fcd1f0fcdeb89d793081233a2fa79ad9fc6ccd9e4d3784ce5e3d07b,12,eee8f3c4b8ff19f1770c0e5a4f6faf80cd72a2c4e77384522ae0a5947c10cc2f
"(3,1,0,0)","(3,1,0,0):iso-00008",84e3ccc08fcd1f0fcdeb89d793081233a2fa79ad9fc6ccd9e4d3784ce5e3d07b,12,bb6314fcd5b3172117e4b8f5db7bf7c1214f9a7d1bf25cabe43e51a23c0c7366
"(3,1,0,0)","(3,1,0,0):iso-00009",c664abd5d5d0271689b13af14a288c01649d47575c3d995b06b25ac405690e5a,13,c664abd5d5d0271689b13af14a288c01649d47575c3d995b06b25ac405690e5a
"(3,1,0,0)","(3,1,0,0):iso-00009",c664abd5d5d0271689b13af14a288c01649d47575c3d995b06b25ac405690e5a,13,988847141ffebcd24b19460033a290948985bcc76107229ad10a767e31719eca
"(3,1,0,0)","(3,1,0,0):iso-00009",c664abd5d5d0271689b13af14a288c01649d47575c3d995b06b25ac405690e5a,13,336faf51b9f40492e71abbfdfbfc24c326a2f6ae5f2d07e40039c37fc971dfc2
"(3,1,0,0)","(3,1,0,0):iso-00009",c664abd5d5d0271689b13af14a288c01649d47575c3d995b06b25ac405690e5a,13,db206dd9bba70c46d23234522a4b9c5512a588705c636dd5c7fcd032ac16046c
"(3,1,0,0)","(3,1,0,0):iso-00009",c664abd5d5d0271689b13af14a288c01649d47575c3d995b06b25ac405690e5a,13,bcdd6d44b4419b5c97fb7d4fe08b3665d6524bebbefb80f6a8fd88b8d34fc50c
"(3,1,0,0)","(3,1,0,0):iso-00009",c664abd5d5d0271689b13af14a288c01649d47575c3d995b06b25ac405690e5a,13,0598d3bbf8641e230b76ea76585f4c9c778b85a59ac58a9c7fb9e66ed401a2fb
"(3,1,0,0)","(3,1,0,0):iso-00009",c664abd5d5d0271689b13af14a288c01649d47575c3d995b06b25ac405690e5a,13,b4bdc038c6a32735b96a481fce5c88a37746041ca4daaac9a538e640daa80f35
"(3,1,0,0)","(3,1,0,0):iso-00009",c664abd5d5d0271689b13af14a288c01649d47575c3d995b06b25ac405690e5a,13,ac6b708d93f601b0fd36799f00c27dd85a46900aa68f1015af10d7c48a4b0c87
"(3,1,0,0)","(3,1,0,0):iso-00009",c664abd5d5d0271689b13af14a288c01649d47575c3d995b06b25ac405690e5a,13,37867545ba466d583ce87199a64b455c29f95b1ebe20283d4f7d471c5fc23d54
"(3,1,0,0)","(3,1,0,0):iso-00009",c664abd5d5d0271689b13af14a288c01649d47575c3d995b06b25ac405690e5a,13,1aef311adc62185445566281784cf56530de261cd5d4b4ce6f760d1c25e06aec
"(3,1,0,0)","(3,1,0,0):iso-00009",c664abd5d5d0271689b13af14a288c01649d47575c3d995b06b25ac405690e5a,13,85e463cdc7c1ea88c2d8f2c3903fdc3a4aba43faa25eb41f6bff49542ae2e11e
"(3,1,0,0)","(3,1,0,0):iso-00009",c664abd5d5d0271689b13af14a288c01649d47575c3d995b06b25ac405690e5a,13,7690dab97fcc5de6a4f66d1d03c5ba3c634f26b54bd04d80487094ee09229746
"(3,1,0,0)","(3,1,0,0):iso-00009",c664abd5d5d0271689b13af14a288c01649d47575c3d995b06b25ac405690e5a,13,d35a6d0c4bd11d6e1c813d0338220151aed8d6d3ab97b591556b09f8a8f437b2
"(3,1,0,0)","(3,1,0,0):iso-00010",5a03019daff39f9fd57ceaece934d1692d4ee54c6dbeec8456a94b2e8261d0ac,436,5a03019daff39f9fd57ceaece934d1692d4ee54c6dbeec8456a94b2e8261d0ac
"(3,1,0,0)","(3,1,0,0):iso-00010",5a03019daff39f9fd57ceaece934d1692d4ee54c6dbeec8456a94b2e8261d0ac,436,7d9ac7c356f7b6b89dac012f0ac76bda5aadfe8ac1d4ec0383ef775f7d819907
"(3,1,0,0)","(3,1,0,0):iso-00010",5a03019daff39f9fd57ceaece934d1692d4ee54c6dbeec8456a94b2e8261d0ac,436,916079bbc10baf1f0c7b60cb43f16cb22239045f37017e645d79d48d096b4a43
"(3,1,0,0)","(3,1,0,0):iso-00010",5a03019daff39f9fd57ceaece934d1692d4ee54c6dbeec8456a94b2e8261d0ac,436,45b1fdcd4aa01f3f58a4a7d4b535f57270b581bc842106b6a1a68cee8b393e20
"(3,1,0,0)","(3,1,0,0):iso-00010",5a03019daff39f9fd57ceaece934d1692d4ee54c6dbeec8456a94b2e8261d0ac,436,a6c0a0f99bb260aecd87f9d977c982081200794c3f19b61708b2d1ddeec00c35
"(3,1,0,0)","(3,1,0,0):iso-00010",5a03019daff39f9fd57ceaece934d1692d4ee54c6dbeec8456a94b2e8261d0ac,436,15a94fe3ec95784cc5e5073c0091b473573b92709921014e8256498189d91ea2
"(3,1,0,0)","(3,1,0,0):iso-00010",5a03019daff39f9fd57ceaece934d1692d4ee54c6dbeec8456a94b2e8261d0ac,436,81366c4d8b87e30388232b8a2f1fdfb6723bc31956e702d0e6d09165ef671d0c
"(3,1,0,0)","(3,1,0,0):iso-00010",5a03019daff39f9fd57ceaece934d1692d4ee54c6dbeec8456a94b2e8261d0ac,436,e845ff4fe650025168ae62708d548815fadb39eb1d297ebdbd71db3d72f4634a
"(3,1,0,0)","(3,1,0,0):iso-00010",5a03019daff39f9fd57ceaece934d1692d4ee54c6dbeec8456a94b2e8261d0ac,436,2c0afa3ee1aae273855b08ffaab75e726c84b2ee0e1ffaf5f125f8fd9b2be928
"(3,1,0,0)","(3,1,0,0):iso-00010",5a03019daff39f9fd57ceaece934d1692d4ee54c6dbeec8456a94b2e8261d0ac,436,4e084d0c80b9b0fab1a025e3460b3b4f1222b6de9b6bb85789357874e9024080
"(3,1,0,0)","(3,1,0,0):iso-00010",5a03019daff39f9fd57ceaece934d1692d4ee54c6dbeec8456a94b2e8261d0ac,436,3d70e5cdafd2e64b7eef93e20f2900e51062dfc7321ec1599074848496693254
"(3,1,0,0)","(3,1,0,0):iso-00010",5a03019daff39f9fd57ceaece934d1692d4ee54c6dbeec8456a94b2e8261d0ac,436,f688f8f4419ee942ba4388deb7b4a6cae48716cb82f9f5be3d369ac15374cc93
"(3,1,0,0)","(3,1,0,0):iso-00010",5a03019daff39f9fd57ceaece934d1692d4ee54c6dbeec8456a94b2e8261d0ac,436,58ff44baf024db7c02873775549c9a91832a28e2732418503de30ed605aaf802
"(3,1,0,0)","(3,1,0,0):iso-00010",5a03019daff39f9fd57ceaece934d1692d4ee54c6dbeec8456a94b2e8261d0ac,436,8d3f31a79f0c6a43f4750a475379e09176101a7c990dafe7887adb4ed8fb549c
"(3,1,0,0)","(3,1,0,0):iso-00010",5a03019daff39f9fd57ceaece934d1692d4ee54c6dbeec8456a94b2e8261d0ac,436,ce92f96085c3ca37af7195975f0b2b9e23144cd0e6531178a43e5238d5b0b90d
"(3,1,0,0)","(3,1,0,0):iso-00010",5a03019daff39f9fd57ceaece934d1692d4ee54c6dbeec8456a94b2e8261d0ac,436,bc3cb188700cf5b5e943b827ecf8346fae4386ff5b34cad7c9420ad9fad07d2e
"(3,1,0,0)","(3,1,0,0):iso-00010",5a03019daff39f9fd57ceaece934d1692d4ee54c6dbeec8456a94b2e8261d0ac,436,138d084dbcbeafb65706922e066dcaeaccd240b184dbc1a68f3f731725f44f92
"(3,1,0,0)","(3,1,0,0):iso-00010",5a03019daff39f9fd57ceaece934d1692d4ee54c6dbeec8456a94b2e8261d0ac,436,cae0cffaacc45c034ab284d8239ad686eaa907ea016a87937b37cac02c28c36f
"(3,1,0,0)","(3,1,0,0):iso-00010",5a03019daff39f9fd57ceaece934d1692d4ee54c6dbeec8456a94b2e8261d0ac,436,d5e2034bebf6502cbee2e05990890c550c07e3b961040f666bf86174d65ebe30
"(3,1,0,0)","(3,1,0,0):iso-00010",5a03019daff39f9fd57ceaece934d1692d4ee54c6dbeec8456a94b2e8261d0ac,436,4e13df2080ccaa63f9b44c3320bef5f8a0129c70e77e81d1c284f5bf52d2272a
"(3,1,0,0)","(3,1,0,0):iso-00010",5a03019daff39f9fd57ceaece934d1692d4ee54c6dbeec8456a94b2e8261d0ac,436,6529f56e11cdc99a6a80bf9a82d1406420f268bf792b50b2280d0f2da375e20b
"(3,1,0,0)","(3,1,0,0):iso-00010",5a03019daff39f9fd57ceaece934d1692d4ee54c6dbeec8456a94b2e8261d0ac,436,d4e5fd2d5a6974bcd3978b9cb4230009b2db8ce02707263016a2c0bdae9b4e71
"(3,1,0,0)","(3,1,0,0):iso-00010",5a03019daff39f9fd57ceaece934d1692d4ee54c6dbeec8456a94b2e8261d0ac,436,1305548a826dc6aebae90a10d907e7e021af89381fce32a0b6490c9ab9d17607
"(3,1,0,0)","(3,1,0,0):iso-00010",5a03019daff39f9fd57ceaece934d1692d4ee54c6dbeec8456a94b2e8261d0ac,436,ec5252d030e1d00906c04f68289e3c9e66c0b0f6196e097125cfaf69486f0561
"(3,1,0,0)","(3,1,0,0):iso-00010",5a03019daff39f9fd57ceaece934d1692d4ee54c6dbeec8456a94b2e8261d0ac,436,6a2059e819a95386fc28643623dd0410b1d584ced5d4c708371b885ece87cf52
"(3,1,0,0)","(3,1,0,0):iso-00010",5a03019daff39f9fd57ceaece934d1692d4ee54c6dbeec8456a94b2e8261d0ac,436,07ad9a0f1006d18f2189c9f8fecdc2dbf116a89a342b4b40e1a744588d74158c
"(3,1,0,0)","(3,1,0,0):iso-00010",5a03019daff39f9fd57ceaece934d1692d4ee54c6dbeec8456a94b2e8261d0ac,436,8fd6942f1c838e5073e6cda1747092622bf3d7d09c10af84a457126a4b685450
"(3,1,0,0)","(3,1,0,0):iso-00010",5a03019daff39f9fd57ceaece934d1692d4ee54c6dbeec8456a94b2e8261d0ac,436,d119f5ee4306a54aeba209790eee24b3326440688e6e3007a53db29b05c7b4e6
"(3,1,0,0)","(3,1,0,0):iso-00010",5a03019daff39f9fd57ceaece934d1692d4ee54c6dbeec8456a94b2e8261d0ac,436,8eea7682207d39e6c4f380537c04966a7244e7a1816bffd0ac8bfea8e8c0007a
"(3,1,0,0)","(3,1,0,0):iso-00010",5a03019daff39f9fd57ceaece934d1692d4ee54c6dbeec8456a94b2e8261d0ac,436,a89467d4401a13a85fa059fb11db0b14b976ab5e0f16740953426d133f997721
"(3,1,0,0)","(3,1,0,0):iso-00010",5a03019daff39f9fd57ceaece934d1692d4ee54c6dbeec8456a94b2e8261d0ac,436,73400bf55b99e977b9a6688dc2d23bf4dcf7addd47f8f6a36199c5875e044491
"(3,1,0,0)","(3,1,0,0):iso-00010",5a03019daff39f9fd57ceaece934d1692d4ee54c6dbeec8456a94b2e8261d0ac,436,826183123168a19aeb50302e92f76495d61de32789f050c4bfa0ea8add60e16d
"(3,1,0,0)","(3,1,0,0):iso-00010",5a03019daff39f9fd57ceaece934d1692d4ee54c6dbeec8456a94b2e8261d0ac,436,71040be7ad5f74fa60b940b67a8575c202fde14547cffc8c7f08763378ac985d
"(3,1,0,0)","(3,1,0,0):iso-00010",5a03019daff39f9fd57ceaece934d1692d4ee54c6dbeec8456a94b2e8261d0ac,436,6a61a6c6c75d24dc90833096278334ba123f179ac4000136fe07680e24fa1c5a
"(3,1,0,0)","(3,1,0,0):iso-00010",5a03019daff39f9fd57ceaece934d1692d4ee54c6dbeec8456a94b2e8261d0ac,436,99f895a037d973ec67e1ebd034fd452df9768baef3194af020c350c082b6d576
"(3,1,0,0)","(3,1,0,0):iso-00010",5a03019daff39f9fd57ceaece934d1692d4ee54c6dbeec8456a94b2e8261d0ac,436,95e0cfb20365b0296e1e7c0cfe5f88ffe0a02c0ec7764aa2b90e72ade2c28627
"(3,1,0,0)","(3,1,0,0):iso-00010",5a03019daff39f9fd57ceaece934d1692d4ee54c6dbeec8456a94b2e8261d0ac,436,70abb536820c2adeb228f469a4ae557ecc5f4b75fa30c1d662ecc96741ad6e91
"(3,1,0,0)","(3,1,0,0):iso-00010",5a03019daff39f9fd57ceaece934d1692d4ee54c6dbeec8456a94b2e8261d0ac,436,e37b46535f736c41fb0f68047cd37b8e613a1f0a0b07c5f80b06fc93bf7d0836
"(3,1,0,0)","(3,1,0,0):iso-00010",5a03019daff39f9fd57ceaece934d1692d4ee54c6dbeec8456a94b2e8261d0ac,436,f12b67153ed2bf764f8de7062ae219eb87bf9bdfdfd51401d644dc4596de3135
"(3,1,0,0)","(3,1,0,0):iso-00010",5a03019daff39f9fd57ceaece934d1692d4ee54c6dbeec8456a94b2e8261d0ac,436,41ec8aca29309c8842d1486bda574ca17b7fbf099a0eb3cfbc01f34ef1dac20e
"(3,1,0,0)","(3,1,0,0):iso-00010",5a03019daff39f9fd57ceaece934d1692d4ee54c6dbeec8456a94b2e8261d0ac,436,c972348ae5f9d43f9afce77c957fcb4d727720ba0dd2976cad2b4a807637618a
"(3,1,0,0)","(3,1,0,0):iso-00010",5a03019daff39f9fd57ceaece934d1692d4ee54c6dbeec8456a94b2e8261d0ac,436,0686dec565f07bbe9bfa587b13ff613c81a553939777a849dc0e97baacaa2b31
"(3,1,0,0)","(3,1,0,0):iso-00010",5a03019daff39f9fd57ceaece934d1692d4ee54c6dbeec8456a94b2e8261d0ac,436,99b56cb7d9931ab169453a4b5ad3baa9a6b6765005c6df24e87e4b2f81a649c2
"(3,1,0,0)","(3,1,0,0):iso-00010",5a03019daff39f9fd57ceaece934d1692d4ee54c6dbeec8456a94b2e8261d0ac,436,027ba499f485378de6bddf647edde28ea5e0f8c745686cea9a397b0ade24634b
"(3,1,0,0)","(3,1,0,0):iso-00010",5a03019daff39f9fd57ceaece934d1692d4ee54c6dbeec8456a94b2e8261d0ac,436,1e83b2130fe464033e3333de7e7104cf791ed861a6efce239dfe23d25a8c2c5a
"(3,1,0,0)","(3,1,0,0):iso-00010",5a03019daff39f9fd57ceaece934d1692d4ee54c6dbeec8456a94b2e8261d0ac,436,5d85e089d13b4c9aab2381d68f0b88674f29fe5123cf1a3e7eb6f9cfd91f056e
"(3,1,0,0)","(3,1,0,0):iso-00010",5a03019daff39f9fd57ceaece934d1692d4ee54c6dbeec8456a94b2e8261d0ac,436,21e97874c40108f87971a46f9b97faa8875b4daaa64393de29c1ba93e55675dd
"(3,1,0,0)","(3,1,0,0):iso-00010",5a03019daff39f9fd57ceaece934d1692d4ee54c6dbeec8456a94b2e8261d0ac,436,2128553bd641bdaaf487db3ceb6cd96c1177571029ed7d95543c9952b32a0a40
"(3,1,0,0)","(3,1,0,0):iso-00010",5a03019daff39f9fd57ceaece934d1692d4ee54c6dbeec8456a94b2e8261d0ac,436,7d3da8adaf86cd0a8f7677a696e1d690e3dc2f375ee17da078ec9cd8b50a0c8f
"(3,1,0,0)","(3,1,0,0):iso-00010",5a03019daff39f9fd57ceaece934d1692d4ee54c6dbeec8456a94b2e8261d0ac,436,0fbb4a48472624874adf97168748a7b478a82b73e3b7e5f24765d8af95676a01
"(3,1,0,0)","(3,1,0,0):iso-00010",5a03019daff39f9fd57ceaece934d1692d4ee54c6dbeec8456a94b2e8261d0ac,436,3d4e81d9e81d0708fc195849638d99844ea1dc9412dd25ed5907f96d911ec023
"(3,1,0,0)","(3,1,0,0):iso-00010",5a03019daff39f9fd57ceaece934d1692d4ee54c6dbeec8456a94b2e8261d0ac,436,1e1aa4ba10249f36943f9c999ef1ff82a4ae52258e71f1ebb3662c12102b440d
"(3,1,0,0)","(3,1,0,0):iso-00010",5a03019daff39f9fd57ceaece934d1692d4ee54c6dbeec8456a94b2e8261d0ac,436,6edac96b0fedaa98d4492ed38451c61413ffad4b3131a794b0910f586248ca15
"(3,1,0,0)","(3,1,0,0):iso-00010",5a03019daff39f9fd57ceaece934d1692d4ee54c6dbeec8456a94b2e8261d0ac,436,abf1b65337d99ee2fec6cfd79499a429ff691bcdd6589343584fad1c3a5240e6
"(3,1,0,0)","(3,1,0,0):iso-00010",5a03019daff39f9fd57ceaece934d1692d4ee54c6dbeec8456a94b2e8261d0ac,436,88aaab32a132d375b25dbad24923f6fbbbebc642d73d0f0a91eebe295a8946ae
"(3,1,0,0)","(3,1,0,0):iso-00010",5a03019daff39f9fd57ceaece934d1692d4ee54c6dbeec8456a94b2e8261d0ac,436,2f35a07834a604e5a0fd8b37502bf8f74e9f182d7c4137186ec2f72cbfb259b0
"(3,1,0,0)","(3,1,0,0):iso-00010",5a03019daff39f9fd57ceaece934d1692d4ee54c6dbeec8456a94b2e8261d0ac,436,41d95d13b4c7b7ce3f4cb73351a4e2f6aec346a07234ba6f41ea2d68f813f5d7
"(3,1,0,0)","(3,1,0,0):iso-00010",5a03019daff39f9fd57ceaece934d1692d4ee54c6dbeec8456a94b2e8261d0ac,436,856f1cbd713bf99b5c47eb1832161fb8ef74c220ec6c7eed7d6e0ca9322f9e77
"(3,1,0,0)","(3,1,0,0):iso-00010",5a03019daff39f9fd57ceaece934d1692d4ee54c6dbeec8456a94b2e8261d0ac,436,dbefa7896d0a514967cf0e38985a646b0213b746d8af2ffa3b287f5cae99d1ec
"(3,1,0,0)","(3,1,0,0):iso-00010",5a03019daff39f9fd57ceaece934d1692d4ee54c6dbeec8456a94b2e8261d0ac,436,be07bc0033633b8208997a1ec58d6454793ba64ce8c7eb9dc75191e568c0a820
"(3,1,0,0)","(3,1,0,0):iso-00010",5a03019daff39f9fd57ceaece934d1692d4ee54c6dbeec8456a94b2e8261d0ac,436,b812aa25989e13b7cdd6dbf705e5468998f953bb5bd6b4f61d71dab1b19d22ef
"(3,1,0,0)","(3,1,0,0):iso-00010",5a03019daff39f9fd57ceaece934d1692d4ee54c6dbeec8456a94b2e8261d0ac,436,615f606f7c980118a4ab3a12a1b56a102dc34d1fbe4d707367055fea956f0e5d
"(3,1,0,0)","(3,1,0,0):iso-00010",5a03019daff39f9fd57ceaece934d1692d4ee54c6dbeec8456a94b2e8261d0ac,436,f2701636c086b0d8f295512df649a9008967f30dc786fb25a4006a9f2b2025d4
"(3,1,0,0)","(3,1,0,0):iso-00010",5a03019daff39f9fd57ceaece934d1692d4ee54c6dbeec8456a94b2e8261d0ac,436,1ee5c7fd789a74713c1c81c08f37f642d65e5b2222bb089846c5a4082c930714
"(3,1,0,0)","(3,1,0,0):iso-00010",5a03019daff39f9fd57ceaece934d1692d4ee54c6dbeec8456a94b2e8261d0ac,436,0f39e303855a1e9e083e733440e06ca3d5ba4c1093099d5e7a4d680af8f8a9b8
"(3,1,0,0)","(3,1,0,0):iso-00010",5a03019daff39f9fd57ceaece934d1692d4ee54c6dbeec8456a94b2e8261d0ac,436,621287cc99b9300e5719729df48be4a15ef7adcb032beeb7b55dc2fad9ccad7a
"(3,1,0,0)","(3,1,0,0):iso-00010",5a03019daff39f9fd57ceaece934d1692d4ee54c6dbeec8456a94b2e8261d0ac,436,a73f20e3a8f35e8e4ef1fe6159985bda94f8b8f290551757ee9efbf3135d0a66
"(3,1,0,0)","(3,1,0,0):iso-00010",5a03019daff39f9fd57ceaece934d1692d4ee54c6dbeec8456a94b2e8261d0ac,436,107fb982095b92fcc65fafd8199f25c4fdc3ae6137aa73d721615313ab87c942
"(3,1,0,0)","(3,1,0,0):iso-00010",5a03019daff39f9fd57ceaece934d1692d4ee54c6dbeec8456a94b2e8261d0ac,436,33781d5fc8d8f62f78880884a7617ac88413cd167c72ce6a16550c9c770e0a89
"(3,1,0,0)","(3,1,0,0):iso-00010",5a03019daff39f9fd57ceaece934d1692d4ee54c6dbeec8456a94b2e8261d0ac,436,c081ac6442dbeebfec12370189a5ced1b47ad8e7202839947b2995267ba0b736
"(3,1,0,0)","(3,1,0,0):iso-00010",5a03019daff39f9fd57ceaece934d1692d4ee54c6dbeec8456a94b2e8261d0ac,436,5374be60a65c8979bda382926e32942aedd9db4dfa465be6bb134f57abb9a71e
"(3,1,0,0)","(3,1,0,0):iso-00010",5a03019daff39f9fd57ceaece934d1692d4ee54c6dbeec8456a94b2e8261d0ac,436,1d64b260d4bc45c24358deadd2b88a0b93410d666a26d71555b9c62adf11a0b9
"(3,1,0,0)","(3,1,0,0):iso-00010",5a03019daff39f9fd57ceaece934d1692d4ee54c6dbeec8456a94b2e8261d0ac,436,7ade1eaf25526225398b5fe22e24959d0c65382d3086fa31700aa734ff3099e4
"(3,1,0,0)","(3,1,0,0):iso-00010",5a03019daff39f9fd57ceaece934d1692d4ee54c6dbeec8456a94b2e8261d0ac,436,7693d460e40e49a3de562b2589480a2b5291a8e3799e60cce0f0fac7a96db7f2
"(3,1,0,0)","(3,1,0,0):iso-00010",5a03019daff39f9fd57ceaece934d1692d4ee54c6dbeec8456a94b2e8261d0ac,436,b8e010177eb305cf0a9ac4b4c95d790849827d68959a42a574e2c8acc689389d
"(3,1,0,0)","(3,1,0,0):iso-00010",5a03019daff39f9fd57ceaece934d1692d4ee54c6dbeec8456a94b2e8261d0ac,436,638121bea38bef2366ada4de09345184ef7cb3750500550b3672eec90ac2a1e5
"(3,1,0,0)","(3,1,0,0):iso-00010",5a03019daff39f9fd57ceaece934d1692d4ee54c6dbeec8456a94b2e8261d0ac,436,75510c67f9a120491bef0bd5f00fe33645930719d36d39543a3157e22cf1b4e1
"(3,1,0,0)","(3,1,0,0):iso-00010",5a03019daff39f9fd57ceaece934d1692d4ee54c6dbeec8456a94b2e8261d0ac,436,b20b034a3f88dd1c430497b25683eed5c4d7f7d791b2568f4c41105ccfb4b716
"(3,1,0,0)","(3,1,0,0):iso-00010",5a03019daff39f9fd57ceaece934d1692d4ee54c6dbeec8456a94b2e8261d0ac,436,923ef869ee1ba6024da52bee04cdef6dd0dec594fb37c48614d9ccf2fd704b3d
"(3,1,0,0)","(3,1,0,0):iso-00010",5a03019daff39f9fd57ceaece934d1692d4ee54c6dbeec8456a94b2e8261d0ac,436,463083ac18e7ac1b5494235ecab1acd55c599762b45f3b0e079b738dff0e64f3
"(3,1,0,0)","(3,1,0,0):iso-00010",5a03019daff39f9fd57ceaece934d1692d4ee54c6dbeec8456a94b2e8261d0ac,436,85f3fa90bfeba970069e0a36a17c1ec4585f61c7c0388e0c0c61fa7414998d46
"(3,1,0,0)","(3,1,0,0):iso-00010",5a03019daff39f9fd57ceaece934d1692d4ee54c6dbeec8456a94b2e8261d0ac,436,38c6836f8a5eed125e5fe22da5bdd23256e724a9087627662586fa46f267556c
"(3,1,0,0)","(3,1,0,0):iso-00010",5a03019daff39f9fd57ceaece934d1692d4ee54c6dbeec8456a94b2e8261d0ac,436,192d60d4f217f2c5ac3d2760c08be244c337d80a6cb6495b4152121b57565f8d
"(3,1,0,0)","(3,1,0,0):iso-00010",5a03019daff39f9fd57ceaece934d1692d4ee54c6dbeec8456a94b2e8261d0ac,436,540176aede2314c071cb91bf4d97e7347d4a12423635b36e2eda6a2f81a743ac
"(3,1,0,0)","(3,1,0,0):iso-00010",5a03019daff39f9fd57ceaece934d1692d4ee54c6dbeec8456a94b2e8261d0ac,436,e7523e39c17b09df07460414fbc81ff42f3eeadd33b28c0fdddfa0873fbf9cab
"(3,1,0,0)","(3,1,0,0):iso-00010",5a03019daff39f9fd57ceaece934d1692d4ee54c6dbeec8456a94b2e8261d0ac,436,83982d301ba535f30c582ccc0ea291b0202a869090b4b8728ab7623bf56a602a
"(3,1,0,0)","(3,1,0,0):iso-00010",5a03019daff39f9fd57ceaece934d1692d4ee54c6dbeec8456a94b2e8261d0ac,436,2945302cdd676a4983187786c7ac8fce8b418b73592d92b4feb787f5f9a5adbd
"(3,1,0,0)","(3,1,0,0):iso-00010",5a03019daff39f9fd57ceaece934d1692d4ee54c6dbeec8456a94b2e8261d0ac,436,d599bbd1f9602ef18f861da083d21222a8847d9f75edf3445df9651a9cbed003
"(3,1,0,0)","(3,1,0,0):iso-00010",5a03019daff39f9fd57ceaece934d1692d4ee54c6dbeec8456a94b2e8261d0ac,436,438276ad068532da0ccd2f525ed2c8ac450bbce734a98758dd25602c8a465b22
"(3,1,0,0)","(3,1,0,0):iso-00010",5a03019daff39f9fd57ceaece934d1692d4ee54c6dbeec8456a94b2e8261d0ac,436,810a627fe88a887566e7dcbef891624fb0edccd8cce3d9326e10aab48c7eafa1
"(3,1,0,0)","(3,1,0,0):iso-00010",5a03019daff39f9fd57ceaece934d1692d4ee54c6dbeec8456a94b2e8261d0ac,436,9ba77a3ce80655389ead9c069dd497fe6a958594d22b395c1461af12ace48ce7
"(3,1,0,0)","(3,1,0,0):iso-00010",5a03019daff39f9fd57ceaece934d1692d4ee54c6dbeec8456a94b2e8261d0ac,436,1a5beadddf55e39372751cb2fdd727e563934c26dce985b2825a89233d774ca5
"(3,1,0,0)","(3,1,0,0):iso-00010",5a03019daff39f9fd57ceaece934d1692d4ee54c6dbeec8456a94b2e8261d0ac,436,44c0d3b62a1abf620bbde32824e2c75128fba7933af0dd25993109ee87083fae
"(3,1,0,0)","(3,1,0,0):iso-00010",5a03019daff39f9fd57ceaece934d1692d4ee54c6dbeec8456a94b2e8261d0ac,436,571f6e42bde7101c1d27b56b7f28989f6fd7476d349a7449839d457edc5515f1
"(3,1,0,0)","(3,1,0,0):iso-00010",5a03019daff39f9fd57ceaece934d1692d4ee54c6dbeec8456a94b2e8261d0ac,436,339c9e0d52fae00cc7e80ecdadc325145425fb5ccf11f17a0c171847377d763e
"(3,1,0,0)","(3,1,0,0):iso-00010",5a03019daff39f9fd57ceaece934d1692d4ee54c6dbeec8456a94b2e8261d0ac,436,c8702d9a74a34f32819d3cfb85c824d935cdb82020b28c8bf9877ce80fe4c1c9
"(3,1,0,0)","(3,1,0,0):iso-00010",5a03019daff39f9fd57ceaece934d1692d4ee54c6dbeec8456a94b2e8261d0ac,436,368f9740a885e22aeedfaa87be032ec166680b97339c18b838fc24555fe89fa3
"(3,1,0,0)","(3,1,0,0):iso-00010",5a03019daff39f9fd57ceaece934d1692d4ee54c6dbeec8456a94b2e8261d0ac,436,029fb69914f33d83536415fa0b5f348169dc36131ef3a4f839392360dc12c2c5
"(3,1,0,0)","(3,1,0,0):iso-00010",5a03019daff39f9fd57ceaece934d1692d4ee54c6dbeec8456a94b2e8261d0ac,436,2a1bb81880028d88a9caecb0cf438aee15a56485d7da757859472165386c509c
"(3,1,0,0)","(3,1,0,0):iso-00010",5a03019daff39f9fd57ceaece934d1692d4ee54c6dbeec8456a94b2e8261d0ac,436,1d20aa61a683dd8a57a29a2cdebf3d52ea9e05d2f3b54db0fd92dc9fbd9b9df8
"(3,1,0,0)","(3,1,0,0):iso-00010",5a03019daff39f9fd57ceaece934d1692d4ee54c6dbeec8456a94b2e8261d0ac,436,835e122d5973095cd3c651f184e4837b26eb0a68a2bfe83c25dcc4b6ac4a8b60
"(3,1,0,0)","(3,1,0,0):iso-00010",5a03019daff39f9fd57ceaece934d1692d4ee54c6dbeec8456a94b2e8261d0ac,436,bfcda41b2af6b1bd4acc3003c781a342b0cbf12c7f3de5ff9bd6b666e26625f2
"(3,1,0,0)","(3,1,0,0):iso-00010",5a03019daff39f9fd57ceaece934d1692d4ee54c6dbeec8456a94b2e8261d0ac,436,c7655f96d8734aa5ef343806fddfafaee6858f90f8f1aee0efe096c3ce683854
"(3,1,0,0)","(3,1,0,0):iso-00010",5a03019daff39f9fd57ceaece934d1692d4ee54c6dbeec8456a94b2e8261d0ac,436,efd23671428e82223333afb0bc01f14129d947a63e2124e6b254e3460a540a72
"(3,1,0,0)","(3,1,0,0):iso-00010",5a03019daff39f9fd57ceaece934d1692d4ee54c6dbeec8456a94b2e8261d0ac,436,fffc0c8877d2c51f6aa50e95ec2635a03f00cab43a31ae8a0bf1888b82c928e7
"(3,1,0,0)","(3,1,0,0):iso-00010",5a03019daff39f9fd57ceaece934d1692d4ee54c6dbeec8456a94b2e8261d0ac,436,ee4bcaca10740d79051ff3e8a79458d630513f914a23bcce49a862306a89669d
"(3,1,0,0)","(3,1,0,0):iso-00010",5a03019daff39f9fd57ceaece934d1692d4ee54c6dbeec8456a94b2e8261d0ac,436,637e85ea4d69f090dd2ce50561eea8f9d9c37cbde2188b3d96dfd77673841129
"(3,1,0,0)","(3,1,0,0):iso-00010",5a03019daff39f9fd57ceaece934d1692d4ee54c6dbeec8456a94b2e8261d0ac,436,7a92d79f2e32211f001a9a7150edf2acefcad8f372479382de690c70bbec95ed
"(3,1,0,0)","(3,1,0,0):iso-00010",5a03019daff39f9fd57ceaece934d1692d4ee54c6dbeec8456a94b2e8261d0ac,436,012766ca417338500415c35f37ea6e9ffb4181a0060234c5f2ec4bcec7e0ec89
"(3,1,0,0)","(3,1,0,0):iso-00010",5a03019daff39f9fd57ceaece934d1692d4ee54c6dbeec8456a94b2e8261d0ac,436,fa80c934995d2867ff6b5791e5ebf289b896bd9836d08fa9d25ab9a4a91a9f06
"(3,1,0,0)","(3,1,0,0):iso-00010",5a03019daff39f9fd57ceaece934d1692d4ee54c6dbeec8456a94b2e8261d0ac,436,ef87de0c7ca301afe045bfdd0efb7a7a06aad7c6f8de6ed9284682ff2a410ecb
"(3,1,0,0)","(3,1,0,0):iso-00010",5a03019daff39f9fd57ceaece934d1692d4ee54c6dbeec8456a94b2e8261d0ac,436,aa090ee263483de6bda5b95114f83fe8f2994c57bd747acf5644fb5b18409794
"(3,1,0,0)","(3,1,0,0):iso-00010",5a03019daff39f9fd57ceaece934d1692d4ee54c6dbeec8456a94b2e8261d0ac,436,0656ba3d681d65a87247be1ee96089b196979c3a1a5c9afd89558d0819df885f
"(3,1,0,0)","(3,1,0,0):iso-00010",5a03019daff39f9fd57ceaece934d1692d4ee54c6dbeec8456a94b2e8261d0ac,436,253618f59d32e3962e00a76c18cb2239efb266509afe8373c1c7b3fa2deffb1e
"(3,1,0,0)","(3,1,0,0):iso-00010",5a03019daff39f9fd57ceaece934d1692d4ee54c6dbeec8456a94b2e8261d0ac,436,8497333fdc27392649c05a182c954877432d8ba6fe06737938bebd2b80da69a3
"(3,1,0,0)","(3,1,0,0):iso-00010",5a03019daff39f9fd57ceaece934d1692d4ee54c6dbeec8456a94b2e8261d0ac,436,7bc63f9593383b436a30b5dd0a4b4abd78bc0beda109d91ddf7bef4d43128a3b
"(3,1,0,0)","(3,1,0,0):iso-00010",5a03019daff39f9fd57ceaece934d1692d4ee54c6dbeec8456a94b2e8261d0ac,436,00c431773cb9d9de0e20ce7c824bf251bf5db666b0c137180e4ce0fee060b8e8
"(3,1,0,0)","(3,1,0,0):iso-00010",5a03019daff39f9fd57ceaece934d1692d4ee54c6dbeec8456a94b2e8261d0ac,436,2a6878a4b545c232b62fb63eec3b18a490591ef19c607fd4b429dd4aefa25925
"(3,1,0,0)","(3,1,0,0):iso-00010",5a03019daff39f9fd57ceaece934d1692d4ee54c6dbeec8456a94b2e8261d0ac,436,c1bd236f5e902f68c1dd15faa14b121186f3f467e84fae628571220680b05411
"(3,1,0,0)","(3,1,0,0):iso-00010",5a03019daff39f9fd57ceaece934d1692d4ee54c6dbeec8456a94b2e8261d0ac,436,42b9fbc09dfee9fc26e57b193bf26cae5276255800d5ec7fdf2613f16d797ec1
"(3,1,0,0)","(3,1,0,0):iso-00010",5a03019daff39f9fd57ceaece934d1692d4ee54c6dbeec8456a94b2e8261d0ac,436,95e22d56f481d5b9059b784ca2c3bb62b3cac290d0ebe3a7e6c3be89907781e8
"(3,1,0,0)","(3,1,0,0):iso-00010",5a03019daff39f9fd57ceaece934d1692d4ee54c6dbeec8456a94b2e8261d0ac,436,08d989600c60f6dac0829a5c09401b1957b2cc9186370abc3609ca762f8b898e
"(3,1,0,0)","(3,1,0,0):iso-00010",5a03019daff39f9fd57ceaece934d1692d4ee54c6dbeec8456a94b2e8261d0ac,436,eb4341b71cc9f7685e93be750b8830b4f2252051772e625ca74f45de71ef305a
"(3,1,0,0)","(3,1,0,0):iso-00010",5a03019daff39f9fd57ceaece934d1692d4ee54c6dbeec8456a94b2e8261d0ac,436,db86ce46663e2a274105a7aabf7779e7f7dd36448c56bcb495ebd808cc6932c7
"(3,1,0,0)","(3,1,0,0):iso-00010",5a03019daff39f9fd57ceaece934d1692d4ee54c6dbeec8456a94b2e8261d0ac,436,80cd21bfcc875d1813a6cd6901d56d0efde0d30eef35cb38c77971c031711131
"(3,1,0,0)","(3,1,0,0):iso-00010",5a03019daff39f9fd57ceaece934d1692d4ee54c6dbeec8456a94b2e8261d0ac,436,82789e477c2397393c4de2fac8830a9fb536fa418283edf16a685d1a0da80200
"(3,1,0,0)","(3,1,0,0):iso-00010",5a03019daff39f9fd57ceaece934d1692d4ee54c6dbeec8456a94b2e8261d0ac,436,f6ae626cd27857538e84bb869a061070a4f36abba34ce70806932bcdc1a1697c
"(3,1,0,0)","(3,1,0,0):iso-00010",5a03019daff39f9fd57ceaece934d1692d4ee54c6dbeec8456a94b2e8261d0ac,436,44212b0fe4af90d3d048719ac09f728b2dfd27179a827c140c73320e7f7fb418
"(3,1,0,0)","(3,1,0,0):iso-00010",5a03019daff39f9fd57ceaece934d1692d4ee54c6dbeec8456a94b2e8261d0ac,436,8adb727ead11c477ddfc0a648e8855826512edd0d60b2d9ff2116825fbf18daf
"(3,1,0,0)","(3,1,0,0):iso-00010",5a03019daff39f9fd57ceaece934d1692d4ee54c6dbeec8456a94b2e8261d0ac,436,ac58bd0f1953ad4ec7d464e1946559b6598138822d799736d28640cd90e92890
"(3,1,0,0)","(3,1,0,0):iso-00010",5a03019daff39f9fd57ceaece934d1692d4ee54c6dbeec8456a94b2e8261d0ac,436,07380e9615eeaa44cd7f657ecea809facfd2557ffea89e1cd61878cbd5235dad
"(3,1,0,0)","(3,1,0,0):iso-00010",5a03019daff39f9fd57ceaece934d1692d4ee54c6dbeec8456a94b2e8261d0ac,436,4adc5c982b248ea969ba25b7786b760dae11232f88895332411413fbca36c708
"(3,1,0,0)","(3,1,0,0):iso-00010",5a03019daff39f9fd57ceaece934d1692d4ee54c6dbeec8456a94b2e8261d0ac,436,6039ab68f7516598d66a23e3112ba8b350eb4a1f63584951b5559f7d4b3c20b5
"(3,1,0,0)","(3,1,0,0):iso-00010",5a03019daff39f9fd57ceaece934d1692d4ee54c6dbeec8456a94b2e8261d0ac,436,14f16d9366c54d54287821e5aafd29bc6a840eabfca543a8b7459cc834fc202e
"(3,1,0,0)","(3,1,0,0):iso-00010",5a03019daff39f9fd57ceaece934d1692d4ee54c6dbeec8456a94b2e8261d0ac,436,1421a0bc6e85094f67cf600c04459e303d7b89d59baefd0b166403f5f2a24c70
"(3,1,0,0)","(3,1,0,0):iso-00010",5a03019daff39f9fd57ceaece934d1692d4ee54c6dbeec8456a94b2e8261d0ac,436,f83cd10022a3ac827eb59f8b418c940cc98a17cab487aca95bff493d427a4ce7
"(3,1,0,0)","(3,1,0,0):iso-00010",5a03019daff39f9fd57ceaece934d1692d4ee54c6dbeec8456a94b2e8261d0ac,436,1e3efdcc23010d8366e0fd36edc0917655681111cf2610aaa64647d116e96623
"(3,1,0,0)","(3,1,0,0):iso-00010",5a03019daff39f9fd57ceaece934d1692d4ee54c6dbeec8456a94b2e8261d0ac,436,ac44d46023a9bc5a323b349733c719d151fcbee5f226be1caa9e09ac1f91e80c
"(3,1,0,0)","(3,1,0,0):iso-00010",5a03019daff39f9fd57ceaece934d1692d4ee54c6dbeec8456a94b2e8261d0ac,436,ac3cef72c80fc99bd0dd7325058f029fa47ad228a3eeb610bc573fea9a8a9cfe
"(3,1,0,0)","(3,1,0,0):iso-00010",5a03019daff39f9fd57ceaece934d1692d4ee54c6dbeec8456a94b2e8261d0ac,436,0e9aa101e10f5266fbbf0d24ae5bff6f8ae4f7b90ac15fe911ce247fb2729e56
"(3,1,0,0)","(3,1,0,0):iso-00010",5a03019daff39f9fd57ceaece934d1692d4ee54c6dbeec8456a94b2e8261d0ac,436,9f33ed9af5b2e72439ff1dcc334f1d6876f861d42a1f9cb8a9c1fe90b8d911ae
"(3,1,0,0)","(3,1,0,0):iso-00010",5a03019daff39f9fd57ceaece934d1692d4ee54c6dbeec8456a94b2e8261d0ac,436,eab6792aa8120506354bdc75a1906bb1c4e637c5e5e30f0c307a323b905e285c
"(3,1,0,0)","(3,1,0,0):iso-00010",5a03019daff39f9fd57ceaece934d1692d4ee54c6dbeec8456a94b2e8261d0ac,436,1103ed5232b4a0942ff8791e50e3e3f6e349713f2c759c4dc2ad2e19190c1c8a
"(3,1,0,0)","(3,1,0,0):iso-00010",5a03019daff39f9fd57ceaece934d1692d4ee54c6dbeec8456a94b2e8261d0ac,436,f36d5c0f4bbe8be5da168e5eb392a9afb00e3ed457c9c0a1a046960558472c50
"(3,1,0,0)","(3,1,0,0):iso-00010",5a03019daff39f9fd57ceaece934d1692d4ee54c6dbeec8456a94b2e8261d0ac,436,a292269c9a6c1e8be1517d626bbba101b17d84e41faa1b667c3740e27bbc6fb4
"(3,1,0,0)","(3,1,0,0):iso-00010",5a03019daff39f9fd57ceaece934d1692d4ee54c6dbeec8456a94b2e8261d0ac,436,2fabf0429d3d7e945b33561d11d00824aa35f160bff4554222d40b55cb1dc06c
"(3,1,0,0)","(3,1,0,0):iso-00010",5a03019daff39f9fd57ceaece934d1692d4ee54c6dbeec8456a94b2e8261d0ac,436,ed6de935f166387c4aba6945ee30ab07723df0aeae6af99a825d315e123d148c
"(3,1,0,0)","(3,1,0,0):iso-00010",5a03019daff39f9fd57ceaece934d1692d4ee54c6dbeec8456a94b2e8261d0ac,436,79ff0c70b18fafb25e3f6ef5facf44a2689c62d4bac21ebe0382b8cc3f27f34d
"(3,1,0,0)","(3,1,0,0):iso-00010",5a03019daff39f9fd57ceaece934d1692d4ee54c6dbeec8456a94b2e8261d0ac,436,f1ccd6d30f4c89b22e14d4994d81d1313b91060f108e4c146fe8b5c4a53722a6
"(3,1,0,0)","(3,1,0,0):iso-00010",5a03019daff39f9fd57ceaece934d1692d4ee54c6dbeec8456a94b2e8261d0ac,436,2959ab0bc76c2a55d9f18bb3705b5a35430ac636c3af11d5f531823c9136c873
"(3,1,0,0)","(3,1,0,0):iso-00010",5a03019daff39f9fd57ceaece934d1692d4ee54c6dbeec8456a94b2e8261d0ac,436,49a72ef2a7faa9757b48d29b7ad047fe7b5f49d87ea972115161ea8f47af91c6
"(3,1,0,0)","(3,1,0,0):iso-00010",5a03019daff39f9fd57ceaece934d1692d4ee54c6dbeec8456a94b2e8261d0ac,436,7d2f60a838f14508bb7144ed6f30716dea0faf1760a641976e14bc8800d51782
"(3,1,0,0)","(3,1,0,0):iso-00010",5a03019daff39f9fd57ceaece934d1692d4ee54c6dbeec8456a94b2e8261d0ac,436,ca54894c83378539ec94dca1d9528586f66432b1900ea673963e1b3318cab46d
"(3,1,0,0)","(3,1,0,0):iso-00010",5a03019daff39f9fd57ceaece934d1692d4ee54c6dbeec8456a94b2e8261d0ac,436,6689cab6d32f6b2674df0c35cd9cbfc2e3d5469626ae2c017cd8d6127631a436
"(3,1,0,0)","(3,1,0,0):iso-00010",5a03019daff39f9fd57ceaece934d1692d4ee54c6dbeec8456a94b2e8261d0ac,436,eae07d5ff68743cd576ef8028d93aa44e129237bfb837f0923686e4c09123299
"(3,1,0,0)","(3,1,0,0):iso-00010",5a03019daff39f9fd57ceaece934d1692d4ee54c6dbeec8456a94b2e8261d0ac,436,38ac4a50b2a299ebac96d53088264d5e0c34e9bd8fde34a1264cefff2e310c0d
"(3,1,0,0)","(3,1,0,0):iso-00010",5a03019daff39f9fd57ceaece934d1692d4ee54c6dbeec8456a94b2e8261d0ac,436,4bea299504735e5fd51a2ec1ef7cb45f6d69d3d4704fd44c21ac38b86e82b428
"(3,1,0,0)","(3,1,0,0):iso-00010",5a03019daff39f9fd57ceaece934d1692d4ee54c6dbeec8456a94b2e8261d0ac,436,5dfc6e46264f1275f3cb10c8848e51d01f736a8572a41edd000df783e408894a
"(3,1,0,0)","(3,1,0,0):iso-00010",5a03019daff39f9fd57ceaece934d1692d4ee54c6dbeec8456a94b2e8261d0ac,436,2b7abe11efaff6abbe1058f8ebe61047dd8b3ab4395a9709eefa47aa37e14a93
"(3,1,0,0)","(3,1,0,0):iso-00010",5a03019daff39f9fd57ceaece934d1692d4ee54c6dbeec8456a94b2e8261d0ac,436,80f0aca529c536056d75fdd739e05d7cd6a7349ecc15c816b11b25cfc79389b7
"(3,1,0,0)","(3,1,0,0):iso-00010",5a03019daff39f9fd57ceaece934d1692d4ee54c6dbeec8456a94b2e8261d0ac,436,cc046e05be72d4cd2c69b35c1cba09edf8b2cd67bd3415edeb3677641f63e1e1
"(3,1,0,0)","(3,1,0,0):iso-00010",5a03019daff39f9fd57ceaece934d1692d4ee54c6dbeec8456a94b2e8261d0ac,436,55f8bc8100a4652fb1c3766374b7b949cbb553780632c20e0654daaebb258a44
"(3,1,0,0)","(3,1,0,0):iso-00010",5a03019daff39f9fd57ceaece934d1692d4ee54c6dbeec8456a94b2e8261d0ac,436,9a59c6b5abfe0b09fdf5682171ff3a65787ade0139d4e78a32685600890cfa36
"(3,1,0,0)","(3,1,0,0):iso-00010",5a03019daff39f9fd57ceaece934d1692d4ee54c6dbeec8456a94b2e8261d0ac,436,0d139fe11c05c0417810e300ca709e2f32943a7e1044502fbdae9c10fb974915
"(3,1,0,0)","(3,1,0,0):iso-00010",5a03019daff39f9fd57ceaece934d1692d4ee54c6dbeec8456a94b2e8261d0ac,436,4a6ef10303e5f5b160339890b76117471794cddd6b41c3eb9d42bf31429dca2b
"(3,1,0,0)","(3,1,0,0):iso-00010",5a03019daff39f9fd57ceaece934d1692d4ee54c6dbeec8456a94b2e8261d0ac,436,5a2572506a988a856e2f3deda2af348badf489ed222c82a12f6680eccb7a25e7
"(3,1,0,0)","(3,1,0,0):iso-00010",5a03019daff39f9fd57ceaece934d1692d4ee54c6dbeec8456a94b2e8261d0ac,436,f5b126f8815219377bd7546e38f417ae3cdcee378cbb080390e1e9f4b65a4560
"(3,1,0,0)","(3,1,0,0):iso-00010",5a03019daff39f9fd57ceaece934d1692d4ee54c6dbeec8456a94b2e8261d0ac,436,c80663c234922bf3e13552e6c46a20696890eba44be90243b824937a7f4e6fb9
"(3,1,0,0)","(3,1,0,0):iso-00010",5a03019daff39f9fd57ceaece934d1692d4ee54c6dbeec8456a94b2e8261d0ac,436,f0e4500add5d8cada5a92f114bcd9fd92c4ef2874373454f84d25aa0784fb5e1
"(3,1,0,0)","(3,1,0,0):iso-00010",5a03019daff39f9fd57ceaece934d1692d4ee54c6dbeec8456a94b2e8261d0ac,436,c58d3b2f721cb7e0fe845864db36738fdbdf81704b0cb3500f9fe652147e092a
"(3,1,0,0)","(3,1,0,0):iso-00010",5a03019daff39f9fd57ceaece934d1692d4ee54c6dbeec8456a94b2e8261d0ac,436,43b0f93afbc8d2053e179edaf3bf7401fae2947ad77bb2d349a7e623d9407e16
"(3,1,0,0)","(3,1,0,0):iso-00010",5a03019daff39f9fd57ceaece934d1692d4ee54c6dbeec8456a94b2e8261d0ac,436,0b84e5d8b8e77c812b745d648fd13d34d65c57f66da9067c89f8cc0c02b358fc
"(3,1,0,0)","(3,1,0,0):iso-00010",5a03019daff39f9fd57ceaece934d1692d4ee54c6dbeec8456a94b2e8261d0ac,436,8cf82e41284ac3f035920f692a3f7f0c257d5202ef588244d0acc46e7d03e852
"(3,1,0,0)","(3,1,0,0):iso-00010",5a03019daff39f9fd57ceaece934d1692d4ee54c6dbeec8456a94b2e8261d0ac,436,23e833c7899bd171964bdae11a5f4a4141033bb2cdf93ccd7af2bb5120e66186
"(3,1,0,0)","(3,1,0,0):iso-00010",5a03019daff39f9fd57ceaece934d1692d4ee54c6dbeec8456a94b2e8261d0ac,436,1695e15d4fdc553a247873a39f2d05f716dff79965eacfcbcf9462fa8b62e1a3
"(3,1,0,0)","(3,1,0,0):iso-00010",5a03019daff39f9fd57ceaece934d1692d4ee54c6dbeec8456a94b2e8261d0ac,436,94b2a918b50a5e4f6d7ff01f5407448c73f7bb160a4f86d11adb70c0ffc5c73f
"(3,1,0,0)","(3,1,0,0):iso-00010",5a03019daff39f9fd57ceaece934d1692d4ee54c6dbeec8456a94b2e8261d0ac,436,5fa0c9f1d778a144787865490300a2feb08f487a3c30633f025c9892ca5bb909
"(3,1,0,0)","(3,1,0,0):iso-00010",5a03019daff39f9fd57ceaece934d1692d4ee54c6dbeec8456a94b2e8261d0ac,436,0434e1abde0c7050563f3e874f935951680f64e414d3f19881dd36de39646d63
"(3,1,0,0)","(3,1,0,0):iso-00010",5a03019daff39f9fd57ceaece934d1692d4ee54c6dbeec8456a94b2e8261d0ac,436,8e0dd932e39bd06087b06c52ca25643b85e99ed3eaf8c5f1677f69460d630318
"(3,1,0,0)","(3,1,0,0):iso-00010",5a03019daff39f9fd57ceaece934d1692d4ee54c6dbeec8456a94b2e8261d0ac,436,bf76350f35576da2f140fd7faea39473efc0fe2d0d230ffecded15fad1852143
"(3,1,0,0)","(3,1,0,0):iso-00010",5a03019daff39f9fd57ceaece934d1692d4ee54c6dbeec8456a94b2e8261d0ac,436,c3c6170999a7bc7dd7b4f44e31ba63824450fe40f787c8c98fc78db8fa00b39c
"(3,1,0,0)","(3,1,0,0):iso-00010",5a03019daff39f9fd57ceaece934d1692d4ee54c6dbeec8456a94b2e8261d0ac,436,d5845652f75dc9562ebe3a1bbbbafb76de0e5eff4ab8c8916e6b7cabc9e8ef59
"(3,1,0,0)","(3,1,0,0):iso-00010",5a03019daff39f9fd57ceaece934d1692d4ee54c6dbeec8456a94b2e8261d0ac,436,5e026c70fae12c9c2d3cb7023417a9659ff13f1452c2e48c38fe106de862e0ac
"(3,1,0,0)","(3,1,0,0):iso-00010",5a03019daff39f9fd57ceaece934d1692d4ee54c6dbeec8456a94b2e8261d0ac,436,dc28549614817cf2446baf705ed71d3516936ff44329eb18afc833ab4cc9428c
"(3,1,0,0)","(3,1,0,0):iso-00010",5a03019daff39f9fd57ceaece934d1692d4ee54c6dbeec8456a94b2e8261d0ac,436,85991ff80956965128d175dfa736c674de2a01047ae2a71cb7472134c312e37e
"(3,1,0,0)","(3,1,0,0):iso-00010",5a03019daff39f9fd57ceaece934d1692d4ee54c6dbeec8456a94b2e8261d0ac,436,778a3ff776bbd8784e7604da9e49957d389d55b1bdd2a5c19aa1c59bf0b71ebb
"(3,1,0,0)","(3,1,0,0):iso-00010",5a03019daff39f9fd57ceaece934d1692d4ee54c6dbeec8456a94b2e8261d0ac,436,4c06ed2daf220621a91e9558421a015772f83d052baf1fa61af5eb8ea5560ad4
"(3,1,0,0)","(3,1,0,0):iso-00010",5a03019daff39f9fd57ceaece934d1692d4ee54c6dbeec8456a94b2e8261d0ac,436,8086431e521be440f2cd0247cc27e9cc1cde08b66fd1942a27a4b5490dd74460
"(3,1,0,0)","(3,1,0,0):iso-00010",5a03019daff39f9fd57ceaece934d1692d4ee54c6dbeec8456a94b2e8261d0ac,436,ae90df635affca538bb403986f10211a8f51372f41c1c843a27535ed7eabc570
"(3,1,0,0)","(3,1,0,0):iso-00010",5a03019daff39f9fd57ceaece934d1692d4ee54c6dbeec8456a94b2e8261d0ac,436,d5e5020c72f765f4cc0a4b36d5a9c9f1501b152548878863027509a46a4db2eb
"(3,1,0,0)","(3,1,0,0):iso-00010",5a03019daff39f9fd57ceaece934d1692d4ee54c6dbeec8456a94b2e8261d0ac,436,1a1e4a40d4e4219aada8c6cd88693e6c43ae4e59631403905c5f78ffb7f06dab
"(3,1,0,0)","(3,1,0,0):iso-00010",5a03019daff39f9fd57ceaece934d1692d4ee54c6dbeec8456a94b2e8261d0ac,436,42a92a0168893c37131431717ee9c49cd37fb2d70b3e6c6a10a07b12443b1707
"(3,1,0,0)","(3,1,0,0):iso-00010",5a03019daff39f9fd57ceaece934d1692d4ee54c6dbeec8456a94b2e8261d0ac,436,31aab27e2b2c12da4a66cbfc7b3e9cdc2ccdbc2bbca2c2c5f3e014a996b34be5
"(3,1,0,0)","(3,1,0,0):iso-00010",5a03019daff39f9fd57ceaece934d1692d4ee54c6dbeec8456a94b2e8261d0ac,436,0a0d0bad92f52d2aa9514f4df14db3f979b0a1fd26ed7949d1dd962231a09438
"(3,1,0,0)","(3,1,0,0):iso-00010",5a03019daff39f9fd57ceaece934d1692d4ee54c6dbeec8456a94b2e8261d0ac,436,1620ea364d0243463abd8ffe5e43d7028e6c0df7a9c3834263c9f8498cc11acd
"(3,1,0,0)","(3,1,0,0):iso-00010",5a03019daff39f9fd57ceaece934d1692d4ee54c6dbeec8456a94b2e8261d0ac,436,d0db65816bdf81fa17a1bc409660f5c40b7e2f08c302c8230782617784c8cd0f
"(3,1,0,0)","(3,1,0,0):iso-00010",5a03019daff39f9fd57ceaece934d1692d4ee54c6dbeec8456a94b2e8261d0ac,436,752ab6c3caef5566d85452d04fdddf70f54f17906439e64f350f853e499fa8c0
"(3,1,0,0)","(3,1,0,0):iso-00010",5a03019daff39f9fd57ceaece934d1692d4ee54c6dbeec8456a94b2e8261d0ac,436,21c8fdeb0c6172b8c947c00b5b91188ab6b6a5c1cd77c13eca766708a9998b3a
"(3,1,0,0)","(3,1,0,0):iso-00010",5a03019daff39f9fd57ceaece934d1692d4ee54c6dbeec8456a94b2e8261d0ac,436,9da0cbdb1aa65b9b9713c65cff7d58c407bbdcac09b599e02b76b0bb8394f8ae
"(3,1,0,0)","(3,1,0,0):iso-00010",5a03019daff39f9fd57ceaece934d1692d4ee54c6dbeec8456a94b2e8261d0ac,436,f21f16ef0f82c19e2a3ff23230c7ed1bd03261a421c944081b09c705e2b0c8f8
"(3,1,0,0)","(3,1,0,0):iso-00010",5a03019daff39f9fd57ceaece934d1692d4ee54c6dbeec8456a94b2e8261d0ac,436,786d0ba07571362a92a07f346f954a1bf38181250fa89610c0a2f45528e3bb4c
"(3,1,0,0)","(3,1,0,0):iso-00010",5a03019daff39f9fd57ceaece934d1692d4ee54c6dbeec8456a94b2e8261d0ac,436,beee4c533b4322cfbc4fcbf300d7de1b356f3b9a00cc46f8a57320520272a957
"(3,1,0,0)","(3,1,0,0):iso-00010",5a03019daff39f9fd57ceaece934d1692d4ee54c6dbeec8456a94b2e8261d0ac,436,d01fcafaf9982431ea833657f226117b7e2fcb9400575e7cdd78f579d6224fd3
"(3,1,0,0)","(3,1,0,0):iso-00010",5a03019daff39f9fd57ceaece934d1692d4ee54c6dbeec8456a94b2e8261d0ac,436,1908f61f28c962ff121a693f9402c6efaac744bb875ff0929ec098d9e4d51a92
"(3,1,0,0)","(3,1,0,0):iso-00010",5a03019daff39f9fd57ceaece934d1692d4ee54c6dbeec8456a94b2e8261d0ac,436,fe5221a4913b703a9e3af63e8ce308976152a367ebfd2a103546064aee4af2d9
"(3,1,0,0)","(3,1,0,0):iso-00010",5a03019daff39f9fd57ceaece934d1692d4ee54c6dbeec8456a94b2e8261d0ac,436,db8e95baee801085b12fb71a810fe651379ff53624fa6046c66588d8dfe44068
"(3,1,0,0)","(3,1,0,0):iso-00010",5a03019daff39f9fd57ceaece934d1692d4ee54c6dbeec8456a94b2e8261d0ac,436,b8972b9da09dd9ebb844b0569c995c2c60afa535de08521c6a7be78274631736
"(3,1,0,0)","(3,1,0,0):iso-00010",5a03019daff39f9fd57ceaece934d1692d4ee54c6dbeec8456a94b2e8261d0ac,436,4839fcec17a69b83f9f2c4f20e26868cb8f844ffe58350ddeeff4d32ce359d53
"(3,1,0,0)","(3,1,0,0):iso-00010",5a03019daff39f9fd57ceaece934d1692d4ee54c6dbeec8456a94b2e8261d0ac,436,e43db02d098f82cc0efe77d765cc72ce3910915dccb73b244db965bbb0212a52
"(3,1,0,0)","(3,1,0,0):iso-00010",5a03019daff39f9fd57ceaece934d1692d4ee54c6dbeec8456a94b2e8261d0ac,436,d0810536767e3a2d7c9fb095d6e6ec76dc5a3e6cace74eb39b7bf42a91029926
"(3,1,0,0)","(3,1,0,0):iso-00010",5a03019daff39f9fd57ceaece934d1692d4ee54c6dbeec8456a94b2e8261d0ac,436,de5903f5c4b86b595bf6f6ee2ac835e4996c4c76f0fc0850b72308829518fa44
"(3,1,0,0)","(3,1,0,0):iso-00010",5a03019daff39f9fd57ceaece934d1692d4ee54c6dbeec8456a94b2e8261d0ac,436,ad28a2375e7306f0a6a4eb807da8255deeab344c1ad13f97575842946fba51a3
"(3,1,0,0)","(3,1,0,0):iso-00010",5a03019daff39f9fd57ceaece934d1692d4ee54c6dbeec8456a94b2e8261d0ac,436,3b2a0b56c4eee07bc8e6eb410951ce895e3aecc790a80244ac79f8e99dccdcf2
"(3,1,0,0)","(3,1,0,0):iso-00010",5a03019daff39f9fd57ceaece934d1692d4ee54c6dbeec8456a94b2e8261d0ac,436,7a5cf7efb9de276fd89cbc97c344294e49cf53aa5c659a2d2be29180aee284b0
"(3,1,0,0)","(3,1,0,0):iso-00010",5a03019daff39f9fd57ceaece934d1692d4ee54c6dbeec8456a94b2e8261d0ac,436,0eaafd507f42d1aae554bf5c971ac87886cbc92d8b4eef8c6ee91fdce6779cb4
"(3,1,0,0)","(3,1,0,0):iso-00010",5a03019daff39f9fd57ceaece934d1692d4ee54c6dbeec8456a94b2e8261d0ac,436,b568e850cfacb4f15b67c742f7aad32da4a12163e55de573a72f57b367033f2e
"(3,1,0,0)","(3,1,0,0):iso-00010",5a03019daff39f9fd57ceaece934d1692d4ee54c6dbeec8456a94b2e8261d0ac,436,b9142fc252989e6ff65da8bb07fb2720f9a2d138e6f4f057d172ddbb1686bbef
"(3,1,0,0)","(3,1,0,0):iso-00010",5a03019daff39f9fd57ceaece934d1692d4ee54c6dbeec8456a94b2e8261d0ac,436,32d6caf138f421aac49c2aa4724fbc0df09704758631538019340a17d07dea3d
"(3,1,0,0)","(3,1,0,0):iso-00010",5a03019daff39f9fd57ceaece934d1692d4ee54c6dbeec8456a94b2e8261d0ac,436,1fce937f4ece4f23ea0c41adf53a8a347d2ebb1c601219eb3ddfb8ad0478d9d9
"(3,1,0,0)","(3,1,0,0):iso-00010",5a03019daff39f9fd57ceaece934d1692d4ee54c6dbeec8456a94b2e8261d0ac,436,70291049150583e8b9a6269b7245f80ee37f8229fd522720a3c8818ea603bd68
"(3,1,0,0)","(3,1,0,0):iso-00010",5a03019daff39f9fd57ceaece934d1692d4ee54c6dbeec8456a94b2e8261d0ac,436,62f1e59efbca76d382de60ddbdc862133cde193e19f072ee34cdc06774317866
"(3,1,0,0)","(3,1,0,0):iso-00010",5a03019daff39f9fd57ceaece934d1692d4ee54c6dbeec8456a94b2e8261d0ac,436,65fba202e482e08b68aeb7347e7916da85566b3a36a89f8b7a651d68a461863c
"(3,1,0,0)","(3,1,0,0):iso-00010",5a03019daff39f9fd57ceaece934d1692d4ee54c6dbeec8456a94b2e8261d0ac,436,01025e3079140b8fafc115289899e70bc00c3c96364255b7a7df722d6fca2dc0
"(3,1,0,0)","(3,1,0,0):iso-00010",5a03019daff39f9fd57ceaece934d1692d4ee54c6dbeec8456a94b2e8261d0ac,436,fff0f0e4148abc4eef361fc074c9bc93d06fdd07935ef642a16a38a5089c4e56
"(3,1,0,0)","(3,1,0,0):iso-00010",5a03019daff39f9fd57ceaece934d1692d4ee54c6dbeec8456a94b2e8261d0ac,436,e9e70fe366ce8ec49819a6a9e905d74f15bf18cb9c52d4b6d883564484a27bf1
"(3,1,0,0)","(3,1,0,0):iso-00010",5a03019daff39f9fd57ceaece934d1692d4ee54c6dbeec8456a94b2e8261d0ac,436,0e16edbefc77017900248475b887b3b83d32a3f433cf6b7e2c4c31d7234db051
"(3,1,0,0)","(3,1,0,0):iso-00010",5a03019daff39f9fd57ceaece934d1692d4ee54c6dbeec8456a94b2e8261d0ac,436,7542976bf78bf52620842ee4073d72c7a2dcff3ff15cb14751d7a43b1f11df50
"(3,1,0,0)","(3,1,0,0):iso-00010",5a03019daff39f9fd57ceaece934d1692d4ee54c6dbeec8456a94b2e8261d0ac,436,be98d3ea5ff064f766c32d7c09b3ed33f11dcba56a61af304b099ec4960daf20
"(3,1,0,0)","(3,1,0,0):iso-00010",5a03019daff39f9fd57ceaece934d1692d4ee54c6dbeec8456a94b2e8261d0ac,436,6d164e1211e219907b014393abb62d205270b8e4d07f27a58fb034ef69a67b2a
"(3,1,0,0)","(3,1,0,0):iso-00010",5a03019daff39f9fd57ceaece934d1692d4ee54c6dbeec8456a94b2e8261d0ac,436,4e501f97e7e076f1d45efc6a13dc9b1d793eb74d1d42c97899d57d11db3d2472
"(3,1,0,0)","(3,1,0,0):iso-00010",5a03019daff39f9fd57ceaece934d1692d4ee54c6dbeec8456a94b2e8261d0ac,436,f43058223d2ddb8fcbc7d9927603bd47a78e46ebb25d2f51c72b0bf7907f87a3
"(3,1,0,0)","(3,1,0,0):iso-00010",5a03019daff39f9fd57ceaece934d1692d4ee54c6dbeec8456a94b2e8261d0ac,436,84b9beebaca807a37d7b447347a0a718859260984f93b90c5da04d460ac66ddb
"(3,1,0,0)","(3,1,0,0):iso-00010",5a03019daff39f9fd57ceaece934d1692d4ee54c6dbeec8456a94b2e8261d0ac,436,16cc9dc70683c5f8b19cc049e7ee87275eaa5fc104ee6a44e48d00fa73b3c8e9
"(3,1,0,0)","(3,1,0,0):iso-00010",5a03019daff39f9fd57ceaece934d1692d4ee54c6dbeec8456a94b2e8261d0ac,436,e5119c9c80380fbd1c7659c3d84986805d203231b5484b4b0c72d889edd19ae6
"(3,1,0,0)","(3,1,0,0):iso-00010",5a03019daff39f9fd57ceaece934d1692d4ee54c6dbeec8456a94b2e8261d0ac,436,8c7e331bca67fd48f50fdd604a3665498803a38ae77b85f39f0137cd74d7d95f
"(3,1,0,0)","(3,1,0,0):iso-00010",5a03019daff39f9fd57ceaece934d1692d4ee54c6dbeec8456a94b2e8261d0ac,436,3eca427ea2045c2e76a122580265bc302c74ed4416efee8ec7f5641af5d4c761
"(3,1,0,0)","(3,1,0,0):iso-00010",5a03019daff39f9fd57ceaece934d1692d4ee54c6dbeec8456a94b2e8261d0ac,436,7d7feeedf014595013b3b4d4853641640f538f23247b4f2795e0d818f42b867a
"(3,1,0,0)","(3,1,0,0):iso-00010",5a03019daff39f9fd57ceaece934d1692d4ee54c6dbeec8456a94b2e8261d0ac,436,89bfe8ed7631de23ca04799d8529222000efd397331fb579cb29f2515aa8e908
"(3,1,0,0)","(3,1,0,0):iso-00010",5a03019daff39f9fd57ceaece934d1692d4ee54c6dbeec8456a94b2e8261d0ac,436,956afa0609711436d13eb835ca8025c488d4383aa48cb945373ffc10ce564402
"(3,1,0,0)","(3,1,0,0):iso-00010",5a03019daff39f9fd57ceaece934d1692d4ee54c6dbeec8456a94b2e8261d0ac,436,9ad127ffe91048a747733e7f67ebcf73ab1a567c0b02949913f7488da01a1660
"(3,1,0,0)","(3,1,0,0):iso-00010",5a03019daff39f9fd57ceaece934d1692d4ee54c6dbeec8456a94b2e8261d0ac,436,7904166d79d76befdd3a391179b5cd381b43000fa503b0ecd577480948546cfb
"(3,1,0,0)","(3,1,0,0):iso-00010",5a03019daff39f9fd57ceaece934d1692d4ee54c6dbeec8456a94b2e8261d0ac,436,4a2f4a8868c705030505261dc9eb5be91af668e91462893019ae7c264b3fedc0
"(3,1,0,0)","(3,1,0,0):iso-00010",5a03019daff39f9fd57ceaece934d1692d4ee54c6dbeec8456a94b2e8261d0ac,436,ab292ce7d1dda3128120880b91dd3cd61f2d9d90e7e7a2bf0342a2f4a6334175
"(3,1,0,0)","(3,1,0,0):iso-00010",5a03019daff39f9fd57ceaece934d1692d4ee54c6dbeec8456a94b2e8261d0ac,436,28f5f4df365fab292b19eeaa63727a52cdfec814cf549ff04751e3b4078156be
"(3,1,0,0)","(3,1,0,0):iso-00010",5a03019daff39f9fd57ceaece934d1692d4ee54c6dbeec8456a94b2e8261d0ac,436,267ce984e5b736b89f48318dd5ae36b6ed8d533a66f18fa83360f055ec156a60
"(3,1,0,0)","(3,1,0,0):iso-00010",5a03019daff39f9fd57ceaece934d1692d4ee54c6dbeec8456a94b2e8261d0ac,436,f9a70bef041c30bedbc827ddfa367796ed64401b3b3e2e5fae0d4c736257f1bb
"(3,1,0,0)","(3,1,0,0):iso-00010",5a03019daff39f9fd57ceaece934d1692d4ee54c6dbeec8456a94b2e8261d0ac,436,a0b8599831fc83bd47a16f9ea180fb0ad63359f1fa7a8dd2aceabc7861b66be7
"(3,1,0,0)","(3,1,0,0):iso-00010",5a03019daff39f9fd57ceaece934d1692d4ee54c6dbeec8456a94b2e8261d0ac,436,e61f5e343be9edc85c56c78d9fa61683993104aa6879e681214623b17d85262a
"(3,1,0,0)","(3,1,0,0):iso-00010",5a03019daff39f9fd57ceaece934d1692d4ee54c6dbeec8456a94b2e8261d0ac,436,ce875cac646ea2d5ec941ccc2afaab8b6fd423ad8e89a8505566876312e66178
"(3,1,0,0)","(3,1,0,0):iso-00010",5a03019daff39f9fd57ceaece934d1692d4ee54c6dbeec8456a94b2e8261d0ac,436,06e75f0ebcf6b0a2319d1641af6d47f094639bbe64c6cd0b411e29ad8f63275d
"(3,1,0,0)","(3,1,0,0):iso-00010",5a03019daff39f9fd57ceaece934d1692d4ee54c6dbeec8456a94b2e8261d0ac,436,e3cb85286cac4df094ac5ed34b202d688d72cd5c1bc3fa3124afd017fbda0c39
"(3,1,0,0)","(3,1,0,0):iso-00010",5a03019daff39f9fd57ceaece934d1692d4ee54c6dbeec8456a94b2e8261d0ac,436,1f5aea0cac53a554f452be81b12396c7f7c1f0bf4374be143a0b39ec7fdb4ceb
"(3,1,0,0)","(3,1,0,0):iso-00010",5a03019daff39f9fd57ceaece934d1692d4ee54c6dbeec8456a94b2e8261d0ac,436,6a0bbe495f97a6fa5b06edcf3036602a7a0182332069137b74994746f1e02112
"(3,1,0,0)","(3,1,0,0):iso-00010",5a03019daff39f9fd57ceaece934d1692d4ee54c6dbeec8456a94b2e8261d0ac,436,1066d2f120b99eb4f870bb16ce99cd9e54113e50550c65d3f203fd19ab731dae
"(3,1,0,0)","(3,1,0,0):iso-00010",5a03019daff39f9fd57ceaece934d1692d4ee54c6dbeec8456a94b2e8261d0ac,436,424539f022116d80ec9a1b46dc0faa0e1933d3affbc238a4b0d4273a2415bd0e
"(3,1,0,0)","(3,1,0,0):iso-00010",5a03019daff39f9fd57ceaece934d1692d4ee54c6dbeec8456a94b2e8261d0ac,436,ea3500174deb4db4ba709f4677587b2dfbc24fb4bb8a05ba05518c3cbf95fd28
"(3,1,0,0)","(3,1,0,0):iso-00010",5a03019daff39f9fd57ceaece934d1692d4ee54c6dbeec8456a94b2e8261d0ac,436,188245978313c76ab8a8bd4e005819d133f7ba03902176e0409911a8f970fa20
"(3,1,0,0)","(3,1,0,0):iso-00010",5a03019daff39f9fd57ceaece934d1692d4ee54c6dbeec8456a94b2e8261d0ac,436,1d421b24a3c3b47d4cd6b335d6da8f11f802781d3a8dc443cc3d1dffa96c1b1f
"(3,1,0,0)","(3,1,0,0):iso-00010",5a03019daff39f9fd57ceaece934d1692d4ee54c6dbeec8456a94b2e8261d0ac,436,53549b90cbc3512a83ecbb3153214ebf3106bbf1e3d3d8e26fe70bf703cf9496
"(3,1,0,0)","(3,1,0,0):iso-00010",5a03019daff39f9fd57ceaece934d1692d4ee54c6dbeec8456a94b2e8261d0ac,436,c2893523d5f56d4cf538b212327274a197844b9bfcd74e57fa73e7553a7b5f12
"(3,1,0,0)","(3,1,0,0):iso-00010",5a03019daff39f9fd57ceaece934d1692d4ee54c6dbeec8456a94b2e8261d0ac,436,7e95fa6b462d4cb3d73c1cdeb4b4e50723b36116d9c5b5323c1309c7ff094301
"(3,1,0,0)","(3,1,0,0):iso-00010",5a03019daff39f9fd57ceaece934d1692d4ee54c6dbeec8456a94b2e8261d0ac,436,ad37b1cbb09ad996046b3473dcd7be8fced35cde5c3a9022772878a7542fcf97
"(3,1,0,0)","(3,1,0,0):iso-00010",5a03019daff39f9fd57ceaece934d1692d4ee54c6dbeec8456a94b2e8261d0ac,436,53e456de259f484348b7337192ce8ff6c8fed24a3b9d01c6bb441d24d8f22f69
"(3,1,0,0)","(3,1,0,0):iso-00010",5a03019daff39f9fd57ceaece934d1692d4ee54c6dbeec8456a94b2e8261d0ac,436,00768b2133092c210bde8220f8707b9fffa7910546de58b7413a7f885ed96d45
"(3,1,0,0)","(3,1,0,0):iso-00010",5a03019daff39f9fd57ceaece934d1692d4ee54c6dbeec8456a94b2e8261d0ac,436,03f84f541d24e093ed53c42f3bf1559e8b79bd0ed13c6dec13f8fe1e9bfe6f28
"(3,1,0,0)","(3,1,0,0):iso-00010",5a03019daff39f9fd57ceaece934d1692d4ee54c6dbeec8456a94b2e8261d0ac,436,1efbab3c5c310340515047480e720cce237fc67582ab1e94e0747b0e82074bb6
"(3,1,0,0)","(3,1,0,0):iso-00010",5a03019daff39f9fd57ceaece934d1692d4ee54c6dbeec8456a94b2e8261d0ac,436,fcdc6be8e5e4b8bdc12b11fb88040ba1dcb246dbc47173efed53873450fd731e
"(3,1,0,0)","(3,1,0,0):iso-00010",5a03019daff39f9fd57ceaece934d1692d4ee54c6dbeec8456a94b2e8261d0ac,436,108190b5a374d2cd46bc48c092aa0c668a310b67443279f5543f0da73344e7ef
"(3,1,0,0)","(3,1,0,0):iso-00010",5a03019daff39f9fd57ceaece934d1692d4ee54c6dbeec8456a94b2e8261d0ac,436,869900e4157c25099681b25440506b0007437e8e391beb471e58241f72671286
"(3,1,0,0)","(3,1,0,0):iso-00010",5a03019daff39f9fd57ceaece934d1692d4ee54c6dbeec8456a94b2e8261d0ac,436,57d2a643528f0796cf0b446ca8ecce476ae2b3a4b4298e36454058b787fc8650
"(3,1,0,0)","(3,1,0,0):iso-00010",5a03019daff39f9fd57ceaece934d1692d4ee54c6dbeec8456a94b2e8261d0ac,436,284021306d051d67334ab5199857cbb4c15ca0f6db100fcfbf6b9fabf7acd033
"(3,1,0,0)","(3,1,0,0):iso-00010",5a03019daff39f9fd57ceaece934d1692d4ee54c6dbeec8456a94b2e8261d0ac,436,c2290f5b850089f5d31018ec9d74326d41e924c301eece844b891a37b81f08db
"(3,1,0,0)","(3,1,0,0):iso-00010",5a03019daff39f9fd57ceaece934d1692d4ee54c6dbeec8456a94b2e8261d0ac,436,ae8d4df7fd8b4972f0dadbe960ee3b99c2e4be6aad364dca6adfb44a9a2f6777
"(3,1,0,0)","(3,1,0,0):iso-00010",5a03019daff39f9fd57ceaece934d1692d4ee54c6dbeec8456a94b2e8261d0ac,436,c53d7831fdec7fd2f91a6f71d41ff12006f47c61d81a15178ba6b22abd14c006
"(3,1,0,0)","(3,1,0,0):iso-00010",5a03019daff39f9fd57ceaece934d1692d4ee54c6dbeec8456a94b2e8261d0ac,436,6b65ed365dbdc70cf283f1715e7425670508919783582545a594ecacf7fe0d5a
"(3,1,0,0)","(3,1,0,0):iso-00010",5a03019daff39f9fd57ceaece934d1692d4ee54c6dbeec8456a94b2e8261d0ac,436,74c71f7192e8331fa8e4f49aae89dde39432b6274e7b29b6d7f44d0ef2ff61cb
"(3,1,0,0)","(3,1,0,0):iso-00010",5a03019daff39f9fd57ceaece934d1692d4ee54c6dbeec8456a94b2e8261d0ac,436,0b17abf8890390334757eb3519b0cae16683673ef4aaf66917c9e89adb36d029
"(3,1,0,0)","(3,1,0,0):iso-00010",5a03019daff39f9fd57ceaece934d1692d4ee54c6dbeec8456a94b2e8261d0ac,436,89d82d6b0009ca53e922ea7183b722bfb31bc4e58e7e3d841e809abdd40ea97e
"(3,1,0,0)","(3,1,0,0):iso-00010",5a03019daff39f9fd57ceaece934d1692d4ee54c6dbeec8456a94b2e8261d0ac,436,fd9219cdacbf305661592546c948196171472e723c1e9c50843678fbe1788a97
"(3,1,0,0)","(3,1,0,0):iso-00010",5a03019daff39f9fd57ceaece934d1692d4ee54c6dbeec8456a94b2e8261d0ac,436,2450dede2bc387ec2e388056413a7486096dd5ad851ff49b1734bd5daffa33f4
"(3,1,0,0)","(3,1,0,0):iso-00010",5a03019daff39f9fd57ceaece934d1692d4ee54c6dbeec8456a94b2e8261d0ac,436,3fdd5c312bef0ed2a615d6a1acf60769d66a6988a43ac2c2763375a3e4a814a2
"(3,1,0,0)","(3,1,0,0):iso-00010",5a03019daff39f9fd57ceaece934d1692d4ee54c6dbeec8456a94b2e8261d0ac,436,863f352631e8332a09469357aae3e116b9f93678e26db28aca4cf68234f41276
"(3,1,0,0)","(3,1,0,0):iso-00010",5a03019daff39f9fd57ceaece934d1692d4ee54c6dbeec8456a94b2e8261d0ac,436,423dade5a6801a1360e6ae37952eb400f4e30b357af46a4bacd32813c05365cb
"(3,1,0,0)","(3,1,0,0):iso-00010",5a03019daff39f9fd57ceaece934d1692d4ee54c6dbeec8456a94b2e8261d0ac,436,bd9b1e0a77fbd400465f0cd2619e407b12f6d51f0109a6c1934ed21529e3075a
"(3,1,0,0)","(3,1,0,0):iso-00010",5a03019daff39f9fd57ceaece934d1692d4ee54c6dbeec8456a94b2e8261d0ac,436,3903b94c68e0854d30ea17f6d090ee310821f39d5a4f56c4e34591bd8e047a2e
"(3,1,0,0)","(3,1,0,0):iso-00010",5a03019daff39f9fd57ceaece934d1692d4ee54c6dbeec8456a94b2e8261d0ac,436,db8c79541fe28ffadd8bc210136d1afa340de92699ffd2980269d5ac977d9d67
"(3,1,0,0)","(3,1,0,0):iso-00010",5a03019daff39f9fd57ceaece934d1692d4ee54c6dbeec8456a94b2e8261d0ac,436,b7b42b498cf422ef89cb503d5f9beb527e597e1122423f25bf4760b1bb788bfc
"(3,1,0,0)","(3,1,0,0):iso-00010",5a03019daff39f9fd57ceaece934d1692d4ee54c6dbeec8456a94b2e8261d0ac,436,9f76604f5d7a52805590ceafc5061be8d65027f422b19dd21a4e295a55e52336
"(3,1,0,0)","(3,1,0,0):iso-00010",5a03019daff39f9fd57ceaece934d1692d4ee54c6dbeec8456a94b2e8261d0ac,436,16632694ea902d2f6482986152d069e8ac0e47903111696992001af06467cfb5
"(3,1,0,0)","(3,1,0,0):iso-00010",5a03019daff39f9fd57ceaece934d1692d4ee54c6dbeec8456a94b2e8261d0ac,436,6afffbc3e47063537d8009b028836c41d8a2ccb994aac485a187bc7f20137b47
"(3,1,0,0)","(3,1,0,0):iso-00010",5a03019daff39f9fd57ceaece934d1692d4ee54c6dbeec8456a94b2e8261d0ac,436,8a3084b592c4bd47dd41330368ee7ff74c3c912a3072bda60821e8d4e46a5f52
"(3,1,0,0)","(3,1,0,0):iso-00010",5a03019daff39f9fd57ceaece934d1692d4ee54c6dbeec8456a94b2e8261d0ac,436,fc6183afd6f6490a46ec8fa6bb01b59c54ff10251f4cabf53326b5ed5db22775
"(3,1,0,0)","(3,1,0,0):iso-00010",5a03019daff39f9fd57ceaece934d1692d4ee54c6dbeec8456a94b2e8261d0ac,436,f01c15e1debdefefc0de6e40c691ed4eb2aa62633237cc7faab552fc0ed892f0
"(3,1,0,0)","(3,1,0,0):iso-00010",5a03019daff39f9fd57ceaece934d1692d4ee54c6dbeec8456a94b2e8261d0ac,436,1c37ef7315792f41b877b2c1e66b3bfe86197d9aba3fef6e0d1b492d70870c58
"(3,1,0,0)","(3,1,0,0):iso-00010",5a03019daff39f9fd57ceaece934d1692d4ee54c6dbeec8456a94b2e8261d0ac,436,ad88040c857e8b884e6bbbe63a7c06a19f6b509759eaf018029ed5d848540ec4
"(3,1,0,0)","(3,1,0,0):iso-00010",5a03019daff39f9fd57ceaece934d1692d4ee54c6dbeec8456a94b2e8261d0ac,436,b226a825cd699322e31a2c84ae1111b49f64ad8221aaa62e865b553ac2df28bf
"(3,1,0,0)","(3,1,0,0):iso-00010",5a03019daff39f9fd57ceaece934d1692d4ee54c6dbeec8456a94b2e8261d0ac,436,15ccf8df494e4c4ec65e7ba4db5e170acf666f0d77a074191517cb98bca081c7
"(3,1,0,0)","(3,1,0,0):iso-00010",5a03019daff39f9fd57ceaece934d1692d4ee54c6dbeec8456a94b2e8261d0ac,436,b661fc7207b88d5e3746678c7d65e4795824a45c3d415b5a07b05163285f380d
"(3,1,0,0)","(3,1,0,0):iso-00010",5a03019daff39f9fd57ceaece934d1692d4ee54c6dbeec8456a94b2e8261d0ac,436,d8f7373e0606e31682a48cbc8108d0de8eb33d4f9ff3024a5e4c2c71973b150c
"(3,1,0,0)","(3,1,0,0):iso-00010",5a03019daff39f9fd57ceaece934d1692d4ee54c6dbeec8456a94b2e8261d0ac,436,728915816792280a7ccaffba8632016e2d6dfc64302a01481fc6f935bcbac0e1
"(3,1,0,0)","(3,1,0,0):iso-00010",5a03019daff39f9fd57ceaece934d1692d4ee54c6dbeec8456a94b2e8261d0ac,436,c45cad25dcbdc4acb46b6bc538ddc1493b096bf2e79b0c90eb0643c8012b274f
"(3,1,0,0)","(3,1,0,0):iso-00010",5a03019daff39f9fd57ceaece934d1692d4ee54c6dbeec8456a94b2e8261d0ac,436,92ea5f53d4e1813fabaa0794f2a51d131cb08bd6557060d7505d582641bc529c
"(3,1,0,0)","(3,1,0,0):iso-00010",5a03019daff39f9fd57ceaece934d1692d4ee54c6dbeec8456a94b2e8261d0ac,436,15ad1a20b830b6f5c21d0bda788ba0ec7f5c709c0720893b124a7f7c1c0257ec
"(3,1,0,0)","(3,1,0,0):iso-00010",5a03019daff39f9fd57ceaece934d1692d4ee54c6dbeec8456a94b2e8261d0ac,436,fc141658cbbd5f12ef965c37b2281dff3515e35fe340ee1b33916c07e7f9038d
"(3,1,0,0)","(3,1,0,0):iso-00010",5a03019daff39f9fd57ceaece934d1692d4ee54c6dbeec8456a94b2e8261d0ac,436,5fa2f9afe2ff6f3aa48cffd69cc8649bd20f44399111b1189049d80a6ca4c120
"(3,1,0,0)","(3,1,0,0):iso-00010",5a03019daff39f9fd57ceaece934d1692d4ee54c6dbeec8456a94b2e8261d0ac,436,cd257a482c037c8519d0a0e1c86b58730be1baac52f5f78ff9f6e3022e273ef6
"(3,1,0,0)","(3,1,0,0):iso-00010",5a03019daff39f9fd57ceaece934d1692d4ee54c6dbeec8456a94b2e8261d0ac,436,a76410a440aa2ebcd3e97e52e61f155c44d50e270ba51572240f0fc3ffa2739c
"(3,1,0,0)","(3,1,0,0):iso-00010",5a03019daff39f9fd57ceaece934d1692d4ee54c6dbeec8456a94b2e8261d0ac,436,72e33b47e33cb5deec86d99b81e9da12fdb0cfc0061dd57c340cdf2ef3e6d7f0
"(3,1,0,0)","(3,1,0,0):iso-00010",5a03019daff39f9fd57ceaece934d1692d4ee54c6dbeec8456a94b2e8261d0ac,436,ce3bf8f8ad3c6d546651a73a52d48f0be66451ca35db9b3fd27d86113587b95e
"(3,1,0,0)","(3,1,0,0):iso-00010",5a03019daff39f9fd57ceaece934d1692d4ee54c6dbeec8456a94b2e8261d0ac,436,6fa9ac18d1fa4e4613c04c239e3e36449306eddd4af4e890db95d0881c63549c
"(3,1,0,0)","(3,1,0,0):iso-00010",5a03019daff39f9fd57ceaece934d1692d4ee54c6dbeec8456a94b2e8261d0ac,436,95908a8f7885f10c4f2981b83d2c0a2594de9a4617775c084577bf5d61fb7e89
"(3,1,0,0)","(3,1,0,0):iso-00010",5a03019daff39f9fd57ceaece934d1692d4ee54c6dbeec8456a94b2e8261d0ac,436,5e44fc80172c2fe0601b9136e66c64b65b002dd5c369f19f586d448b781d01b7
"(3,1,0,0)","(3,1,0,0):iso-00010",5a03019daff39f9fd57ceaece934d1692d4ee54c6dbeec8456a94b2e8261d0ac,436,2c970132bddbdbca6262ab674eaa5b811b81eb8588922b1b1c78cf89c2707a51
"(3,1,0,0)","(3,1,0,0):iso-00010",5a03019daff39f9fd57ceaece934d1692d4ee54c6dbeec8456a94b2e8261d0ac,436,7ef57628f607136671e61b14887e9101a7b2475a2775d5d27b4eadd073dcfb6a
"(3,1,0,0)","(3,1,0,0):iso-00010",5a03019daff39f9fd57ceaece934d1692d4ee54c6dbeec8456a94b2e8261d0ac,436,8005084c3e98cc2f387875bd504e0c171d4ecd36984cb179b94dac737cf34881
"(3,1,0,0)","(3,1,0,0):iso-00010",5a03019daff39f9fd57ceaece934d1692d4ee54c6dbeec8456a94b2e8261d0ac,436,598f837f56928cd08735bd74f107a6b8c9d912dd7dec487986cebd34354a6624
"(3,1,0,0)","(3,1,0,0):iso-00010",5a03019daff39f9fd57ceaece934d1692d4ee54c6dbeec8456a94b2e8261d0ac,436,1ad012b70bb180d58503b2f08480440336a59dd37a269a6ab09d66e42745dafb
"(3,1,0,0)","(3,1,0,0):iso-00010",5a03019daff39f9fd57ceaece934d1692d4ee54c6dbeec8456a94b2e8261d0ac,436,6f8ccbe1ac1f16e448c6b4cee6d672c4ca4fbc1b19b142aec3986c49b6068173
"(3,1,0,0)","(3,1,0,0):iso-00010",5a03019daff39f9fd57ceaece934d1692d4ee54c6dbeec8456a94b2e8261d0ac,436,ce06bb55814bdd447dcdcde6956bc6b2a4d0645e072a7268d5159753a5540ac0
"(3,1,0,0)","(3,1,0,0):iso-00010",5a03019daff39f9fd57ceaece934d1692d4ee54c6dbeec8456a94b2e8261d0ac,436,d8c2a0a627253237187cb25305ee3be6d17e1e234ef7eca4d4b74b4d7675da7c
"(3,1,0,0)","(3,1,0,0):iso-00010",5a03019daff39f9fd57ceaece934d1692d4ee54c6dbeec8456a94b2e8261d0ac,436,a7a07559be9829762086935ec2d237b26d78dbd1b2c98e5f0927427e6ed29dc6
"(3,1,0,0)","(3,1,0,0):iso-00010",5a03019daff39f9fd57ceaece934d1692d4ee54c6dbeec8456a94b2e8261d0ac,436,482f4016fa0be1d5cbdeb298f69417212ab2846b12237059147f994d80f1bff4
"(3,1,0,0)","(3,1,0,0):iso-00010",5a03019daff39f9fd57ceaece934d1692d4ee54c6dbeec8456a94b2e8261d0ac,436,7e258476fd393526308ef0582169355d4280a39e16a9a7e0f43296814a8c8eb2
"(3,1,0,0)","(3,1,0,0):iso-00010",5a03019daff39f9fd57ceaece934d1692d4ee54c6dbeec8456a94b2e8261d0ac,436,b2e7ff847fa8031d3b6b6111c66da4413bfe60c6f337c8adfd68b9a7bf4e774d
"(3,1,0,0)","(3,1,0,0):iso-00010",5a03019daff39f9fd57ceaece934d1692d4ee54c6dbeec8456a94b2e8261d0ac,436,4c062ce7a82a32ca2175191a45ff2d636dead5cd35e85ced60fe67a5f857d380
"(3,1,0,0)","(3,1,0,0):iso-00010",5a03019daff39f9fd57ceaece934d1692d4ee54c6dbeec8456a94b2e8261d0ac,436,621e967f20f45ad21b5d49d00aff64156f3986bd3c348b91a2bae38e5507bc63
"(3,1,0,0)","(3,1,0,0):iso-00010",5a03019daff39f9fd57ceaece934d1692d4ee54c6dbeec8456a94b2e8261d0ac,436,048ede448c71d3072b3b129dfa14877c7d4535f03c5f5642fc106eedce30619f
"(3,1,0,0)","(3,1,0,0):iso-00010",5a03019daff39f9fd57ceaece934d1692d4ee54c6dbeec8456a94b2e8261d0ac,436,966b2e8ed09a5ac3b45307881131c7f258243b486050e5f1b680103d54831405
"(3,1,0,0)","(3,1,0,0):iso-00010",5a03019daff39f9fd57ceaece934d1692d4ee54c6dbeec8456a94b2e8261d0ac,436,82826052fcfbf7ae34e6f4a9359c268d81f31f42bf5cf449c9558277734a13c3
"(3,1,0,0)","(3,1,0,0):iso-00010",5a03019daff39f9fd57ceaece934d1692d4ee54c6dbeec8456a94b2e8261d0ac,436,705256d40fb01ad46b1125aa5baf475c4f4a9a6a5b1bc585682f58dbebb63c08
"(3,1,0,0)","(3,1,0,0):iso-00010",5a03019daff39f9fd57ceaece934d1692d4ee54c6dbeec8456a94b2e8261d0ac,436,e7263d00841813f7a6d6979318837c9435da1fee98da10050348ffab5b28f22c
"(3,1,0,0)","(3,1,0,0):iso-00010",5a03019daff39f9fd57ceaece934d1692d4ee54c6dbeec8456a94b2e8261d0ac,436,0f96315adfc8e1e7f908e907461b694a76bd4e39c823950b4029084f719d6946
"(3,1,0,0)","(3,1,0,0):iso-00010",5a03019daff39f9fd57ceaece934d1692d4ee54c6dbeec8456a94b2e8261d0ac,436,083d9f94c07a07ab985ac15f30d25929445a06666ae461b8bbced216d16fbfc8
"(3,1,0,0)","(3,1,0,0):iso-00010",5a03019daff39f9fd57ceaece934d1692d4ee54c6dbeec8456a94b2e8261d0ac,436,814d7ef88ca9659f0674287dd28b07641ce77d3c95bc56f76c4aea75a1f97c93
"(3,1,0,0)","(3,1,0,0):iso-00010",5a03019daff39f9fd57ceaece934d1692d4ee54c6dbeec8456a94b2e8261d0ac,436,3bc72fca8246e800e301d8c7a395e7cd6e0864454d3f85987d4c6aa07be145f4
"(3,1,0,0)","(3,1,0,0):iso-00010",5a03019daff39f9fd57ceaece934d1692d4ee54c6dbeec8456a94b2e8261d0ac,436,b75327f291cc1773cf309b770f85f9b892ddfb9acf3b0ca510ac512764b917a2
"(3,1,0,0)","(3,1,0,0):iso-00010",5a03019daff39f9fd57ceaece934d1692d4ee54c6dbeec8456a94b2e8261d0ac,436,df4c77b4a958de1abe589c5f00c1475e348b56c4ac0fb1ce65c5dee52d3c5249
"(3,1,0,0)","(3,1,0,0):iso-00010",5a03019daff39f9fd57ceaece934d1692d4ee54c6dbeec8456a94b2e8261d0ac,436,291f173c97e9ef2adfbed9d119f39d89603cfb00f692903d45713fbda707f139
"(3,1,0,0)","(3,1,0,0):iso-00010",5a03019daff39f9fd57ceaece934d1692d4ee54c6dbeec8456a94b2e8261d0ac,436,3b87e3e3afc63cc66546d22f5c69e21313bc522f9759128b264f169e8e4b1f27
"(3,1,0,0)","(3,1,0,0):iso-00010",5a03019daff39f9fd57ceaece934d1692d4ee54c6dbeec8456a94b2e8261d0ac,436,18364710441eca55c3b85dac47e878ed68cb0f9c5bb2ef88f5512f474bc48ca4
"(3,1,0,0)","(3,1,0,0):iso-00010",5a03019daff39f9fd57ceaece934d1692d4ee54c6dbeec8456a94b2e8261d0ac,436,d4cb29b4ac0bcc8172a9e1f58fafbc6856cd1ae76bf269988878233ee6db0f71
"(3,1,0,0)","(3,1,0,0):iso-00010",5a03019daff39f9fd57ceaece934d1692d4ee54c6dbeec8456a94b2e8261d0ac,436,3d09b8239701a4be35c935a741725856c2e827eb4a170ce6f3fe170242bb0ba9
"(3,1,0,0)","(3,1,0,0):iso-00010",5a03019daff39f9fd57ceaece934d1692d4ee54c6dbeec8456a94b2e8261d0ac,436,04fcf152c2a52b59d157f27cf6b3fcec1ecbd250779821257bbaed2ca56b6b1b
"(3,1,0,0)","(3,1,0,0):iso-00010",5a03019daff39f9fd57ceaece934d1692d4ee54c6dbeec8456a94b2e8261d0ac,436,8b108f696a785866aa38bd6d1f427949aa0bccbbaeb535383d0b1bb892d96934
"(3,1,0,0)","(3,1,0,0):iso-00010",5a03019daff39f9fd57ceaece934d1692d4ee54c6dbeec8456a94b2e8261d0ac,436,1894567ccca1a78a21df2e44cffdefcf47d3638e2050842772ff9b3e4c6f708b
"(3,1,0,0)","(3,1,0,0):iso-00010",5a03019daff39f9fd57ceaece934d1692d4ee54c6dbeec8456a94b2e8261d0ac,436,01dc668555e610801c136679e03dfb74b8dd7df3dcd75940d38fda22449f70c3
"(3,1,0,0)","(3,1,0,0):iso-00010",5a03019daff39f9fd57ceaece934d1692d4ee54c6dbeec8456a94b2e8261d0ac,436,a70800a4094ea07c2c91fdfb567b04cd4000213bd55d38c336cd338296c42853
"(3,1,0,0)","(3,1,0,0):iso-00010",5a03019daff39f9fd57ceaece934d1692d4ee54c6dbeec8456a94b2e8261d0ac,436,7e193226f16ed48dc6b4c805e498d4af425971c88b04d320d61c1e53088ccfd6
"(3,1,0,0)","(3,1,0,0):iso-00010",5a03019daff39f9fd57ceaece934d1692d4ee54c6dbeec8456a94b2e8261d0ac,436,2b7a78930d2781d4b0b9c7e7aff867a34a21d7564ac99e5ac5fce937cae6b401
"(3,1,0,0)","(3,1,0,0):iso-00010",5a03019daff39f9fd57ceaece934d1692d4ee54c6dbeec8456a94b2e8261d0ac,436,f0cb08d9129e3f20e44800e52695e1abe7710cdd4a9005a26233ea256f08fe44
"(3,1,0,0)","(3,1,0,0):iso-00010",5a03019daff39f9fd57ceaece934d1692d4ee54c6dbeec8456a94b2e8261d0ac,436,2af5a15a057a80044d0cff9c10dd2e7fa19f8d320d137eda37cf9b4a9a5a2a23
"(3,1,0,0)","(3,1,0,0):iso-00010",5a03019daff39f9fd57ceaece934d1692d4ee54c6dbeec8456a94b2e8261d0ac,436,1b8de0894896985fad000961152f16e5749dbe52c08b66880a161db915d077de
"(3,1,0,0)","(3,1,0,0):iso-00010",5a03019daff39f9fd57ceaece934d1692d4ee54c6dbeec8456a94b2e8261d0ac,436,08370fbf2b3665c027324a94648b8e6c82204fecc4c4b40be9447cb2bf5ec31d
"(3,1,0,0)","(3,1,0,0):iso-00010",5a03019daff39f9fd57ceaece934d1692d4ee54c6dbeec8456a94b2e8261d0ac,436,2e92f36eda4290dc84bbd1b8eab2670dcd02301870af8d1888cd657b9b8667b3
"(3,1,0,0)","(3,1,0,0):iso-00010",5a03019daff39f9fd57ceaece934d1692d4ee54c6dbeec8456a94b2e8261d0ac,436,5dd681022197f586419d7765585596786f24a021eefa167b96c68a0859b436f7
"(3,1,0,0)","(3,1,0,0):iso-00010",5a03019daff39f9fd57ceaece934d1692d4ee54c6dbeec8456a94b2e8261d0ac,436,e208a7e1ca7a5d1914e26979fd2bac430d18eb1e781163457ce7d63547d1adf4
"(3,1,0,0)","(3,1,0,0):iso-00010",5a03019daff39f9fd57ceaece934d1692d4ee54c6dbeec8456a94b2e8261d0ac,436,fb87847330e0d38e44b0030465c46cb3c887e826425a330f890179daa2c5a0d0
"(3,1,0,0)","(3,1,0,0):iso-00010",5a03019daff39f9fd57ceaece934d1692d4ee54c6dbeec8456a94b2e8261d0ac,436,ac99cea5ad756972eabf46c5838a24bc0de7f3c08b58b231f0e9f2c384703e90
"(3,1,0,0)","(3,1,0,0):iso-00010",5a03019daff39f9fd57ceaece934d1692d4ee54c6dbeec8456a94b2e8261d0ac,436,a20913a2ffed9140360cfb7dee29ebf0d4f1aa1dff487d62c7eca098e6ff1cb9
"(3,1,0,0)","(3,1,0,0):iso-00010",5a03019daff39f9fd57ceaece934d1692d4ee54c6dbeec8456a94b2e8261d0ac,436,94b1c80e8cb9fb9355a29de91e4a9760de2071e65b026db5875f6e5fc0a0b35e
"(3,1,0,0)","(3,1,0,0):iso-00010",5a03019daff39f9fd57ceaece934d1692d4ee54c6dbeec8456a94b2e8261d0ac,436,7e7dcb3496ffc6a0327056143356645d75938a7932221213a26a69af43362525
"(3,1,0,0)","(3,1,0,0):iso-00010",5a03019daff39f9fd57ceaece934d1692d4ee54c6dbeec8456a94b2e8261d0ac,436,10e70c4f47d11e7d14e5f3754847668b332b49b3f2366f93ca52c73a8d992027
"(3,1,0,0)","(3,1,0,0):iso-00010",5a03019daff39f9fd57ceaece934d1692d4ee54c6dbeec8456a94b2e8261d0ac,436,62cb2df6662b35684614deb502ea288954d9f38948f718f3285a1bf5a4af1592
"(3,1,0,0)","(3,1,0,0):iso-00010",5a03019daff39f9fd57ceaece934d1692d4ee54c6dbeec8456a94b2e8261d0ac,436,e1e2e2bd3d3fb2da714c7fa3af306f1ec625dd708961ed4ddbfb70bcfa25d8fa
"(3,1,0,0)","(3,1,0,0):iso-00010",5a03019daff39f9fd57ceaece934d1692d4ee54c6dbeec8456a94b2e8261d0ac,436,9fb1afa9f9406f5e51d194252f06bcc68b86e8f398b3da5a63c7cd2be2091f0a
"(3,1,0,0)","(3,1,0,0):iso-00010",5a03019daff39f9fd57ceaece934d1692d4ee54c6dbeec8456a94b2e8261d0ac,436,b463dc8a377e387f7b9aea1b63dcd5da977511447f441c88ffddf48e8adec461
"(3,1,0,0)","(3,1,0,0):iso-00010",5a03019daff39f9fd57ceaece934d1692d4ee54c6dbeec8456a94b2e8261d0ac,436,786e973fbf04a02df175a0a0ea5543548798a2e8789e086dd8b0c54e6dd9c864
"(3,1,0,0)","(3,1,0,0):iso-00010",5a03019daff39f9fd57ceaece934d1692d4ee54c6dbeec8456a94b2e8261d0ac,436,40c12cf76fa6d247c98a6a8145ad783c71c5043b79813086b4009bed4c789c6d
"(3,1,0,0)","(3,1,0,0):iso-00010",5a03019daff39f9fd57ceaece934d1692d4ee54c6dbeec8456a94b2e8261d0ac,436,3deeb75d6e3daaeb007cabec33a3539f2da6da61ef2d83633fbbfc1000f98ceb
"(3,1,0,0)","(3,1,0,0):iso-00010",5a03019daff39f9fd57ceaece934d1692d4ee54c6dbeec8456a94b2e8261d0ac,436,5e27f5026a87da6949f80cadcd349f92465f5fa6e113830e00ed0c0d9f68d7c9
"(3,1,0,0)","(3,1,0,0):iso-00010",5a03019daff39f9fd57ceaece934d1692d4ee54c6dbeec8456a94b2e8261d0ac,436,d312a367fd30e4423add0ed2a832efb6915c1e7bf668ee4be2479acc20a1edcc
"(3,1,0,0)","(3,1,0,0):iso-00010",5a03019daff39f9fd57ceaece934d1692d4ee54c6dbeec8456a94b2e8261d0ac,436,e245d919f4dada9885899acd3381e066751424f57728ca2262210ce94810d4ee
"(3,1,0,0)","(3,1,0,0):iso-00010",5a03019daff39f9fd57ceaece934d1692d4ee54c6dbeec8456a94b2e8261d0ac,436,19f8086ab645491ef2bf40c2826d6aad5cd98821d7221e35aee1d9ce19c27489
"(3,1,0,0)","(3,1,0,0):iso-00010",5a03019daff39f9fd57ceaece934d1692d4ee54c6dbeec8456a94b2e8261d0ac,436,6a58bd0883a205f5d3b247bda83cef783607333c689255293e815dd1b67a5dc3
"(3,1,0,0)","(3,1,0,0):iso-00010",5a03019daff39f9fd57ceaece934d1692d4ee54c6dbeec8456a94b2e8261d0ac,436,9484fc1efff05f7e815d063d1bf06bbaada88d86a69739f294654f978754a91f
"(3,1,0,0)","(3,1,0,0):iso-00010",5a03019daff39f9fd57ceaece934d1692d4ee54c6dbeec8456a94b2e8261d0ac,436,443b9771c1506ad8950a8f7aaeddefceb97a1cd2d344c9a6ca84f9dee0a22059
"(3,1,0,0)","(3,1,0,0):iso-00010",5a03019daff39f9fd57ceaece934d1692d4ee54c6dbeec8456a94b2e8261d0ac,436,fcf47dd2056ca075fdf984ed6bb3cc210fd946b0ef0703a41b9146491d8aac07
"(3,1,0,0)","(3,1,0,0):iso-00010",5a03019daff39f9fd57ceaece934d1692d4ee54c6dbeec8456a94b2e8261d0ac,436,567a608ecb482541bb23bb1ca40be9c425dbad5ad1d96f649246a7bfc37b39f3
"(3,1,0,0)","(3,1,0,0):iso-00010",5a03019daff39f9fd57ceaece934d1692d4ee54c6dbeec8456a94b2e8261d0ac,436,83150580431a93508b312776c6a50fed2bdaf6041124fa9fce03b2e08c315273
"(3,1,0,0)","(3,1,0,0):iso-00010",5a03019daff39f9fd57ceaece934d1692d4ee54c6dbeec8456a94b2e8261d0ac,436,13eab29941e97bcc018735299a394c8909e58a63013567f7f763772b33d1c09e
"(3,1,0,0)","(3,1,0,0):iso-00010",5a03019daff39f9fd57ceaece934d1692d4ee54c6dbeec8456a94b2e8261d0ac,436,2868fee5168c122c43dc40548897ee0db7fdcaefdf3af36f1c70d4633b5fb416
"(3,1,0,0)","(3,1,0,0):iso-00010",5a03019daff39f9fd57ceaece934d1692d4ee54c6dbeec8456a94b2e8261d0ac,436,2c569023b6bb10e87903102fd45d5f95e1424196c34efc7bbd2d7d24c3ab944b
"(3,1,0,0)","(3,1,0,0):iso-00010",5a03019daff39f9fd57ceaece934d1692d4ee54c6dbeec8456a94b2e8261d0ac,436,58fd7ee5e7cc0c405f4e816ccaf7598e03e561ab643ee0275e63d35158ffa207
"(3,1,0,0)","(3,1,0,0):iso-00010",5a03019daff39f9fd57ceaece934d1692d4ee54c6dbeec8456a94b2e8261d0ac,436,e094c282bd6e357443b174a186dcb4d45c27c9abe92a68f88c0811a4d7020790
"(3,1,0,0)","(3,1,0,0):iso-00010",5a03019daff39f9fd57ceaece934d1692d4ee54c6dbeec8456a94b2e8261d0ac,436,a0214c074225c338974eee72b3b16724d2703be8192876c95fff1295afcc2bdf
"(3,1,0,0)","(3,1,0,0):iso-00010",5a03019daff39f9fd57ceaece934d1692d4ee54c6dbeec8456a94b2e8261d0ac,436,c67406f3fdf19228eb5dd14f7b40e07cfd29a7cc3ef73007498cd00268a23cbe
"(3,1,0,0)","(3,1,0,0):iso-00010",5a03019daff39f9fd57ceaece934d1692d4ee54c6dbeec8456a94b2e8261d0ac,436,9b01aa33e356a8f3fe3d31c0b28c0b6c4acf58134228cfde8ae0cb75a267042e
"(3,1,0,0)","(3,1,0,0):iso-00010",5a03019daff39f9fd57ceaece934d1692d4ee54c6dbeec8456a94b2e8261d0ac,436,6b9c0b781daa961ef1ae5ddf2383d9e506f61fd4c03d1e904035abc21143b2f7
"(3,1,0,0)","(3,1,0,0):iso-00010",5a03019daff39f9fd57ceaece934d1692d4ee54c6dbeec8456a94b2e8261d0ac,436,af055426a8e786ed5b1d458f5e7d9f2c9f0182bbb3d6070f104b32046d04421a
"(3,1,0,0)","(3,1,0,0):iso-00010",5a03019daff39f9fd57ceaece934d1692d4ee54c6dbeec8456a94b2e8261d0ac,436,da604df8f3bf97826a4315b1eb2bca9a205a5358a15cd6df679a33a3e60730c6
"(3,1,0,0)","(3,1,0,0):iso-00010",5a03019daff39f9fd57ceaece934d1692d4ee54c6dbeec8456a94b2e8261d0ac,436,b1b0541e9841e1cc021a82dcbe74721918a630b4b5337475e2ef59ee89f41e45
"(3,1,0,0)","(3,1,0,0):iso-00010",5a03019daff39f9fd57ceaece934d1692d4ee54c6dbeec8456a94b2e8261d0ac,436,12a20c4cc2a07b2d77b0a8b7617316a5e9418c320474812132802a50b6827418
"(3,1,0,0)","(3,1,0,0):iso-00010",5a03019daff39f9fd57ceaece934d1692d4ee54c6dbeec8456a94b2e8261d0ac,436,57685c0ed4d12ce250d5f0cac109d6195a2dbd6720d493a1af6eaa2ce42fea3a
"(3,1,0,0)","(3,1,0,0):iso-00010",5a03019daff39f9fd57ceaece934d1692d4ee54c6dbeec8456a94b2e8261d0ac,436,0470bc5e784ad1aebed8f73903d9136040f2e548d5d8bd2cf9045482e6c8c26e
"(3,1,0,0)","(3,1,0,0):iso-00010",5a03019daff39f9fd57ceaece934d1692d4ee54c6dbeec8456a94b2e8261d0ac,436,448704d617baa084e5dbe7b54cb2db6565ca45bbefe2b50d79837bfca7ebc32b
"(3,1,0,0)","(3,1,0,0):iso-00010",5a03019daff39f9fd57ceaece934d1692d4ee54c6dbeec8456a94b2e8261d0ac,436,7be3a0bf8b60ff6bdd436a5d3669bdedc28c15d187b557fed41cbc1ddcee1a6f
"(3,1,0,0)","(3,1,0,0):iso-00010",5a03019daff39f9fd57ceaece934d1692d4ee54c6dbeec8456a94b2e8261d0ac,436,cd54c56bf82464e4558774185cc95560342d92d93a2a004f546436d8461ae8e1
"(3,1,0,0)","(3,1,0,0):iso-00010",5a03019daff39f9fd57ceaece934d1692d4ee54c6dbeec8456a94b2e8261d0ac,436,52eac256554163bdfe72dc2fc50e79234b7141139d2bf24b82b207eee4f6ec42
"(3,1,0,0)","(3,1,0,0):iso-00010",5a03019daff39f9fd57ceaece934d1692d4ee54c6dbeec8456a94b2e8261d0ac,436,833ec0a11d88f50427cb56eec05bf38b4cd02cbb5d2dc195126cab788160ab33
"(3,1,0,0)","(3,1,0,0):iso-00010",5a03019daff39f9fd57ceaece934d1692d4ee54c6dbeec8456a94b2e8261d0ac,436,7369217c45572a54e9606a8b602a1134426a8434c1a6cdb6307d3752f03653fd
"(3,1,0,0)","(3,1,0,0):iso-00010",5a03019daff39f9fd57ceaece934d1692d4ee54c6dbeec8456a94b2e8261d0ac,436,74de5abff4bc2b0a7bdfce8d09282560e64bbce644a2574dc9296a77a66d3cc0
"(3,1,0,0)","(3,1,0,0):iso-00010",5a03019daff39f9fd57ceaece934d1692d4ee54c6dbeec8456a94b2e8261d0ac,436,051936e57374b5e79f11aacfdd455ca15f5fdcdfd526c03ccfe80e465f882cec
"(3,1,0,0)","(3,1,0,0):iso-00010",5a03019daff39f9fd57ceaece934d1692d4ee54c6dbeec8456a94b2e8261d0ac,436,de763b0cd10f9640664edb4a0c84690f5b084cde60072534370b60fa8e2a00d9
"(3,1,0,0)","(3,1,0,0):iso-00010",5a03019daff39f9fd57ceaece934d1692d4ee54c6dbeec8456a94b2e8261d0ac,436,5a75509be8da1135f8d7c27f0e6c5d6dc9705e339bf6bcf348243e87e9ec5bcc
"(3,1,0,0)","(3,1,0,0):iso-00010",5a03019daff39f9fd57ceaece934d1692d4ee54c6dbeec8456a94b2e8261d0ac,436,6a757c7ea559fd1eda550965cd1c2b1d85d038649a1ced6e00208f41ab47413a
"(3,1,0,0)","(3,1,0,0):iso-00010",5a03019daff39f9fd57ceaece934d1692d4ee54c6dbeec8456a94b2e8261d0ac,436,21b6cbcedc27bd72e66eacb5054777453259bad2cc266fe5213bd774893f14bf
"(3,1,0,0)","(3,1,0,0):iso-00010",5a03019daff39f9fd57ceaece934d1692d4ee54c6dbeec8456a94b2e8261d0ac,436,291c05e2581696d9a9e9845c41e7440ec33e01af9baf22a4d52f81d1e1da0dba
"(3,1,0,0)","(3,1,0,0):iso-00010",5a03019daff39f9fd57ceaece934d1692d4ee54c6dbeec8456a94b2e8261d0ac,436,dfb62cdbe754a780cb3ead3f40c4388afecbbe0a6c6344ffc1c80f6736380bdf
"(3,1,0,0)","(3,1,0,0):iso-00010",5a03019daff39f9fd57ceaece934d1692d4ee54c6dbeec8456a94b2e8261d0ac,436,a27729395b83ece6c2d7891b4ecc165f90a20c8d8e4359fad989f1f5e32a0d31
"(3,1,0,0)","(3,1,0,0):iso-00010",5a03019daff39f9fd57ceaece934d1692d4ee54c6dbeec8456a94b2e8261d0ac,436,cb84265342c60f08d1a4e68c28dfe6489a676afabb64b027add959b75ecfa0c7
"(3,1,0,0)","(3,1,0,0):iso-00010",5a03019daff39f9fd57ceaece934d1692d4ee54c6dbeec8456a94b2e8261d0ac,436,8839d8448d2b6666c6c34ccca3378b6d08f0419cd3804647a923a822b7de68a8
"(3,1,0,0)","(3,1,0,0):iso-00010",5a03019daff39f9fd57ceaece934d1692d4ee54c6dbeec8456a94b2e8261d0ac,436,5860f20272d4b50f9ccfe616162f4762552ccdb59b8068218ad51b03a345ba6d
"(3,1,0,0)","(3,1,0,0):iso-00010",5a03019daff39f9fd57ceaece934d1692d4ee54c6dbeec8456a94b2e8261d0ac,436,4acf847aa381e51925af6238abd3cab42dcc2bcecc497fb05ebb41bfd11868b8
"(3,1,0,0)","(3,1,0,0):iso-00010",5a03019daff39f9fd57ceaece934d1692d4ee54c6dbeec8456a94b2e8261d0ac,436,08f797615fbbf24bb2f431b5baf636fc81a77107b7725261743a9905fbcd378f
"(3,1,0,0)","(3,1,0,0):iso-00010",5a03019daff39f9fd57ceaece934d1692d4ee54c6dbeec8456a94b2e8261d0ac,436,e80fee03d8976330abba89b31e701ef6e83b9111b55a532d2d4df55db34b7387
"(3,1,0,0)","(3,1,0,0):iso-00010",5a03019daff39f9fd57ceaece934d1692d4ee54c6dbeec8456a94b2e8261d0ac,436,417ad41d801d1e8a2b69718299a490ad163b7b3df8b1b6c4476c33ba94000658
"(3,1,0,0)","(3,1,0,0):iso-00010",5a03019daff39f9fd57ceaece934d1692d4ee54c6dbeec8456a94b2e8261d0ac,436,20597da0889646d1e95339d64353518a17084bf542fab565393fc02fc9540e77
"(3,1,0,0)","(3,1,0,0):iso-00010",5a03019daff39f9fd57ceaece934d1692d4ee54c6dbeec8456a94b2e8261d0ac,436,a3b023d5117f9b9c829370949905f1c818dec2a1075b983f7e78d02103e4875b
"(3,1,0,0)","(3,1,0,0):iso-00010",5a03019daff39f9fd57ceaece934d1692d4ee54c6dbeec8456a94b2e8261d0ac,436,5fc78bd5332db005c25b6b110a9b8615157a5aa1c0321c86e86c8c57fa7f3f6e
"(3,1,0,0)","(3,1,0,0):iso-00010",5a03019daff39f9fd57ceaece934d1692d4ee54c6dbeec8456a94b2e8261d0ac,436,7f311b9cb24f61767f6e8c3dfdd1e4ce314a5fd3085aef2a28bdd67389329e83
"(3,1,0,0)","(3,1,0,0):iso-00010",5a03019daff39f9fd57ceaece934d1692d4ee54c6dbeec8456a94b2e8261d0ac,436,119e0430356ba9514f867a2724200eff6e137c49c7786319ec5cab88be94c55f
"(3,1,0,0)","(3,1,0,0):iso-00010",5a03019daff39f9fd57ceaece934d1692d4ee54c6dbeec8456a94b2e8261d0ac,436,7c016329cdc0d57dc30acff2ad2153386d333bde5fb05a63243b87b954f6c512
"(3,1,0,0)","(3,1,0,0):iso-00010",5a03019daff39f9fd57ceaece934d1692d4ee54c6dbeec8456a94b2e8261d0ac,436,dac8ba9ae4fdc59729b71d7e7ea7dfe1fc2cd5314daedd961a2d59d0514a55f8
"(3,1,0,0)","(3,1,0,0):iso-00010",5a03019daff39f9fd57ceaece934d1692d4ee54c6dbeec8456a94b2e8261d0ac,436,f90494e9215397827bbafc1f64ec68032972fe49ab8fc86c9f0e663beeb64253
"(3,1,0,0)","(3,1,0,0):iso-00010",5a03019daff39f9fd57ceaece934d1692d4ee54c6dbeec8456a94b2e8261d0ac,436,e94f9a58e8a8d10d460794c19d4df4a924edbf12ca37138ea99652b72b45aa70
"(3,1,0,0)","(3,1,0,0):iso-00010",5a03019daff39f9fd57ceaece934d1692d4ee54c6dbeec8456a94b2e8261d0ac,436,d7ebc94af28a98671d11aaefc3a4ecadb4c3e875fbd879f0f2c3a3afebb5f633
"(3,1,0,0)","(3,1,0,0):iso-00010",5a03019daff39f9fd57ceaece934d1692d4ee54c6dbeec8456a94b2e8261d0ac,436,8b38a2b1e2f8e54887b6cc8297a9fff9c0f4e5ac847992fa0260204ac7dec003
"(3,1,0,0)","(3,1,0,0):iso-00010",5a03019daff39f9fd57ceaece934d1692d4ee54c6dbeec8456a94b2e8261d0ac,436,bcd2b3eb01f0d5a22fc04a45596880d5c5b57835290e08b5502f5916a2f1cc08
"(3,1,0,0)","(3,1,0,0):iso-00010",5a03019daff39f9fd57ceaece934d1692d4ee54c6dbeec8456a94b2e8261d0ac,436,c2fd9879a8d768b6acfda300a416b3a826ab35f5314e52f80765d87c27305873
"(3,1,0,0)","(3,1,0,0):iso-00010",5a03019daff39f9fd57ceaece934d1692d4ee54c6dbeec8456a94b2e8261d0ac,436,a5c2ccd82319cd8febbac49df1e39883e342e2bc70f073e34f7070a21a6d3b28
"(3,1,0,0)","(3,1,0,0):iso-00010",5a03019daff39f9fd57ceaece934d1692d4ee54c6dbeec8456a94b2e8261d0ac,436,e50f4518eb828d58556631574f0b0550145486751cb820c6ed71952bda0180ef
"(3,1,0,0)","(3,1,0,0):iso-00010",5a03019daff39f9fd57ceaece934d1692d4ee54c6dbeec8456a94b2e8261d0ac,436,285a4b3353842176fe60e8611952117aff6eaa17067c25a6635e799c1a9b44b0
"(3,1,0,0)","(3,1,0,0):iso-00010",5a03019daff39f9fd57ceaece934d1692d4ee54c6dbeec8456a94b2e8261d0ac,436,89dc1e80873fea28c8fbfb8d698d6a73d0a0027bb008506b0dc955d41a1d7815
"(3,1,0,0)","(3,1,0,0):iso-00010",5a03019daff39f9fd57ceaece934d1692d4ee54c6dbeec8456a94b2e8261d0ac,436,44a43d37d548fd76ba2d47a154ac59194da68461075a56ddd174afb4838d0c45
"(3,1,0,0)","(3,1,0,0):iso-00010",5a03019daff39f9fd57ceaece934d1692d4ee54c6dbeec8456a94b2e8261d0ac,436,9305f76e017d4d70e9e053cb28aea18a63bdf9b6e4c2d6b7d837076e05ea9446
"(3,1,0,0)","(3,1,0,0):iso-00010",5a03019daff39f9fd57ceaece934d1692d4ee54c6dbeec8456a94b2e8261d0ac,436,7701ab3ecdcac1ab76de499134e6db052e178f152520a805927d8ce1601a3cbc
"(3,1,0,0)","(3,1,0,0):iso-00011",975b9f30edbe6ef4223c5da048f4965ee3b274e237648509a7c47295b1e962b3,451,975b9f30edbe6ef4223c5da048f4965ee3b274e237648509a7c47295b1e962b3
"(3,1,0,0)","(3,1,0,0):iso-00011",975b9f30edbe6ef4223c5da048f4965ee3b274e237648509a7c47295b1e962b3,451,56835320ec33e7b3e13826462e9748f38eaa8dc46c6e68eabd1eca67057cbeba
"(3,1,0,0)","(3,1,0,0):iso-00011",975b9f30edbe6ef4223c5da048f4965ee3b274e237648509a7c47295b1e962b3,451,6c9abc9fbc3e3db9c5dc71670c9e3ce5308384c39f75d41333654020149efffe
"(3,1,0,0)","(3,1,0,0):iso-00011",975b9f30edbe6ef4223c5da048f4965ee3b274e237648509a7c47295b1e962b3,451,f2854fcf85394549f86815355865cbaec92df3c47245161340b795e1feef30db
"(3,1,0,0)","(3,1,0,0):iso-00011",975b9f30edbe6ef4223c5da048f4965ee3b274e237648509a7c47295b1e962b3,451,8862982d6b9023e0faac3027b4f82b03451e30f5bbb21a450982ba908a447dd4
"(3,1,0,0)","(3,1,0,0):iso-00011",975b9f30edbe6ef4223c5da048f4965ee3b274e237648509a7c47295b1e962b3,451,db2302b036a43291c2042a326df3a48205c994894358a6f1f7dd166892528067
"(3,1,0,0)","(3,1,0,0):iso-00011",975b9f30edbe6ef4223c5da048f4965ee3b274e237648509a7c47295b1e962b3,451,00109b21e7ec051ff404f6f1d3dc212a9d14c8100d09859866cc2f9f719e073c
"(3,1,0,0)","(3,1,0,0):iso-00011",975b9f30edbe6ef4223c5da048f4965ee3b274e237648509a7c47295b1e962b3,451,b83e4ce28e24645051923a37ca7eae996a1cf4c4f4e64de630489c7e271d5b90
"(3,1,0,0)","(3,1,0,0):iso-00011",975b9f30edbe6ef4223c5da048f4965ee3b274e237648509a7c47295b1e962b3,451,f84fdb8d3c58ffa188d73a95c21326c5116082fd5ef36a55ea25d7994e0ae2da
"(3,1,0,0)","(3,1,0,0):iso-00011",975b9f30edbe6ef4223c5da048f4965ee3b274e237648509a7c47295b1e962b3,451,9e1cea72060cbcbb83a37eac03d7cd9c461eaf5adb922dff01ade62e3c7c2d5f
"(3,1,0,0)","(3,1,0,0):iso-00011",975b9f30edbe6ef4223c5da048f4965ee3b274e237648509a7c47295b1e962b3,451,cbe9bf97fa67d3ba68a4c38f3e01a9097e6b34fea9a6307c7746aa043e7b71a3
"(3,1,0,0)","(3,1,0,0):iso-00011",975b9f30edbe6ef4223c5da048f4965ee3b274e237648509a7c47295b1e962b3,451,baa88cac5b130bb719f7b29b5c46a431462b9a60ba3b398736a1f0400d1afd0a
"(3,1,0,0)","(3,1,0,0):iso-00011",975b9f30edbe6ef4223c5da048f4965ee3b274e237648509a7c47295b1e962b3,451,dda1b8ef8abdd28596c5515a3c7d511bccd0702ee9e1d282fd6298ec07337c90
"(3,1,0,0)","(3,1,0,0):iso-00011",975b9f30edbe6ef4223c5da048f4965ee3b274e237648509a7c47295b1e962b3,451,722daa14a85c0b0739b034a77cb0fb3863435a8ee36f4459468bc894537f5ddb
"(3,1,0,0)","(3,1,0,0):iso-00011",975b9f30edbe6ef4223c5da048f4965ee3b274e237648509a7c47295b1e962b3,451,89490db42ad5784babf896e0ff93b6b87025a3410f98ca6f3ee1a5a58cb345fe
"(3,1,0,0)","(3,1,0,0):iso-00011",975b9f30edbe6ef4223c5da048f4965ee3b274e237648509a7c47295b1e962b3,451,34ff408c2706946d6497262524acfef0fe70418589cfabe7e33755d15179f9a7
"(3,1,0,0)","(3,1,0,0):iso-00011",975b9f30edbe6ef4223c5da048f4965ee3b274e237648509a7c47295b1e962b3,451,b3c5215662c4f6717f5d0001d46bac09cd86a51f846d175f12bb0d6faf5a335c
"(3,1,0,0)","(3,1,0,0):iso-00011",975b9f30edbe6ef4223c5da048f4965ee3b274e237648509a7c47295b1e962b3,451,d5579dc7d21f80ac3eefc659e434ac055b29123b5a5789ad4904145c9673692c
"(3,1,0,0)","(3,1,0,0):iso-00011",975b9f30edbe6ef4223c5da048f4965ee3b274e237648509a7c47295b1e962b3,451,f605f66e4ce3e136c5e826313702735f2c983ecc24566de1b8d3ad998f3f4d5c
"(3,1,0,0)","(3,1,0,0):iso-00011",975b9f30edbe6ef4223c5da048f4965ee3b274e237648509a7c47295b1e962b3,451,1896dec47d7df787f3218476b2e15e975f6a6b791cd370a7dc93702eb116188e
"(3,1,0,0)","(3,1,0,0):iso-00011",975b9f30edbe6ef4223c5da048f4965ee3b274e237648509a7c47295b1e962b3,451,0c6ff3dbd89e4aa99b76af74cd17fab73913070e99ca7844f4d5ee204bd9fc63
"(3,1,0,0)","(3,1,0,0):iso-00011",975b9f30edbe6ef4223c5da048f4965ee3b274e237648509a7c47295b1e962b3,451,ccd5f17c0afb96aa03e1e370b3141cafa931c6ac80867a0d69140a87e6ca77b9
"(3,1,0,0)","(3,1,0,0):iso-00011",975b9f30edbe6ef4223c5da048f4965ee3b274e237648509a7c47295b1e962b3,451,4b820cf89414d1d7d338f8ffc2880dd646f7b108f233f7fac0f1c281556004b9
"(3,1,0,0)","(3,1,0,0):iso-00011",975b9f30edbe6ef4223c5da048f4965ee3b274e237648509a7c47295b1e962b3,451,897fda49fb8049ebc88b80df657c3ef710a967c83a0a7d4f9d2eb21066a10a48
"(3,1,0,0)","(3,1,0,0):iso-00011",975b9f30edbe6ef4223c5da048f4965ee3b274e237648509a7c47295b1e962b3,451,7a9938081f2b0045ed32e034e41661b2ad610462b0eeb196f90175247dbbbb44
"(3,1,0,0)","(3,1,0,0):iso-00011",975b9f30edbe6ef4223c5da048f4965ee3b274e237648509a7c47295b1e962b3,451,a1c08c4ce15c23b96b24701965f28d68967ad122709f0ebf34f143470d45a4ee
"(3,1,0,0)","(3,1,0,0):iso-00011",975b9f30edbe6ef4223c5da048f4965ee3b274e237648509a7c47295b1e962b3,451,4dbd30f6e9b577df4d1b9c376ebf0ce3d444087adf7f46c3487b7921a43cf8b7
"(3,1,0,0)","(3,1,0,0):iso-00011",975b9f30edbe6ef4223c5da048f4965ee3b274e237648509a7c47295b1e962b3,451,f258cadecc44ecfb0a1d42d08b95d671388e06d2f6a14bd57021c88ca26be65b
"(3,1,0,0)","(3,1,0,0):iso-00011",975b9f30edbe6ef4223c5da048f4965ee3b274e237648509a7c47295b1e962b3,451,3797058369cff58fac104e1324bc0a7b5eadc687b0e4f780f96011d6eff3bb6b
"(3,1,0,0)","(3,1,0,0):iso-00011",975b9f30edbe6ef4223c5da048f4965ee3b274e237648509a7c47295b1e962b3,451,a0b7f19a882a760cf724917e4b735b25815ffbb2f2e65ca480d6e95d713dd58f
"(3,1,0,0)","(3,1,0,0):iso-00011",975b9f30edbe6ef4223c5da048f4965ee3b274e237648509a7c47295b1e962b3,451,7140cc3db4fc4c1d0c9ab488fe5f407540c83d5042ced43fdb9e4c1a9afd6a95
"(3,1,0,0)","(3,1,0,0):iso-00011",975b9f30edbe6ef4223c5da048f4965ee3b274e237648509a7c47295b1e962b3,451,54655903e4c47ec07c390b57d37753cb599216ec5663c1d12511e26487ee4f54
"(3,1,0,0)","(3,1,0,0):iso-00011",975b9f30edbe6ef4223c5da048f4965ee3b274e237648509a7c47295b1e962b3,451,6ef2ef8066cc6812d4079ee68d0afc0d02d16261e5dd424b5ebc2dda661dbbf8
"(3,1,0,0)","(3,1,0,0):iso-00011",975b9f30edbe6ef4223c5da048f4965ee3b274e237648509a7c47295b1e962b3,451,976a324e4ca0bc80adc6ad49bac33ed0d826a9251679cb554b3bd67a42df9cb7
"(3,1,0,0)","(3,1,0,0):iso-00011",975b9f30edbe6ef4223c5da048f4965ee3b274e237648509a7c47295b1e962b3,451,344e88a845703abd46ad355ee198ca351184481ac10b624d8584aa34dbbc462c
"(3,1,0,0)","(3,1,0,0):iso-00011",975b9f30edbe6ef4223c5da048f4965ee3b274e237648509a7c47295b1e962b3,451,c8419b61d365d28602c26c2fcdcfa9a66d0f68e0d95d98bddf4ba5dafb0f3550
"(3,1,0,0)","(3,1,0,0):iso-00011",975b9f30edbe6ef4223c5da048f4965ee3b274e237648509a7c47295b1e962b3,451,dbe37d1f2997b3c244a30604c805c653153c2a7193c306adb165e91fabf55ae1
"(3,1,0,0)","(3,1,0,0):iso-00011",975b9f30edbe6ef4223c5da048f4965ee3b274e237648509a7c47295b1e962b3,451,2e12b3af0c10e724ad5565761e46650d3f7672351ddb5c54c20569d2fad52f03
"(3,1,0,0)","(3,1,0,0):iso-00011",975b9f30edbe6ef4223c5da048f4965ee3b274e237648509a7c47295b1e962b3,451,b8ab3edcc40eb3bb6df4566a974c65ce09d1c9ccf6f126ef5678eea748036fc6
"(3,1,0,0)","(3,1,0,0):iso-00011",975b9f30edbe6ef4223c5da048f4965ee3b274e237648509a7c47295b1e962b3,451,d99706ae304e1ac8720d805d92b9cf6185d5214cea2b98e6d5ddea75cd81867b
"(3,1,0,0)","(3,1,0,0):iso-00011",975b9f30edbe6ef4223c5da048f4965ee3b274e237648509a7c47295b1e962b3,451,1f535cdde9bca20055c25361c9d3917cefc7c91cedd818c570faa1d5964cccf8
"(3,1,0,0)","(3,1,0,0):iso-00011",975b9f30edbe6ef4223c5da048f4965ee3b274e237648509a7c47295b1e962b3,451,2ddb546de33d43fc8b520b3fece48e75f564a7abfb1b029a568b1e81064e6452
"(3,1,0,0)","(3,1,0,0):iso-00011",975b9f30edbe6ef4223c5da048f4965ee3b274e237648509a7c47295b1e962b3,451,4b074d8456e352c6eb1f5e61936f4d7487b02f5b9c71a98bade173ef9be59279
"(3,1,0,0)","(3,1,0,0):iso-00011",975b9f30edbe6ef4223c5da048f4965ee3b274e237648509a7c47295b1e962b3,451,160f62b7047e60a9d89274f9b976591803f687b3dd008d082b4147017fbfa531
"(3,1,0,0)","(3,1,0,0):iso-00011",975b9f30edbe6ef4223c5da048f4965ee3b274e237648509a7c47295b1e962b3,451,64244d2f09ae0b52d7ad6df188ebc27997b3ef9178ff31343c38a829515c655e
"(3,1,0,0)","(3,1,0,0):iso-00011",975b9f30edbe6ef4223c5da048f4965ee3b274e237648509a7c47295b1e962b3,451,3e51def50707218683d8369092164dde55a0dc39540465ae9ee9f86c30654439
"(3,1,0,0)","(3,1,0,0):iso-00011",975b9f30edbe6ef4223c5da048f4965ee3b274e237648509a7c47295b1e962b3,451,049571f01fefed1831937ff715cfcf5453e197f8ff7c609ee82fe97b2bafe4af
"(3,1,0,0)","(3,1,0,0):iso-00011",975b9f30edbe6ef4223c5da048f4965ee3b274e237648509a7c47295b1e962b3,451,c2071303d56d0e67f880183e5e4837092f8f0b9cec157175482a4db71eacb346
"(3,1,0,0)","(3,1,0,0):iso-00011",975b9f30edbe6ef4223c5da048f4965ee3b274e237648509a7c47295b1e962b3,451,3baf043738cb93356fa9645d5e978ecf77ffb20826d0723a76563a67b7715efa
"(3,1,0,0)","(3,1,0,0):iso-00011",975b9f30edbe6ef4223c5da048f4965ee3b274e237648509a7c47295b1e962b3,451,23d028fa360974d14fa57155df02d7145d1297d0f066b25965a258ed2293e8c7
"(3,1,0,0)","(3,1,0,0):iso-00011",975b9f30edbe6ef4223c5da048f4965ee3b274e237648509a7c47295b1e962b3,451,56d0837a677ead35c08f6a2699d88e84cd8a8e15726c5f7b96b5bb2dd4c8e561
"(3,1,0,0)","(3,1,0,0):iso-00011",975b9f30edbe6ef4223c5da048f4965ee3b274e237648509a7c47295b1e962b3,451,8279f635f7d12a3b1293000f4a16f2a51db0a21eed037389f26f580f69028c94
"(3,1,0,0)","(3,1,0,0):iso-00011",975b9f30edbe6ef4223c5da048f4965ee3b274e237648509a7c47295b1e962b3,451,1411d25c14096996150f4a1fb4a60c6222d2fd86b6fdaab6b716c17510115ba5
"(3,1,0,0)","(3,1,0,0):iso-00011",975b9f30edbe6ef4223c5da048f4965ee3b274e237648509a7c47295b1e962b3,451,85b9b1b00172ab64262b814df58ec4f081fbd7d62d2e1e32bb6777399a883c53
"(3,1,0,0)","(3,1,0,0):iso-00011",975b9f30edbe6ef4223c5da048f4965ee3b274e237648509a7c47295b1e962b3,451,d18f71489fe3c07d1cabbca841b84844b2c448edba02fab2e8de725d37e44a55
"(3,1,0,0)","(3,1,0,0):iso-00011",975b9f30edbe6ef4223c5da048f4965ee3b274e237648509a7c47295b1e962b3,451,8f87cdf49f29e66ffc4c8c36d3050363834b7c6e60e0630313f493bd808122a1
"(3,1,0,0)","(3,1,0,0):iso-00011",975b9f30edbe6ef4223c5da048f4965ee3b274e237648509a7c47295b1e962b3,451,6da74fb2f78d3c3d918c2d632ab3201f343ebcffdb1c34e932540923b06b2027
"(3,1,0,0)","(3,1,0,0):iso-00011",975b9f30edbe6ef4223c5da048f4965ee3b274e237648509a7c47295b1e962b3,451,dc36592aba84fe9c4530b8b548777d234c7414b39ea6ed585bb562666f3d8356
"(3,1,0,0)","(3,1,0,0):iso-00011",975b9f30edbe6ef4223c5da048f4965ee3b274e237648509a7c47295b1e962b3,451,0240c705de6dc7e846cbc452f7220b9e5e64d7a6e530ae0f7e13577f988e7b45
"(3,1,0,0)","(3,1,0,0):iso-00011",975b9f30edbe6ef4223c5da048f4965ee3b274e237648509a7c47295b1e962b3,451,ae47619a989dbbf5356d27a5451c80e4ab2e045dbad26fe37573da8565ac3537
"(3,1,0,0)","(3,1,0,0):iso-00011",975b9f30edbe6ef4223c5da048f4965ee3b274e237648509a7c47295b1e962b3,451,04a25f4e2ba7c0a3de8d315b4656db03e88cf851332482813cfa342426de32ec
"(3,1,0,0)","(3,1,0,0):iso-00011",975b9f30edbe6ef4223c5da048f4965ee3b274e237648509a7c47295b1e962b3,451,3f494cf22c2f8bbf756245d265b62617dcc4612ca4bc6c75010d298f9023864f
"(3,1,0,0)","(3,1,0,0):iso-00011",975b9f30edbe6ef4223c5da048f4965ee3b274e237648509a7c47295b1e962b3,451,e9b8c79647e2d34b8678abcc1fac7befb8d111c85fdab73f865467aeadd4c314
"(3,1,0,0)","(3,1,0,0):iso-00011",975b9f30edbe6ef4223c5da048f4965ee3b274e237648509a7c47295b1e962b3,451,6bb4ebb7779dfba40b7e3fcd1115f34b4977bb4ea216538f21e5f7a70bc91faf
"(3,1,0,0)","(3,1,0,0):iso-00011",975b9f30edbe6ef4223c5da048f4965ee3b274e237648509a7c47295b1e962b3,451,ba2b462afe392f43fde61372b65ce4acc19d74d07e1385998119d4b8906cc6a5
"(3,1,0,0)","(3,1,0,0):iso-00011",975b9f30edbe6ef4223c5da048f4965ee3b274e237648509a7c47295b1e962b3,451,772bbd1b626e880735162709fb5113ffac3934243b7cb78da8d434b8be24fc2c
"(3,1,0,0)","(3,1,0,0):iso-00011",975b9f30edbe6ef4223c5da048f4965ee3b274e237648509a7c47295b1e962b3,451,9fc9e0cf1aaa748765a9196f51735849e4f04cfcf3dfd1f73284a4c94685a191
"(3,1,0,0)","(3,1,0,0):iso-00011",975b9f30edbe6ef4223c5da048f4965ee3b274e237648509a7c47295b1e962b3,451,1b8491df83d34223dd43902e28e2290c64473628f9ba4c632d4e637cf9814f86
"(3,1,0,0)","(3,1,0,0):iso-00011",975b9f30edbe6ef4223c5da048f4965ee3b274e237648509a7c47295b1e962b3,451,922cbf34406f50147501ab4e61a02d825c497546f561edf04b40153b2d955e3d
"(3,1,0,0)","(3,1,0,0):iso-00011",975b9f30edbe6ef4223c5da048f4965ee3b274e237648509a7c47295b1e962b3,451,32d20c42b1948682fa0337a4ece40c0906d904b15b4776513dd2348dcb1fccfd
"(3,1,0,0)","(3,1,0,0):iso-00011",975b9f30edbe6ef4223c5da048f4965ee3b274e237648509a7c47295b1e962b3,451,c294e227881904e3fb6c608ba3959d7841ee1007c3210202b90624ee783a796d
"(3,1,0,0)","(3,1,0,0):iso-00011",975b9f30edbe6ef4223c5da048f4965ee3b274e237648509a7c47295b1e962b3,451,f858b3e52790420a856b3e655dc97945a6f354fd008eed93956e5f3e10309d9b
"(3,1,0,0)","(3,1,0,0):iso-00011",975b9f30edbe6ef4223c5da048f4965ee3b274e237648509a7c47295b1e962b3,451,3c397952f892e7d2f955885971c8a2441a10721a29977185b343fa85ad4b93e7
"(3,1,0,0)","(3,1,0,0):iso-00011",975b9f30edbe6ef4223c5da048f4965ee3b274e237648509a7c47295b1e962b3,451,c9242b136010ce9143a1a36c4eca1ec8e21bcafb8802956772b61baceecb5e0c
"(3,1,0,0)","(3,1,0,0):iso-00011",975b9f30edbe6ef4223c5da048f4965ee3b274e237648509a7c47295b1e962b3,451,09b2199f52ee75c3b9eca5c359572a10fcd4483fa870682fdb91e9f12c951e68
"(3,1,0,0)","(3,1,0,0):iso-00011",975b9f30edbe6ef4223c5da048f4965ee3b274e237648509a7c47295b1e962b3,451,362d3f39d6c03182c021953236671db944cf357fbd1938592b6644b65eb1bfb6
"(3,1,0,0)","(3,1,0,0):iso-00011",975b9f30edbe6ef4223c5da048f4965ee3b274e237648509a7c47295b1e962b3,451,620e51589aa118fdb29d51eb1b5e06f7a5401f96b839ce20587a4d2c560427f3
"(3,1,0,0)","(3,1,0,0):iso-00011",975b9f30edbe6ef4223c5da048f4965ee3b274e237648509a7c47295b1e962b3,451,c4b8ffc8cf80e0d057c0ef03efd1714af9fb5a5ff83b1fa33b0daa08839c15db
"(3,1,0,0)","(3,1,0,0):iso-00011",975b9f30edbe6ef4223c5da048f4965ee3b274e237648509a7c47295b1e962b3,451,556741177a9a45d389730ca1d0f9d14207b212a8247cc9f97e185872b0083258
"(3,1,0,0)","(3,1,0,0):iso-00011",975b9f30edbe6ef4223c5da048f4965ee3b274e237648509a7c47295b1e962b3,451,186b758b3e2eb983e08f29eba684a1c80949ca0a3b405a7bead489a89cd6fb28
"(3,1,0,0)","(3,1,0,0):iso-00011",975b9f30edbe6ef4223c5da048f4965ee3b274e237648509a7c47295b1e962b3,451,dace4ef253263b005d5c0cb877d34a0aa8f30f7bba07a9bc60c9c46b997cda2c
"(3,1,0,0)","(3,1,0,0):iso-00011",975b9f30edbe6ef4223c5da048f4965ee3b274e237648509a7c47295b1e962b3,451,a4fa3582df46533c2b636eeb079b3e42a0d7df27c0a23ac06d92bdc966bc5052
"(3,1,0,0)","(3,1,0,0):iso-00011",975b9f30edbe6ef4223c5da048f4965ee3b274e237648509a7c47295b1e962b3,451,56eec48e268af71641ac5b7ce65db03683d06c434c458c1c805ec14006a0bc5a
"(3,1,0,0)","(3,1,0,0):iso-00011",975b9f30edbe6ef4223c5da048f4965ee3b274e237648509a7c47295b1e962b3,451,c876aa6d4e4eb6378a58d0a0f200a25cbbe7a277f8b1907b8080b6a42f1d40f4
"(3,1,0,0)","(3,1,0,0):iso-00011",975b9f30edbe6ef4223c5da048f4965ee3b274e237648509a7c47295b1e962b3,451,1e81aa9a07255fe48620c42b0f79969e2f4cf0b671fa732bdbf54b3bd54103de
"(3,1,0,0)","(3,1,0,0):iso-00011",975b9f30edbe6ef4223c5da048f4965ee3b274e237648509a7c47295b1e962b3,451,9513683a381d3557f94731842109037c9e7bc10cd774d16c9e261c6f8610eeb3
"(3,1,0,0)","(3,1,0,0):iso-00011",975b9f30edbe6ef4223c5da048f4965ee3b274e237648509a7c47295b1e962b3,451,76b771547a2cf8067352d308802c762b4ccaa731b160abb881d4af1d30b8b3d1
"(3,1,0,0)","(3,1,0,0):iso-00011",975b9f30edbe6ef4223c5da048f4965ee3b274e237648509a7c47295b1e962b3,451,64af6fc3f5206600c5ead97c3a8ac59b3f3ea2051f643af9ae31162b4fdade9f
"(3,1,0,0)","(3,1,0,0):iso-00011",975b9f30edbe6ef4223c5da048f4965ee3b274e237648509a7c47295b1e962b3,451,e5f585b95342adcc67496f6f7afa4e870ee0168b5d9be4b94059f09e4a952b60
"(3,1,0,0)","(3,1,0,0):iso-00011",975b9f30edbe6ef4223c5da048f4965ee3b274e237648509a7c47295b1e962b3,451,53c988d8b8241307e99f8b4286bbecdd321b6fad2fc44a000bff88586063a541
"(3,1,0,0)","(3,1,0,0):iso-00011",975b9f30edbe6ef4223c5da048f4965ee3b274e237648509a7c47295b1e962b3,451,8c5025d2e0f4a4a5ceda7e7ab5f687e7efd25fe75a932cf7108f8018a8ac0e71
"(3,1,0,0)","(3,1,0,0):iso-00011",975b9f30edbe6ef4223c5da048f4965ee3b274e237648509a7c47295b1e962b3,451,0372165a09dd186bfe4c6fbc5c07a514a913612094e7f03e53d3ab300a52bbe6
"(3,1,0,0)","(3,1,0,0):iso-00011",975b9f30edbe6ef4223c5da048f4965ee3b274e237648509a7c47295b1e962b3,451,9154d9ddbc81d1b328121d978bad28660297083dedb60f1713fe5bbc53cf115a
"(3,1,0,0)","(3,1,0,0):iso-00011",975b9f30edbe6ef4223c5da048f4965ee3b274e237648509a7c47295b1e962b3,451,5fc56df9e958a9430b7864a91ac7f3eb24f5f6986b728218285b3f5cc98d717d
"(3,1,0,0)","(3,1,0,0):iso-00011",975b9f30edbe6ef4223c5da048f4965ee3b274e237648509a7c47295b1e962b3,451,345bcc06af1c4d3bf74b8e80c9daa2d6116dbb9874e34d73632a051a3c821613
"(3,1,0,0)","(3,1,0,0):iso-00011",975b9f30edbe6ef4223c5da048f4965ee3b274e237648509a7c47295b1e962b3,451,e55acf7b6618664c2d4196b2778c2033ec3017f8bd49a658ecd4a6ee36a0a0b9
"(3,1,0,0)","(3,1,0,0):iso-00011",975b9f30edbe6ef4223c5da048f4965ee3b274e237648509a7c47295b1e962b3,451,acda857988f97320efe4d241f7702db7142f7e4c2b0867dd301a75ed16b193e2
"(3,1,0,0)","(3,1,0,0):iso-00011",975b9f30edbe6ef4223c5da048f4965ee3b274e237648509a7c47295b1e962b3,451,e7dcba6513266a70149a71bd050c2f8ee8431028360483b9a0cc24b1c4da456a
"(3,1,0,0)","(3,1,0,0):iso-00011",975b9f30edbe6ef4223c5da048f4965ee3b274e237648509a7c47295b1e962b3,451,7498094949ee3fd30d96d9a2f060bfe0d92217b2c1c8c3789f303b9eb41c3e7d
"(3,1,0,0)","(3,1,0,0):iso-00011",975b9f30edbe6ef4223c5da048f4965ee3b274e237648509a7c47295b1e962b3,451,cb7ce50dc65b8a2a3c8e3f27d05e566cb33a210e056b462168b8c58dedcbe5d0
"(3,1,0,0)","(3,1,0,0):iso-00011",975b9f30edbe6ef4223c5da048f4965ee3b274e237648509a7c47295b1e962b3,451,772971d8cee7734db0624fef7db96a8b03744b5e1689ae45305a2a614b6bfbf0
"(3,1,0,0)","(3,1,0,0):iso-00011",975b9f30edbe6ef4223c5da048f4965ee3b274e237648509a7c47295b1e962b3,451,c64da2fecce784842f05c36395c13a886827811107c506d608f34832152a3822
"(3,1,0,0)","(3,1,0,0):iso-00011",975b9f30edbe6ef4223c5da048f4965ee3b274e237648509a7c47295b1e962b3,451,026586118a7022d6d262f7417c11eac3063010998d5751e0c871be940dbbd22f
"(3,1,0,0)","(3,1,0,0):iso-00011",975b9f30edbe6ef4223c5da048f4965ee3b274e237648509a7c47295b1e962b3,451,96f3c49b655bc2b0ca287ecc719c34b4c764c43279dc7d4acbe8c2e59c2a5b29
"(3,1,0,0)","(3,1,0,0):iso-00011",975b9f30edbe6ef4223c5da048f4965ee3b274e237648509a7c47295b1e962b3,451,56e71064374d001166661d446976137dc9b29772be1e7d3148de4218f59fa73d
"(3,1,0,0)","(3,1,0,0):iso-00011",975b9f30edbe6ef4223c5da048f4965ee3b274e237648509a7c47295b1e962b3,451,f9d9615ba5aa12d61bb00c447b4e733ae7f4c43efb5ca50b3b4710521d8c3d8d
"(3,1,0,0)","(3,1,0,0):iso-00011",975b9f30edbe6ef4223c5da048f4965ee3b274e237648509a7c47295b1e962b3,451,8d07996ecde4daa651267e7fd8927db6d014ee51c383ae69be418412a4c66c58
"(3,1,0,0)","(3,1,0,0):iso-00011",975b9f30edbe6ef4223c5da048f4965ee3b274e237648509a7c47295b1e962b3,451,def943b1a71bd6a18dba03573e788624be79a537f60649ac645f49d5a70dfec8
"(3,1,0,0)","(3,1,0,0):iso-00011",975b9f30edbe6ef4223c5da048f4965ee3b274e237648509a7c47295b1e962b3,451,8c9c4095e9418ee607c6fa5f2966ddc4bea0c114bc1dce78ba3a14346f6b5b02
"(3,1,0,0)","(3,1,0,0):iso-00011",975b9f30edbe6ef4223c5da048f4965ee3b274e237648509a7c47295b1e962b3,451,42d2ac8cc0c8928aa94b5f84a3abc1de3219162d82ffedc221ea8f5229082d44
"(3,1,0,0)","(3,1,0,0):iso-00011",975b9f30edbe6ef4223c5da048f4965ee3b274e237648509a7c47295b1e962b3,451,7ba0627ea55208324191ef5b47feb78d5e9c665cddf24e4a5992019f8f9ceaa1
"(3,1,0,0)","(3,1,0,0):iso-00011",975b9f30edbe6ef4223c5da048f4965ee3b274e237648509a7c47295b1e962b3,451,46d0c4c51266dcfdd5e5c47ff47415915540e42f094cd2cf02168937c7a921f9
"(3,1,0,0)","(3,1,0,0):iso-00011",975b9f30edbe6ef4223c5da048f4965ee3b274e237648509a7c47295b1e962b3,451,4005e4c0fdd17168d057913b1fe151bd8fc2c33edfc19aafabd982f5a9f9eabd
"(3,1,0,0)","(3,1,0,0):iso-00011",975b9f30edbe6ef4223c5da048f4965ee3b274e237648509a7c47295b1e962b3,451,c760f3a89ca1fb9930e167928baeee39f3244c47f456a5649cc14f6bdec2d80d
"(3,1,0,0)","(3,1,0,0):iso-00011",975b9f30edbe6ef4223c5da048f4965ee3b274e237648509a7c47295b1e962b3,451,85deac66aa4fcc9fd69bb862cdc61a8b8b10fe9a4b395e6ba6b6dfa578fda8db
"(3,1,0,0)","(3,1,0,0):iso-00011",975b9f30edbe6ef4223c5da048f4965ee3b274e237648509a7c47295b1e962b3,451,ac133c8810418f03de0d352254235c4f0ac941ab30bb3ff394c50533e4dcc10e
"(3,1,0,0)","(3,1,0,0):iso-00011",975b9f30edbe6ef4223c5da048f4965ee3b274e237648509a7c47295b1e962b3,451,58ccfcf9084718366f8ef3b21096e553030028f83eb3e11b7ebc4211e274d476
"(3,1,0,0)","(3,1,0,0):iso-00011",975b9f30edbe6ef4223c5da048f4965ee3b274e237648509a7c47295b1e962b3,451,8374b0bf38f0fc68f377d11fe177605c16661a8e2a48ee1e3497b014ceeea67e
"(3,1,0,0)","(3,1,0,0):iso-00011",975b9f30edbe6ef4223c5da048f4965ee3b274e237648509a7c47295b1e962b3,451,bafbee322c994e6d67d8b9606b7b5bf75584058cd4f8845f3cb6f294eba356b5
"(3,1,0,0)","(3,1,0,0):iso-00011",975b9f30edbe6ef4223c5da048f4965ee3b274e237648509a7c47295b1e962b3,451,b0e3e5866088d612fe342e8d1df911a1b4b4e5cc7d252b31ba27dc1e41b7112f
"(3,1,0,0)","(3,1,0,0):iso-00011",975b9f30edbe6ef4223c5da048f4965ee3b274e237648509a7c47295b1e962b3,451,fdf766a606d1bc0ba55b7b3f0493f169874bef9d155cabfea827716926ea3134
"(3,1,0,0)","(3,1,0,0):iso-00011",975b9f30edbe6ef4223c5da048f4965ee3b274e237648509a7c47295b1e962b3,451,2b02f7703de5db51c1b1f6676ce76d3b4f2747f8b57bbebbec96f70df001a9fe
"(3,1,0,0)","(3,1,0,0):iso-00011",975b9f30edbe6ef4223c5da048f4965ee3b274e237648509a7c47295b1e962b3,451,b09d9ac783bd76ad7497f62b5fc4fd8f77cbb8beeb4c53423cb424ab8e70a92e
"(3,1,0,0)","(3,1,0,0):iso-00011",975b9f30edbe6ef4223c5da048f4965ee3b274e237648509a7c47295b1e962b3,451,aaf2faae3edb53ba9b0621a4f3e40b86df60c52ec069d7f1e8af774fea9f9d72
"(3,1,0,0)","(3,1,0,0):iso-00011",975b9f30edbe6ef4223c5da048f4965ee3b274e237648509a7c47295b1e962b3,451,404e9f63942b7d4dda7982d7c49facb1cf4db0044d310cfdafd285a1021f08b6
"(3,1,0,0)","(3,1,0,0):iso-00011",975b9f30edbe6ef4223c5da048f4965ee3b274e237648509a7c47295b1e962b3,451,75c76724852da969a09390fe029626a23bb8cf80a28f7b2f057567aff4c9c27f
"(3,1,0,0)","(3,1,0,0):iso-00011",975b9f30edbe6ef4223c5da048f4965ee3b274e237648509a7c47295b1e962b3,451,8ad47a05f83f6ac9d5573893e22d785daf475d3a904d4be149737bbd24ea6c48
"(3,1,0,0)","(3,1,0,0):iso-00011",975b9f30edbe6ef4223c5da048f4965ee3b274e237648509a7c47295b1e962b3,451,7541648daa825fb90321d4c6a090a460403ae70b52a0a315046108ce28ccbb2f
"(3,1,0,0)","(3,1,0,0):iso-00011",975b9f30edbe6ef4223c5da048f4965ee3b274e237648509a7c47295b1e962b3,451,7b05eb0be840b2170a121c1a1b0fca3c1718e4e8a681ae0572f4954e83986146
"(3,1,0,0)","(3,1,0,0):iso-00011",975b9f30edbe6ef4223c5da048f4965ee3b274e237648509a7c47295b1e962b3,451,e602d243b5ec0d38b60a8689ec5d2ef3ca7b2d19400091736cd9002d98fb36d8
"(3,1,0,0)","(3,1,0,0):iso-00011",975b9f30edbe6ef4223c5da048f4965ee3b274e237648509a7c47295b1e962b3,451,e8f9b966852f07a12b39551de2478c88652fae25a80de0b76f3733b44f6515bb
"(3,1,0,0)","(3,1,0,0):iso-00011",975b9f30edbe6ef4223c5da048f4965ee3b274e237648509a7c47295b1e962b3,451,8e6d3ccdd6401ea2a86b47fe5eca9ab2d963538803db5fb77ebef2724997b3ad
"(3,1,0,0)","(3,1,0,0):iso-00011",975b9f30edbe6ef4223c5da048f4965ee3b274e237648509a7c47295b1e962b3,451,9bf89c4d5a9a411ddbc8778a179be9d2eb676c21f4bf7a11c1320e8c93d5b137
"(3,1,0,0)","(3,1,0,0):iso-00011",975b9f30edbe6ef4223c5da048f4965ee3b274e237648509a7c47295b1e962b3,451,d8d57781ce9d59a9fa5508184f3cb200135b88532c8cb18d0aa9921ba6cc6b51
"(3,1,0,0)","(3,1,0,0):iso-00011",975b9f30edbe6ef4223c5da048f4965ee3b274e237648509a7c47295b1e962b3,451,da8f1018444d6a05fd78caa52024ffa09f6a497cf7be497beda0fc1e8f3f2d78
"(3,1,0,0)","(3,1,0,0):iso-00011",975b9f30edbe6ef4223c5da048f4965ee3b274e237648509a7c47295b1e962b3,451,61354d57485d2c9b4f70578b870c5d00648e51b5c1e6dd10fcb66cb66019ce5c
"(3,1,0,0)","(3,1,0,0):iso-00011",975b9f30edbe6ef4223c5da048f4965ee3b274e237648509a7c47295b1e962b3,451,0b843abd742081196e7285c3cdc6a4bc9d239770d52e1c5ae8fd059c820e1451
"(3,1,0,0)","(3,1,0,0):iso-00011",975b9f30edbe6ef4223c5da048f4965ee3b274e237648509a7c47295b1e962b3,451,7c9b56fed3821169b14867ba7aac942d10bdc571dda4fd3d392d1c724257655c
"(3,1,0,0)","(3,1,0,0):iso-00011",975b9f30edbe6ef4223c5da048f4965ee3b274e237648509a7c47295b1e962b3,451,d72162c5e3b27cbe84292e57a1099b03c96a70d3c769377ee43f40654e8e7674
"(3,1,0,0)","(3,1,0,0):iso-00011",975b9f30edbe6ef4223c5da048f4965ee3b274e237648509a7c47295b1e962b3,451,ac05eb9fbbccfba2d816f6133a89544b7ac5c2be91c490c6f7a7a1151733a994
"(3,1,0,0)","(3,1,0,0):iso-00011",975b9f30edbe6ef4223c5da048f4965ee3b274e237648509a7c47295b1e962b3,451,a9cd8c61a00c968272b6c36c31ae83efdd3b3705b8f59f0b6b5c6f06141b0d02
"(3,1,0,0)","(3,1,0,0):iso-00011",975b9f30edbe6ef4223c5da048f4965ee3b274e237648509a7c47295b1e962b3,451,add1d0c4c7c5166516c307dbcd7a167bd25639a8c5a0b9df2cbaf9bb2fbc1678
"(3,1,0,0)","(3,1,0,0):iso-00011",975b9f30edbe6ef4223c5da048f4965ee3b274e237648509a7c47295b1e962b3,451,d0e04833fb482444aa03fc9350287a42d9e123d48dc653934b7841c867acd4ac
"(3,1,0,0)","(3,1,0,0):iso-00011",975b9f30edbe6ef4223c5da048f4965ee3b274e237648509a7c47295b1e962b3,451,dfd9e032eddaed16c88994b8a13c3508305b287e2fd24bbadcea4fd398f24aed
"(3,1,0,0)","(3,1,0,0):iso-00011",975b9f30edbe6ef4223c5da048f4965ee3b274e237648509a7c47295b1e962b3,451,22c07b042845a8e0637753e831d57b5e41a32074523d7f823d75e91b3ac714da
"(3,1,0,0)","(3,1,0,0):iso-00011",975b9f30edbe6ef4223c5da048f4965ee3b274e237648509a7c47295b1e962b3,451,1dd7d31652572abf75b3178c37c005c21265f77c6843f5290da237b55965574e
"(3,1,0,0)","(3,1,0,0):iso-00011",975b9f30edbe6ef4223c5da048f4965ee3b274e237648509a7c47295b1e962b3,451,096b0e67d33f4fc13a4e9095deef67c8ea01be14727b3d25ae4b0680922f137e
"(3,1,0,0)","(3,1,0,0):iso-00011",975b9f30edbe6ef4223c5da048f4965ee3b274e237648509a7c47295b1e962b3,451,80ea7c8c5d9d96fe2fef73ac0c2e8eeeb2573f7c5a45722ff4d832c8e9b622bf
"(3,1,0,0)","(3,1,0,0):iso-00011",975b9f30edbe6ef4223c5da048f4965ee3b274e237648509a7c47295b1e962b3,451,1c3e27cf918aef9d7574859a64615ebbfbcdb45873edd1237c981617b6675393
"(3,1,0,0)","(3,1,0,0):iso-00011",975b9f30edbe6ef4223c5da048f4965ee3b274e237648509a7c47295b1e962b3,451,6dc7664a6092adb4fc756b07143650994c2ebcb28b012f3fe531190f603697df
"(3,1,0,0)","(3,1,0,0):iso-00011",975b9f30edbe6ef4223c5da048f4965ee3b274e237648509a7c47295b1e962b3,451,938ffc14b9c936311ba56ec1d754f9128932cdb38b93211fe56a396b5000f190
"(3,1,0,0)","(3,1,0,0):iso-00011",975b9f30edbe6ef4223c5da048f4965ee3b274e237648509a7c47295b1e962b3,451,0bb55bd015c130f45cbee8ad0137fcdd3bcaf2fc5c93fa551d101608504369ce
"(3,1,0,0)","(3,1,0,0):iso-00011",975b9f30edbe6ef4223c5da048f4965ee3b274e237648509a7c47295b1e962b3,451,af60bc5cf51a3beaaa48ef1266cc19529ca83924a6ba7b18525adeec3b5e60c0
"(3,1,0,0)","(3,1,0,0):iso-00011",975b9f30edbe6ef4223c5da048f4965ee3b274e237648509a7c47295b1e962b3,451,a575d12da6842b2da3fd67b3f9dc76f451aeb6d3bc0eafa9a62f4525847be0b7
"(3,1,0,0)","(3,1,0,0):iso-00011",975b9f30edbe6ef4223c5da048f4965ee3b274e237648509a7c47295b1e962b3,451,53e35ed3cbf42b1f280fc3057daf32a93afde4bf595f5e0cbc23408d5d956c2a
"(3,1,0,0)","(3,1,0,0):iso-00011",975b9f30edbe6ef4223c5da048f4965ee3b274e237648509a7c47295b1e962b3,451,77049ba4cbbc47756fd00439125cf37aadb13837c35d909f185f666d7c671d28
"(3,1,0,0)","(3,1,0,0):iso-00011",975b9f30edbe6ef4223c5da048f4965ee3b274e237648509a7c47295b1e962b3,451,e0a1a06627a9f03ff6d485af2097e00fbd763d27c9ad50706ca72d9fc74ae3aa
"(3,1,0,0)","(3,1,0,0):iso-00011",975b9f30edbe6ef4223c5da048f4965ee3b274e237648509a7c47295b1e962b3,451,acb099dbd95249a518d44b9d66f5832668489414e705ce74a173904ef18a0cfb
"(3,1,0,0)","(3,1,0,0):iso-00011",975b9f30edbe6ef4223c5da048f4965ee3b274e237648509a7c47295b1e962b3,451,940672a247432b4916806e4d61b3b4942724c8b6fe2311087766a88b8961827f
"(3,1,0,0)","(3,1,0,0):iso-00011",975b9f30edbe6ef4223c5da048f4965ee3b274e237648509a7c47295b1e962b3,451,3c532bb32ac428fe605f46862a5fb0aee32a7347c1b567bb4603c3d3de54d095
"(3,1,0,0)","(3,1,0,0):iso-00011",975b9f30edbe6ef4223c5da048f4965ee3b274e237648509a7c47295b1e962b3,451,e4eaf006c65c3dadacb3279707d38786086e9a1a927b42984bb643e0929a56d3
"(3,1,0,0)","(3,1,0,0):iso-00011",975b9f30edbe6ef4223c5da048f4965ee3b274e237648509a7c47295b1e962b3,451,88959570fce14064cb9fa37a1554717d9eebfdf18fd99f84c3580134db29e714
"(3,1,0,0)","(3,1,0,0):iso-00011",975b9f30edbe6ef4223c5da048f4965ee3b274e237648509a7c47295b1e962b3,451,0b0fd360357fa2446e9085c5ab603f27ddab853d44a91ef9031132d465c797b8
"(3,1,0,0)","(3,1,0,0):iso-00011",975b9f30edbe6ef4223c5da048f4965ee3b274e237648509a7c47295b1e962b3,451,3c4525e0995490a6704dba542a8c817805ed3982676d27b4aae40f046cc86f67
"(3,1,0,0)","(3,1,0,0):iso-00011",975b9f30edbe6ef4223c5da048f4965ee3b274e237648509a7c47295b1e962b3,451,16d4129a455c991f57e6a23261dc738b904f03e8371118106a7d3278da8d5817
"(3,1,0,0)","(3,1,0,0):iso-00011",975b9f30edbe6ef4223c5da048f4965ee3b274e237648509a7c47295b1e962b3,451,1386eabf902fbf7119bb45ef4908122fc8cad8fd599b3434ad32d64538bf8f2a
"(3,1,0,0)","(3,1,0,0):iso-00011",975b9f30edbe6ef4223c5da048f4965ee3b274e237648509a7c47295b1e962b3,451,094ca3382a7eda080209c0d633b3d0f60ea2ab344b94aa9de1709785a52e514e
"(3,1,0,0)","(3,1,0,0):iso-00011",975b9f30edbe6ef4223c5da048f4965ee3b274e237648509a7c47295b1e962b3,451,62afec830ee98a4c1704fb88d5031c239976f868b529283aae94ccaebb4761dd
"(3,1,0,0)","(3,1,0,0):iso-00011",975b9f30edbe6ef4223c5da048f4965ee3b274e237648509a7c47295b1e962b3,451,e9a711183ffee248efdddb21df40d39d33609bb0685881cfcbedf53c5f6040fd
"(3,1,0,0)","(3,1,0,0):iso-00011",975b9f30edbe6ef4223c5da048f4965ee3b274e237648509a7c47295b1e962b3,451,7bfed222ed2a10d14355ad7bd94c093597441a62d6804b60d1c191e60afafc45
"(3,1,0,0)","(3,1,0,0):iso-00011",975b9f30edbe6ef4223c5da048f4965ee3b274e237648509a7c47295b1e962b3,451,a64e26112f02ce9c9fd93b291b33e9e252342c4c981489105f5e4600d9285be6
"(3,1,0,0)","(3,1,0,0):iso-00011",975b9f30edbe6ef4223c5da048f4965ee3b274e237648509a7c47295b1e962b3,451,391f168bf1efb871929382e006fe0e3b3993e84152a4d6a5642d93cb3a51c5ec
"(3,1,0,0)","(3,1,0,0):iso-00011",975b9f30edbe6ef4223c5da048f4965ee3b274e237648509a7c47295b1e962b3,451,67fa65b7f918726b5b0cb84ab0afaf2f7f3e0013e6b75dab6252cef7f0c5fe5b
"(3,1,0,0)","(3,1,0,0):iso-00011",975b9f30edbe6ef4223c5da048f4965ee3b274e237648509a7c47295b1e962b3,451,9fd54a5d55fd8951aebe192821b6927224d7bca97a9acb2407ab6257b3ba0bb3
"(3,1,0,0)","(3,1,0,0):iso-00011",975b9f30edbe6ef4223c5da048f4965ee3b274e237648509a7c47295b1e962b3,451,69ece75bd3b190162e6a61087db85a8bc9ed4ee98154469840b7fbf7fe221e07
"(3,1,0,0)","(3,1,0,0):iso-00011",975b9f30edbe6ef4223c5da048f4965ee3b274e237648509a7c47295b1e962b3,451,042466257a188d25d7f1a404916a6415831de24313191be7bd75efed367465d3
"(3,1,0,0)","(3,1,0,0):iso-00011",975b9f30edbe6ef4223c5da048f4965ee3b274e237648509a7c47295b1e962b3,451,d13228ae12ebfc2a3a1c4d6e3f810aa29cca7f00cc862a05316f61170c947bcf
"(3,1,0,0)","(3,1,0,0):iso-00011",975b9f30edbe6ef4223c5da048f4965ee3b274e237648509a7c47295b1e962b3,451,763c8e114e5edebeba74cafd3b7342ccf3975a567274cff7e4804bcd2f7ffcf2
"(3,1,0,0)","(3,1,0,0):iso-00011",975b9f30edbe6ef4223c5da048f4965ee3b274e237648509a7c47295b1e962b3,451,a00a2af480e95d8ddc3f6aea5294f44908362ae3fa37e941538cb3d1ed9a0db1
"(3,1,0,0)","(3,1,0,0):iso-00011",975b9f30edbe6ef4223c5da048f4965ee3b274e237648509a7c47295b1e962b3,451,19ef5d6d00747c1ced59b643efe2dd08142ac8f0c5de89e4144c1d55cbeb0b3a
"(3,1,0,0)","(3,1,0,0):iso-00011",975b9f30edbe6ef4223c5da048f4965ee3b274e237648509a7c47295b1e962b3,451,63921c7b2f870ef9ebb2551fc96df92a89a73420487640e02558d03319eef269
"(3,1,0,0)","(3,1,0,0):iso-00011",975b9f30edbe6ef4223c5da048f4965ee3b274e237648509a7c47295b1e962b3,451,2910a055f16a6787e559a000e671a15f243ecd55e639f721fe4d0858dd5e04eb
"(3,1,0,0)","(3,1,0,0):iso-00011",975b9f30edbe6ef4223c5da048f4965ee3b274e237648509a7c47295b1e962b3,451,d7496bf8ed68c6dd9cfc1b100b0fc57cba7b17b0755b21d7ee05ab7c6c2c7783
"(3,1,0,0)","(3,1,0,0):iso-00011",975b9f30edbe6ef4223c5da048f4965ee3b274e237648509a7c47295b1e962b3,451,287a24ceb4eba498bb6b1bc34d6071c5cb6dbfc791fc3dcaf7a1b2532397ec1c
"(3,1,0,0)","(3,1,0,0):iso-00011",975b9f30edbe6ef4223c5da048f4965ee3b274e237648509a7c47295b1e962b3,451,5c5546c27a5cab39407cd3504bcec241c29e52f50c4c4c7f9e641ab8e0a32df0
"(3,1,0,0)","(3,1,0,0):iso-00011",975b9f30edbe6ef4223c5da048f4965ee3b274e237648509a7c47295b1e962b3,451,af4fc358b36dcac3e1afcdfae8f9865443a5197cfac8ac82f5d68468d7d61141
"(3,1,0,0)","(3,1,0,0):iso-00011",975b9f30edbe6ef4223c5da048f4965ee3b274e237648509a7c47295b1e962b3,451,cde9cd3c39412d37ec1152afe83b763a821f80c8ca6c020b404178fb140dc639
"(3,1,0,0)","(3,1,0,0):iso-00011",975b9f30edbe6ef4223c5da048f4965ee3b274e237648509a7c47295b1e962b3,451,fea9ba7be2cdeb18dabb282c173db4af8cf530278481eabd25a722da90d90596
"(3,1,0,0)","(3,1,0,0):iso-00011",975b9f30edbe6ef4223c5da048f4965ee3b274e237648509a7c47295b1e962b3,451,40057a5ec82849974aa380609b52fe5dfb006438564c9d3dbdf7a1ca3bef954f
"(3,1,0,0)","(3,1,0,0):iso-00011",975b9f30edbe6ef4223c5da048f4965ee3b274e237648509a7c47295b1e962b3,451,061f1c4574a2bc94abf11f189250efbbc9e56874f3c4c149f13a3c8b629552b0
"(3,1,0,0)","(3,1,0,0):iso-00011",975b9f30edbe6ef4223c5da048f4965ee3b274e237648509a7c47295b1e962b3,451,4a6286e174967d67018ee43d6c14b68617c9e1af8721d3277ffbb5451b97605f
"(3,1,0,0)","(3,1,0,0):iso-00011",975b9f30edbe6ef4223c5da048f4965ee3b274e237648509a7c47295b1e962b3,451,a0cd8e7f9a1e184399a219bbf95d72e59b704c81091c0e83ad5dc8b44e62b3b5
"(3,1,0,0)","(3,1,0,0):iso-00011",975b9f30edbe6ef4223c5da048f4965ee3b274e237648509a7c47295b1e962b3,451,b27698dd11dda45584f33338c74dce268e199424860a2f092ebe3e8121ef97f7
"(3,1,0,0)","(3,1,0,0):iso-00011",975b9f30edbe6ef4223c5da048f4965ee3b274e237648509a7c47295b1e962b3,451,c58636fefd63d83733c91de948d400e287b04669e4fb8268b66254b97726f0a4
"(3,1,0,0)","(3,1,0,0):iso-00011",975b9f30edbe6ef4223c5da048f4965ee3b274e237648509a7c47295b1e962b3,451,ce29becd90d99e625843f8fa9171133d26a781481cff9a78ec9e933c8cbc3fb8
"(3,1,0,0)","(3,1,0,0):iso-00011",975b9f30edbe6ef4223c5da048f4965ee3b274e237648509a7c47295b1e962b3,451,9a3770332ffd8ac579c98ed4e8d09691ab05ddd7e864aa5250af4d320729cfcd
"(3,1,0,0)","(3,1,0,0):iso-00011",975b9f30edbe6ef4223c5da048f4965ee3b274e237648509a7c47295b1e962b3,451,404e61c9a255e3b9a82d9dd4c0a9b4bbd3f4e1a7ae8086ec9a8a8124eb118bd9
"(3,1,0,0)","(3,1,0,0):iso-00011",975b9f30edbe6ef4223c5da048f4965ee3b274e237648509a7c47295b1e962b3,451,9efe64695d34033bb20392ccff8769d50d7376476050c7f10d32b77f47b16474
"(3,1,0,0)","(3,1,0,0):iso-00011",975b9f30edbe6ef4223c5da048f4965ee3b274e237648509a7c47295b1e962b3,451,76f1d8a3dd7c7f213e73912ef8ccf46e28fe49bac7be4cc7744636d6d205fee3
"(3,1,0,0)","(3,1,0,0):iso-00011",975b9f30edbe6ef4223c5da048f4965ee3b274e237648509a7c47295b1e962b3,451,5d86c211faa456cdf7777173aece300c7e442f0bd4ddce36a221e7384680c6cb
"(3,1,0,0)","(3,1,0,0):iso-00011",975b9f30edbe6ef4223c5da048f4965ee3b274e237648509a7c47295b1e962b3,451,9cfd3d1b1badb65198b5c242352039d7c77711b370a4bd7ff6bb4dcd58ddf65f
"(3,1,0,0)","(3,1,0,0):iso-00011",975b9f30edbe6ef4223c5da048f4965ee3b274e237648509a7c47295b1e962b3,451,c38ff306c0a04c1195070de99761b8576d1b01da77cb22e80347949cb07885f7
"(3,1,0,0)","(3,1,0,0):iso-00011",975b9f30edbe6ef4223c5da048f4965ee3b274e237648509a7c47295b1e962b3,451,a315c7879e7422e00881f7d72737acf4d933f5caeb851e3606ae8d05099eb044
"(3,1,0,0)","(3,1,0,0):iso-00011",975b9f30edbe6ef4223c5da048f4965ee3b274e237648509a7c47295b1e962b3,451,4ab6bdb67722907779e7c531e9f65a8490bd7968e0093ceec671e278af050c1f
"(3,1,0,0)","(3,1,0,0):iso-00011",975b9f30edbe6ef4223c5da048f4965ee3b274e237648509a7c47295b1e962b3,451,53034782948e0804b01d5514e1513486838af3ffa386b280f7bba20f914af714
"(3,1,0,0)","(3,1,0,0):iso-00011",975b9f30edbe6ef4223c5da048f4965ee3b274e237648509a7c47295b1e962b3,451,b23d1ead21d0fa708dd6d5f2b2a5df3b94627a853f65187ba8fc37e67e67c93a
"(3,1,0,0)","(3,1,0,0):iso-00011",975b9f30edbe6ef4223c5da048f4965ee3b274e237648509a7c47295b1e962b3,451,4e6356943c91e7a9ba0fa2ad5d08d955d93d1c6c5e3d78a69ce6a24a4481cf3a
"(3,1,0,0)","(3,1,0,0):iso-00011",975b9f30edbe6ef4223c5da048f4965ee3b274e237648509a7c47295b1e962b3,451,e67854a340653abbb42cc1732b559a638a12022bf35cdfce94915b04104d433c
"(3,1,0,0)","(3,1,0,0):iso-00011",975b9f30edbe6ef4223c5da048f4965ee3b274e237648509a7c47295b1e962b3,451,78ba13fbfa1c2bba77f64650a62cf6dfb08122e319e5f43cd3459a1d0a9f2253
"(3,1,0,0)","(3,1,0,0):iso-00011",975b9f30edbe6ef4223c5da048f4965ee3b274e237648509a7c47295b1e962b3,451,b1fa3917e96780ab30393b8a218773f2b0a913f2dda12c1092982f73dc0e0bb0
"(3,1,0,0)","(3,1,0,0):iso-00011",975b9f30edbe6ef4223c5da048f4965ee3b274e237648509a7c47295b1e962b3,451,c0cc54a0ce86fc05bf6162cbc1099bbb298f191218744332e26d4752d643e606
"(3,1,0,0)","(3,1,0,0):iso-00011",975b9f30edbe6ef4223c5da048f4965ee3b274e237648509a7c47295b1e962b3,451,4a7df78e18b2bcec2723b408c25788019e4d2f03a4b62b3e971780dcab658a5d
"(3,1,0,0)","(3,1,0,0):iso-00011",975b9f30edbe6ef4223c5da048f4965ee3b274e237648509a7c47295b1e962b3,451,dcee7cc9af5e8368d5c6c2851c43063b795ba892cdf0527af1fbb9d77647820d
"(3,1,0,0)","(3,1,0,0):iso-00011",975b9f30edbe6ef4223c5da048f4965ee3b274e237648509a7c47295b1e962b3,451,b50da10e746d67352c1402b5dbe0ca04535bfdf0e060b69742a577642fafba56
"(3,1,0,0)","(3,1,0,0):iso-00011",975b9f30edbe6ef4223c5da048f4965ee3b274e237648509a7c47295b1e962b3,451,6255afa69bc7d24172c95fb7e66bf299da9f274c10e0486354b6584aa92547b5
"(3,1,0,0)","(3,1,0,0):iso-00011",975b9f30edbe6ef4223c5da048f4965ee3b274e237648509a7c47295b1e962b3,451,141a340790e1b309707aaa28e78007f438f6d253d3020dfb67ee099af59c7262
"(3,1,0,0)","(3,1,0,0):iso-00011",975b9f30edbe6ef4223c5da048f4965ee3b274e237648509a7c47295b1e962b3,451,bb7d4c60126fed2bdcdcdd00ae9f44907be27ffd39c6a07747fcbcafd95b87b3
"(3,1,0,0)","(3,1,0,0):iso-00011",975b9f30edbe6ef4223c5da048f4965ee3b274e237648509a7c47295b1e962b3,451,2dea4951f5d9dbe57f7db8dcf1899ce5d46145b5b67df0331a7ae36913528c8c
"(3,1,0,0)","(3,1,0,0):iso-00011",975b9f30edbe6ef4223c5da048f4965ee3b274e237648509a7c47295b1e962b3,451,08dc090266e6ec3f91190e232000642502634a6d2264518b7581afd0343a40fd
"(3,1,0,0)","(3,1,0,0):iso-00011",975b9f30edbe6ef4223c5da048f4965ee3b274e237648509a7c47295b1e962b3,451,e5280944d4be505e2f00754ca1911c1aa6a3158c1ac0b3dec21348892bd65f9c
"(3,1,0,0)","(3,1,0,0):iso-00011",975b9f30edbe6ef4223c5da048f4965ee3b274e237648509a7c47295b1e962b3,451,d170513cd0d2777a81f48536d4b01c2cf5e80bc910a14d8077bc7f694f573111
"(3,1,0,0)","(3,1,0,0):iso-00011",975b9f30edbe6ef4223c5da048f4965ee3b274e237648509a7c47295b1e962b3,451,0ae0f2dddb07caae4765aaf3436198151d41b6c7e8a1f02be8098b73ad47c54a
"(3,1,0,0)","(3,1,0,0):iso-00011",975b9f30edbe6ef4223c5da048f4965ee3b274e237648509a7c47295b1e962b3,451,4ec1b54dda17a29242027a1e5ed9695b279b5523eba26264107e1b2761bce415
"(3,1,0,0)","(3,1,0,0):iso-00011",975b9f30edbe6ef4223c5da048f4965ee3b274e237648509a7c47295b1e962b3,451,c47fe5d5eab94a2f15da2040142ab8efe71cf285a03e3c6437c20560b588ccd4
"(3,1,0,0)","(3,1,0,0):iso-00011",975b9f30edbe6ef4223c5da048f4965ee3b274e237648509a7c47295b1e962b3,451,2ba0f006a3d790974d6e5b796fbd654593f0b57c3d40364809d8ca353e1166b1
"(3,1,0,0)","(3,1,0,0):iso-00011",975b9f30edbe6ef4223c5da048f4965ee3b274e237648509a7c47295b1e962b3,451,00cedeaf77a8c868246b8ae5cade96382d29b8312298b6961fe2cb0237d183f3
"(3,1,0,0)","(3,1,0,0):iso-00011",975b9f30edbe6ef4223c5da048f4965ee3b274e237648509a7c47295b1e962b3,451,69a9daefdc8ab95503e28fa4f3380da1c9c252402301b4998dca6fcee4345460
"(3,1,0,0)","(3,1,0,0):iso-00011",975b9f30edbe6ef4223c5da048f4965ee3b274e237648509a7c47295b1e962b3,451,97e1c40110242a00ccc77b97539e51fcfe1c48138a4513c85a6f5a99db0936e1
"(3,1,0,0)","(3,1,0,0):iso-00011",975b9f30edbe6ef4223c5da048f4965ee3b274e237648509a7c47295b1e962b3,451,486fe9c42a4d4aaa527b0a6ee98219411c1ee4a380fe92e86c614dcc232f1cbf
"(3,1,0,0)","(3,1,0,0):iso-00011",975b9f30edbe6ef4223c5da048f4965ee3b274e237648509a7c47295b1e962b3,451,adb8a1b97205f15aa83edbd1474db47439f6411c22ef73534a0ec6c390ba1fa2
"(3,1,0,0)","(3,1,0,0):iso-00011",975b9f30edbe6ef4223c5da048f4965ee3b274e237648509a7c47295b1e962b3,451,936ddf2ea9a955f8155457bf2ff8c79de69579b98708e5ccfd7cc92fd2e6ba38
"(3,1,0,0)","(3,1,0,0):iso-00011",975b9f30edbe6ef4223c5da048f4965ee3b274e237648509a7c47295b1e962b3,451,7251552847eb1dd4016086b0a6aae2b773b62ee0484364156e7c92f105398e4a
"(3,1,0,0)","(3,1,0,0):iso-00011",975b9f30edbe6ef4223c5da048f4965ee3b274e237648509a7c47295b1e962b3,451,b1707556bedf8569f0301b2aa6bedb6d4ff6db974d2b7ed2d5090372e4c5ae22
"(3,1,0,0)","(3,1,0,0):iso-00011",975b9f30edbe6ef4223c5da048f4965ee3b274e237648509a7c47295b1e962b3,451,119364cb02ed611f4d72de8e69387f1ed3650057d6de9290fda61afc65568282
"(3,1,0,0)","(3,1,0,0):iso-00011",975b9f30edbe6ef4223c5da048f4965ee3b274e237648509a7c47295b1e962b3,451,f6e7ff3e937a0963f3e308e0a697701f05c6563a3368c97afbcc49e5364ec590
"(3,1,0,0)","(3,1,0,0):iso-00011",975b9f30edbe6ef4223c5da048f4965ee3b274e237648509a7c47295b1e962b3,451,0462da0d55e66f1a3cde100b905110cc6bb44421e842b4dc87cced4014c7724a
"(3,1,0,0)","(3,1,0,0):iso-00011",975b9f30edbe6ef4223c5da048f4965ee3b274e237648509a7c47295b1e962b3,451,310dbbd649e4b30bf4928bfc07a059c127a340ed5e7636e8f32b3a7af8a4468d
"(3,1,0,0)","(3,1,0,0):iso-00011",975b9f30edbe6ef4223c5da048f4965ee3b274e237648509a7c47295b1e962b3,451,f892e7f7ae6b4521fcc184cbfc08ce3c10d174958e6890541bdc64100813106f
"(3,1,0,0)","(3,1,0,0):iso-00011",975b9f30edbe6ef4223c5da048f4965ee3b274e237648509a7c47295b1e962b3,451,45078325d0c1378b41e50324e424824eb71624cf363791790be5e7d3ec11998f
"(3,1,0,0)","(3,1,0,0):iso-00011",975b9f30edbe6ef4223c5da048f4965ee3b274e237648509a7c47295b1e962b3,451,fdd448b3b02a07b155e5adff2ae57b36061291b95d39cbcc9377054dbfa1c089
"(3,1,0,0)","(3,1,0,0):iso-00011",975b9f30edbe6ef4223c5da048f4965ee3b274e237648509a7c47295b1e962b3,451,781fd3bd7ae87b2e7032100aeb2d5a96e952078f3b57ace80975f8f2b6b808f5
"(3,1,0,0)","(3,1,0,0):iso-00011",975b9f30edbe6ef4223c5da048f4965ee3b274e237648509a7c47295b1e962b3,451,cf7e8622b4f97bfd91f91117709fe481b84d66a01926a8b12c505bcd91e889f3
"(3,1,0,0)","(3,1,0,0):iso-00011",975b9f30edbe6ef4223c5da048f4965ee3b274e237648509a7c47295b1e962b3,451,ed1977f8e52bf1e21f49979d6994157279d7fc50add61bee3dded77f00f9c2f4
"(3,1,0,0)","(3,1,0,0):iso-00011",975b9f30edbe6ef4223c5da048f4965ee3b274e237648509a7c47295b1e962b3,451,01e4196ff604efd4ab75290a35e625d3a2e30a792c5ba8f00d49b53a6468ac32
"(3,1,0,0)","(3,1,0,0):iso-00011",975b9f30edbe6ef4223c5da048f4965ee3b274e237648509a7c47295b1e962b3,451,9dea88a1b332cca8962ffc027f588c8b01cb2e57e5d950c8fb333cacf8b2b75b
"(3,1,0,0)","(3,1,0,0):iso-00011",975b9f30edbe6ef4223c5da048f4965ee3b274e237648509a7c47295b1e962b3,451,5d2717f779e55bdea5b56456b4f7ab9c08ac589d2c710d4449fee14b95ff954e
"(3,1,0,0)","(3,1,0,0):iso-00011",975b9f30edbe6ef4223c5da048f4965ee3b274e237648509a7c47295b1e962b3,451,d958fb0cb2ab3899593193678baa7f12b2f800810a90bc435683ddabf24de217
"(3,1,0,0)","(3,1,0,0):iso-00011",975b9f30edbe6ef4223c5da048f4965ee3b274e237648509a7c47295b1e962b3,451,fb5d118c98e5a6485d7bf7445385a882321af43026431b7b61deae5cc792b400
"(3,1,0,0)","(3,1,0,0):iso-00011",975b9f30edbe6ef4223c5da048f4965ee3b274e237648509a7c47295b1e962b3,451,1b18122458b42a65b84c84528f1391b90f2e6c27a93dc210a5f4dc11cd9a90e9
"(3,1,0,0)","(3,1,0,0):iso-00011",975b9f30edbe6ef4223c5da048f4965ee3b274e237648509a7c47295b1e962b3,451,f9c0100ef407e384e750acf4289bb4a8a38d0e9b778fca2afc8e527154840fc4
"(3,1,0,0)","(3,1,0,0):iso-00011",975b9f30edbe6ef4223c5da048f4965ee3b274e237648509a7c47295b1e962b3,451,6b87ac911bae460d05db1c44eb4f4e7081bb0fca1fe2ced5a57f9fed4b2597a9
"(3,1,0,0)","(3,1,0,0):iso-00011",975b9f30edbe6ef4223c5da048f4965ee3b274e237648509a7c47295b1e962b3,451,8f874213f4ccfb2cc1401ec51ef7e7d99f6a404fe9680f32b7b56e74d8ec046a
"(3,1,0,0)","(3,1,0,0):iso-00011",975b9f30edbe6ef4223c5da048f4965ee3b274e237648509a7c47295b1e962b3,451,f7fb23c111340f4836ef99db36f0d99135927f27cc94c1890e03559a97ce28f0
"(3,1,0,0)","(3,1,0,0):iso-00011",975b9f30edbe6ef4223c5da048f4965ee3b274e237648509a7c47295b1e962b3,451,ce84a89e9bebb0c4ba0c8d00092cf67e335b1340adf4ced5038bab3fe49c9bb9
"(3,1,0,0)","(3,1,0,0):iso-00011",975b9f30edbe6ef4223c5da048f4965ee3b274e237648509a7c47295b1e962b3,451,de28a6e7c83b4ec6bb7b125764d0c6b046829e140c145deb2fdda9461cc5e45a
"(3,1,0,0)","(3,1,0,0):iso-00011",975b9f30edbe6ef4223c5da048f4965ee3b274e237648509a7c47295b1e962b3,451,4f3a8fb275431bc8381f5fb98645179e7783aad85aa37d1117a0c6082873659b
"(3,1,0,0)","(3,1,0,0):iso-00011",975b9f30edbe6ef4223c5da048f4965ee3b274e237648509a7c47295b1e962b3,451,823af8dc8982438faacaf8e6bfa70c8a169f5f2f7986573c1309e617bbb1eb79
"(3,1,0,0)","(3,1,0,0):iso-00011",975b9f30edbe6ef4223c5da048f4965ee3b274e237648509a7c47295b1e962b3,451,f645f2341c50922fa339b2b2bf527997142d9e02b17df047d43f78ceae58a983
"(3,1,0,0)","(3,1,0,0):iso-00011",975b9f30edbe6ef4223c5da048f4965ee3b274e237648509a7c47295b1e962b3,451,7d74e3c869329b1091d7cd1c12f2ab96384b3e99375bcd96aedafaba90f31118
"(3,1,0,0)","(3,1,0,0):iso-00011",975b9f30edbe6ef4223c5da048f4965ee3b274e237648509a7c47295b1e962b3,451,8c1934c95e3bfd28c922447169b60b1e9ed5bee2f535111679a0c085eb365fef
"(3,1,0,0)","(3,1,0,0):iso-00011",975b9f30edbe6ef4223c5da048f4965ee3b274e237648509a7c47295b1e962b3,451,cedfa0cbb2580f60941db07fb0a76e4bd8fa1d1663599400eb387b5ceba9a9ab
"(3,1,0,0)","(3,1,0,0):iso-00011",975b9f30edbe6ef4223c5da048f4965ee3b274e237648509a7c47295b1e962b3,451,f6e3a88ca9031128ec6af6b62cb006f4c0f5e9b38bb8e85f3020f86dce3e75e0
"(3,1,0,0)","(3,1,0,0):iso-00011",975b9f30edbe6ef4223c5da048f4965ee3b274e237648509a7c47295b1e962b3,451,3aa7b44b5f80d9f85b1e9f7360a286bf8a9a6a22eabec820776ba168e73ac379
"(3,1,0,0)","(3,1,0,0):iso-00011",975b9f30edbe6ef4223c5da048f4965ee3b274e237648509a7c47295b1e962b3,451,233cdcf28ff146dfcb23da29a21fbf60731dd7ebd5d84d4c638ce5914738146b
"(3,1,0,0)","(3,1,0,0):iso-00011",975b9f30edbe6ef4223c5da048f4965ee3b274e237648509a7c47295b1e962b3,451,dc366b539d1d215072b1bcd3f57899dd6c08b6adfa8ae9b3180f53a1bc35bbc1
"(3,1,0,0)","(3,1,0,0):iso-00011",975b9f30edbe6ef4223c5da048f4965ee3b274e237648509a7c47295b1e962b3,451,ff96ca0455704097790e7bff37c1395141bb1a30614f764017c9aa4e7a60b732
"(3,1,0,0)","(3,1,0,0):iso-00011",975b9f30edbe6ef4223c5da048f4965ee3b274e237648509a7c47295b1e962b3,451,d0252f48b4157547090e2cae1152df19a21a20d2bb4a37459919f064a94cf86b
"(3,1,0,0)","(3,1,0,0):iso-00011",975b9f30edbe6ef4223c5da048f4965ee3b274e237648509a7c47295b1e962b3,451,9d05cf673dfb55fdd8eb9d10f7a8bb5e37c53e946d7ee45d828bbba3ad317726
"(3,1,0,0)","(3,1,0,0):iso-00011",975b9f30edbe6ef4223c5da048f4965ee3b274e237648509a7c47295b1e962b3,451,f3067215af516d00e714bff3ce11e49a90d948392e0ae220b32dd97f93562029
"(3,1,0,0)","(3,1,0,0):iso-00011",975b9f30edbe6ef4223c5da048f4965ee3b274e237648509a7c47295b1e962b3,451,a0e13eaf95ebeb42e72cbf38764e110ac0e2189bb1e83de4ca05133f67bbc103
"(3,1,0,0)","(3,1,0,0):iso-00011",975b9f30edbe6ef4223c5da048f4965ee3b274e237648509a7c47295b1e962b3,451,3f89da54019287098edb97438b11a0781be3e48e3705bac77b99b66e19a9d39e
"(3,1,0,0)","(3,1,0,0):iso-00011",975b9f30edbe6ef4223c5da048f4965ee3b274e237648509a7c47295b1e962b3,451,bf42b46f80dccbc059658015d5e02d7fb06b77d789db9980646006d121cca6a9
"(3,1,0,0)","(3,1,0,0):iso-00011",975b9f30edbe6ef4223c5da048f4965ee3b274e237648509a7c47295b1e962b3,451,b08446a108fa77e8f4edd94148c8840bd736344afbe15a8e6f41a2c1c81a66b5
"(3,1,0,0)","(3,1,0,0):iso-00011",975b9f30edbe6ef4223c5da048f4965ee3b274e237648509a7c47295b1e962b3,451,f7f6d2c073204c66cd4c62cf705a9af11737a6dd8b3c66669ce73f168c072f3f
"(3,1,0,0)","(3,1,0,0):iso-00011",975b9f30edbe6ef4223c5da048f4965ee3b274e237648509a7c47295b1e962b3,451,8b58bd44cbb773fd7f14b8767568377d444ea6797deff2019e9b1c0d9cd9b579
"(3,1,0,0)","(3,1,0,0):iso-00011",975b9f30edbe6ef4223c5da048f4965ee3b274e237648509a7c47295b1e962b3,451,5e252ea47f07d501118ccfe2c2cee259cff158c0e3ea01700344daa8343070d8
"(3,1,0,0)","(3,1,0,0):iso-00011",975b9f30edbe6ef4223c5da048f4965ee3b274e237648509a7c47295b1e962b3,451,7ef043aed8386483fb03710a1c79f6c4b4353ff18f86484b4c60034ce352a6b8
"(3,1,0,0)","(3,1,0,0):iso-00011",975b9f30edbe6ef4223c5da048f4965ee3b274e237648509a7c47295b1e962b3,451,960daa7bbd4fb475d9400079c10e1b5de9b9b8db201dc5a8ab6dd192b1132963
"(3,1,0,0)","(3,1,0,0):iso-00011",975b9f30edbe6ef4223c5da048f4965ee3b274e237648509a7c47295b1e962b3,451,7f916d12792313a4d0b9ed8c6c45ca03ce62844e86ebfc9fb64e650eab106cd2
"(3,1,0,0)","(3,1,0,0):iso-00011",975b9f30edbe6ef4223c5da048f4965ee3b274e237648509a7c47295b1e962b3,451,a01cfd15fe7052b4da22b258f2294577247c4cad45b9bcefb97f9c0a1aeba4ee
"(3,1,0,0)","(3,1,0,0):iso-00011",975b9f30edbe6ef4223c5da048f4965ee3b274e237648509a7c47295b1e962b3,451,6f736a4c81ec8e8a3dad8f0dba87093b568f1249b0769d6a90290208e72ee8d5
"(3,1,0,0)","(3,1,0,0):iso-00011",975b9f30edbe6ef4223c5da048f4965ee3b274e237648509a7c47295b1e962b3,451,e401d524715df641d175ee79069f1469fead7ba5ce4ad2c8f9206b791570b8b9
"(3,1,0,0)","(3,1,0,0):iso-00011",975b9f30edbe6ef4223c5da048f4965ee3b274e237648509a7c47295b1e962b3,451,2bdeb1d69f754491512acc7f24ba0cd508845dfa9de95fabbc985010f4b1b5b7
"(3,1,0,0)","(3,1,0,0):iso-00011",975b9f30edbe6ef4223c5da048f4965ee3b274e237648509a7c47295b1e962b3,451,abf17329ea7c1edd609b43a5a6e1f28aec8bf482261109c4556a058525553f13
"(3,1,0,0)","(3,1,0,0):iso-00011",975b9f30edbe6ef4223c5da048f4965ee3b274e237648509a7c47295b1e962b3,451,e6bc34499b47863c584c794430fe5505f71d148425e7c6ffb7bd79079bbbae0f
"(3,1,0,0)","(3,1,0,0):iso-00011",975b9f30edbe6ef4223c5da048f4965ee3b274e237648509a7c47295b1e962b3,451,b3e2389ab5fcc1fa45b78e59aa69f1cc9da2baab52f0dcc794cf660ca41c09ce
"(3,1,0,0)","(3,1,0,0):iso-00011",975b9f30edbe6ef4223c5da048f4965ee3b274e237648509a7c47295b1e962b3,451,2710e46b33ea5ebab18df3218baa216b3c4272e5ed00c5085d501f517b3612f7
"(3,1,0,0)","(3,1,0,0):iso-00011",975b9f30edbe6ef4223c5da048f4965ee3b274e237648509a7c47295b1e962b3,451,b06a11aa3ae171c2b91f0fdc6e7e02dbc4225b00f9290e2b231579d18dfb75ec
"(3,1,0,0)","(3,1,0,0):iso-00011",975b9f30edbe6ef4223c5da048f4965ee3b274e237648509a7c47295b1e962b3,451,08e40dd1c93d5097e17f8bb7d4a1b16004603e4ce5704e50d08a2ddaa0736c06
"(3,1,0,0)","(3,1,0,0):iso-00011",975b9f30edbe6ef4223c5da048f4965ee3b274e237648509a7c47295b1e962b3,451,6e0fb9674428ecbd656e8a7bb5e895e746026aea77a940c909e45e892da8b5e0
"(3,1,0,0)","(3,1,0,0):iso-00011",975b9f30edbe6ef4223c5da048f4965ee3b274e237648509a7c47295b1e962b3,451,c6193699523e113bcdd9f76ec40699a76327965b58f07b97f47b977d98dac02b
"(3,1,0,0)","(3,1,0,0):iso-00011",975b9f30edbe6ef4223c5da048f4965ee3b274e237648509a7c47295b1e962b3,451,ef4f6cb838fe661d4649cebde432e2d4340fb3b175ae1aceb83d02f799dac160
"(3,1,0,0)","(3,1,0,0):iso-00011",975b9f30edbe6ef4223c5da048f4965ee3b274e237648509a7c47295b1e962b3,451,d0fc0f99c365311484bd9982244b9528b8d9b20ac46471703c41a31ea7665339
"(3,1,0,0)","(3,1,0,0):iso-00011",975b9f30edbe6ef4223c5da048f4965ee3b274e237648509a7c47295b1e962b3,451,3790df4468927f452e35b95c6041388fb95c77b2badb1cef0ad1b78b26b380a5
"(3,1,0,0)","(3,1,0,0):iso-00011",975b9f30edbe6ef4223c5da048f4965ee3b274e237648509a7c47295b1e962b3,451,c0abc89d302c876266b161a9e9f5dfce77b5b2c316bf6eded2e72f4182b7ad5f
"(3,1,0,0)","(3,1,0,0):iso-00011",975b9f30edbe6ef4223c5da048f4965ee3b274e237648509a7c47295b1e962b3,451,64e1cd4cbd7ad7252e473267e5ad5af54527ec5274167dace40357498c2fe74c
"(3,1,0,0)","(3,1,0,0):iso-00011",975b9f30edbe6ef4223c5da048f4965ee3b274e237648509a7c47295b1e962b3,451,355c8872eb66f445d69fff1b9435afc6e672b0720310dfce05935537d208952f
"(3,1,0,0)","(3,1,0,0):iso-00011",975b9f30edbe6ef4223c5da048f4965ee3b274e237648509a7c47295b1e962b3,451,11f0cb1f0acdb0c2cf5eebf5ce88a8f700d8901f953188937080a85d9025b905
"(3,1,0,0)","(3,1,0,0):iso-00011",975b9f30edbe6ef4223c5da048f4965ee3b274e237648509a7c47295b1e962b3,451,9e088a10556022b401f054893cf60a984bcec8546118bd2c4e6f7344a9cfca95
"(3,1,0,0)","(3,1,0,0):iso-00011",975b9f30edbe6ef4223c5da048f4965ee3b274e237648509a7c47295b1e962b3,451,2d10be9c48339f2254cb6ee9f0118d2b6d6f8a420567bc174b30a100a07ee8c6
"(3,1,0,0)","(3,1,0,0):iso-00011",975b9f30edbe6ef4223c5da048f4965ee3b274e237648509a7c47295b1e962b3,451,3dd40ab358b2a8d6675c63cce84e7e897ef4bf8948a0d597e636b98ce8d47305
"(3,1,0,0)","(3,1,0,0):iso-00011",975b9f30edbe6ef4223c5da048f4965ee3b274e237648509a7c47295b1e962b3,451,224327731ec137d14f4a4162e854e193e35e3b84a11c2159328a8c584296f108
"(3,1,0,0)","(3,1,0,0):iso-00011",975b9f30edbe6ef4223c5da048f4965ee3b274e237648509a7c47295b1e962b3,451,323fa6066fb33374760e2a1d665e06ccd7d6a75c2a650eb74fa8a8f730042bd5
"(3,1,0,0)","(3,1,0,0):iso-00011",975b9f30edbe6ef4223c5da048f4965ee3b274e237648509a7c47295b1e962b3,451,dac0f4f2c0029b1bd937a19cc8ecb5947ac9016d0fb677409ead3c4a5b1e4592
"(3,1,0,0)","(3,1,0,0):iso-00011",975b9f30edbe6ef4223c5da048f4965ee3b274e237648509a7c47295b1e962b3,451,52c6e1adb5458c8d4fa75b3a5441afa518e7fb92f71b319c0e8a5a5c15f2958c
"(3,1,0,0)","(3,1,0,0):iso-00011",975b9f30edbe6ef4223c5da048f4965ee3b274e237648509a7c47295b1e962b3,451,383425a9fed4365aba02fef01dad74c03c5c10c1412331518dc4bf80c5f2f0a4
"(3,1,0,0)","(3,1,0,0):iso-00011",975b9f30edbe6ef4223c5da048f4965ee3b274e237648509a7c47295b1e962b3,451,7d494e1a14c35dc660df03a0b5d5b2f4bd4d94c3cdb5233553fcbfa9b2295817
"(3,1,0,0)","(3,1,0,0):iso-00011",975b9f30edbe6ef4223c5da048f4965ee3b274e237648509a7c47295b1e962b3,451,856b15c91b4071286f76ef8a4b181be16b62ff58cc3ad6dccd2f6fae349d163e
"(3,1,0,0)","(3,1,0,0):iso-00011",975b9f30edbe6ef4223c5da048f4965ee3b274e237648509a7c47295b1e962b3,451,f7cc279988271968d57b131b186d6e88e9a8be4bb1caa462444abbc595b05a79
"(3,1,0,0)","(3,1,0,0):iso-00011",975b9f30edbe6ef4223c5da048f4965ee3b274e237648509a7c47295b1e962b3,451,f084e4aac2bf5361ad3f1d0f60faae759afcda3ace50ab4780fae10021615bef
"(3,1,0,0)","(3,1,0,0):iso-00011",975b9f30edbe6ef4223c5da048f4965ee3b274e237648509a7c47295b1e962b3,451,0dca3d78ce07e3869634f18c5b5fbe46500fc8df80858f1335dd5c0d76e4ecab
"(3,1,0,0)","(3,1,0,0):iso-00011",975b9f30edbe6ef4223c5da048f4965ee3b274e237648509a7c47295b1e962b3,451,df5507188fffa86669827be9b88bc1f1e66fd31718cb61e09e8dec26dd99f2d1
"(3,1,0,0)","(3,1,0,0):iso-00011",975b9f30edbe6ef4223c5da048f4965ee3b274e237648509a7c47295b1e962b3,451,04fcd120f7fe4593ee5ca73a03ba7fd981f8a5638253c6cc1cfb3c96f3e27771
"(3,1,0,0)","(3,1,0,0):iso-00011",975b9f30edbe6ef4223c5da048f4965ee3b274e237648509a7c47295b1e962b3,451,553724aa8053d5b9e7058802d04bcc29054fd5b81084ec599231553b936baea0
"(3,1,0,0)","(3,1,0,0):iso-00011",975b9f30edbe6ef4223c5da048f4965ee3b274e237648509a7c47295b1e962b3,451,66055aff4831ed529e55eafab2731bfaa53511399b75ca15139ab5997538bb58
"(3,1,0,0)","(3,1,0,0):iso-00011",975b9f30edbe6ef4223c5da048f4965ee3b274e237648509a7c47295b1e962b3,451,f7f39d2742af310ffeb8d012789014c9f383e24a10e8f593af92f6108e670428
"(3,1,0,0)","(3,1,0,0):iso-00011",975b9f30edbe6ef4223c5da048f4965ee3b274e237648509a7c47295b1e962b3,451,61f289d7e30bb1b61a52b101a142086a7f7074ce85b3589a8a0265c1e805db57
"(3,1,0,0)","(3,1,0,0):iso-00011",975b9f30edbe6ef4223c5da048f4965ee3b274e237648509a7c47295b1e962b3,451,73da0a16e2cec163c2f34397e71966f6fedf13bc23d92ea22fc58b3498894952
"(3,1,0,0)","(3,1,0,0):iso-00011",975b9f30edbe6ef4223c5da048f4965ee3b274e237648509a7c47295b1e962b3,451,da50e7104f33192e828430f2f21445187263d60c1ee106aa4e164119fdcb5c05
"(3,1,0,0)","(3,1,0,0):iso-00011",975b9f30edbe6ef4223c5da048f4965ee3b274e237648509a7c47295b1e962b3,451,c7a441e9afae2b7eda4eeafeda4180c85d115feb16c362f76f7ac34d892ed7f8
"(3,1,0,0)","(3,1,0,0):iso-00011",975b9f30edbe6ef4223c5da048f4965ee3b274e237648509a7c47295b1e962b3,451,b9c80b5b4b8779a8534bee15a6cc823fd6f504ba101b590788a896c31b819b7c
"(3,1,0,0)","(3,1,0,0):iso-00011",975b9f30edbe6ef4223c5da048f4965ee3b274e237648509a7c47295b1e962b3,451,b61f7a3d675b0b9b9b160099a1599219581e9a7aa17a94060f7ea24638b289da
"(3,1,0,0)","(3,1,0,0):iso-00011",975b9f30edbe6ef4223c5da048f4965ee3b274e237648509a7c47295b1e962b3,451,e8c32f68d23a5a3c22ccbe750db79e0723a9e1f33b44ee4b9d2df4d94511cc81
"(3,1,0,0)","(3,1,0,0):iso-00011",975b9f30edbe6ef4223c5da048f4965ee3b274e237648509a7c47295b1e962b3,451,58cd48961c0928d1ad9cdf27f12c057395c2b2a0205ff47a89426e7e5fa53831
"(3,1,0,0)","(3,1,0,0):iso-00011",975b9f30edbe6ef4223c5da048f4965ee3b274e237648509a7c47295b1e962b3,451,dfb04b094e392267b8ca8149e876a20efb6eccfcf79d3cdb26f83b1f0533ec21
"(3,1,0,0)","(3,1,0,0):iso-00011",975b9f30edbe6ef4223c5da048f4965ee3b274e237648509a7c47295b1e962b3,451,b8db0d6c9efceef39f6635dede3b44660d3393ac0d1f1b97ea82bc2f965446f3
"(3,1,0,0)","(3,1,0,0):iso-00011",975b9f30edbe6ef4223c5da048f4965ee3b274e237648509a7c47295b1e962b3,451,4c1d817174f3d36057ad0ca6ede00131a0a666842ca1ba91286d409fefdd2f8e
"(3,1,0,0)","(3,1,0,0):iso-00011",975b9f30edbe6ef4223c5da048f4965ee3b274e237648509a7c47295b1e962b3,451,856e76bb7425ef21316b9bc3d6f26eb9c45674f980e63cfebfe577bfa40d2a95
"(3,1,0,0)","(3,1,0,0):iso-00011",975b9f30edbe6ef4223c5da048f4965ee3b274e237648509a7c47295b1e962b3,451,8a8866c3fc5053d9dbfe0eea45f2079056c141dce851de14a9a76b44b1c9c1c4
"(3,1,0,0)","(3,1,0,0):iso-00011",975b9f30edbe6ef4223c5da048f4965ee3b274e237648509a7c47295b1e962b3,451,21ef3fe170d1410803d798de80e8b1fe7c759bf4dbe656667a355af2bb405b95
"(3,1,0,0)","(3,1,0,0):iso-00011",975b9f30edbe6ef4223c5da048f4965ee3b274e237648509a7c47295b1e962b3,451,336e0ae2dd76ecf7d70b315d7fdae472259b832c9c48d61613216f52592d659c
"(3,1,0,0)","(3,1,0,0):iso-00011",975b9f30edbe6ef4223c5da048f4965ee3b274e237648509a7c47295b1e962b3,451,c0424c7873d61f95aec0daef94954377084ac3b1fd9d87f07aaaf0aa26890cb7
"(3,1,0,0)","(3,1,0,0):iso-00011",975b9f30edbe6ef4223c5da048f4965ee3b274e237648509a7c47295b1e962b3,451,6f7164c88d9198f88c9c85fa431a078bc91e32bb6f85090a4d475c13af2d39c4
"(3,1,0,0)","(3,1,0,0):iso-00011",975b9f30edbe6ef4223c5da048f4965ee3b274e237648509a7c47295b1e962b3,451,4a1572e97101e8f8ad81dcb8416ebd250711b50de73bb60e1c80130cb5f742c9
"(3,1,0,0)","(3,1,0,0):iso-00011",975b9f30edbe6ef4223c5da048f4965ee3b274e237648509a7c47295b1e962b3,451,0be3b6c36ba7fd59c812df941d17b22dd9f3cbf557b50e1ad3fa3243c64a52b7
"(3,1,0,0)","(3,1,0,0):iso-00011",975b9f30edbe6ef4223c5da048f4965ee3b274e237648509a7c47295b1e962b3,451,179fc25a8c07756bf050fecf1b0b850aa1673ac481175232a52353634b4329b7
"(3,1,0,0)","(3,1,0,0):iso-00011",975b9f30edbe6ef4223c5da048f4965ee3b274e237648509a7c47295b1e962b3,451,0dda8936c32dc839f4a0ec5aa780180f63b01d859aa3937e966f2832f5b5d4a6
"(3,1,0,0)","(3,1,0,0):iso-00011",975b9f30edbe6ef4223c5da048f4965ee3b274e237648509a7c47295b1e962b3,451,2c2fba70ce85f7c7533942b7c4f0786d8860792345e45417e7d23d3a79149c36
"(3,1,0,0)","(3,1,0,0):iso-00011",975b9f30edbe6ef4223c5da048f4965ee3b274e237648509a7c47295b1e962b3,451,3e85050526383f35d43143e2d59656ecb60560e844af3df51b577cae906f6ea4
"(3,1,0,0)","(3,1,0,0):iso-00011",975b9f30edbe6ef4223c5da048f4965ee3b274e237648509a7c47295b1e962b3,451,3e4872e60a9ae2676496a624da7c47c92102f78262a53f6571eb070bdbd07607
"(3,1,0,0)","(3,1,0,0):iso-00011",975b9f30edbe6ef4223c5da048f4965ee3b274e237648509a7c47295b1e962b3,451,425fd0ed82e36a5cda60b170f6c779c5fef94d3936e9a5ce133ea1553b4f01fe
"(3,1,0,0)","(3,1,0,0):iso-00011",975b9f30edbe6ef4223c5da048f4965ee3b274e237648509a7c47295b1e962b3,451,51318bedaeefe737438e86fd5fc8309e25995724d60d3685f3c5c5ea353ca762
"(3,1,0,0)","(3,1,0,0):iso-00011",975b9f30edbe6ef4223c5da048f4965ee3b274e237648509a7c47295b1e962b3,451,9fe2758383d2094b8fe47babe76402362b9737369708703f9def9409ef1e4acd
"(3,1,0,0)","(3,1,0,0):iso-00011",975b9f30edbe6ef4223c5da048f4965ee3b274e237648509a7c47295b1e962b3,451,e531d8c1f95d08ffd3e642b11419d5909238020f2fa57ede32f509a4a91ee69f
"(3,1,0,0)","(3,1,0,0):iso-00011",975b9f30edbe6ef4223c5da048f4965ee3b274e237648509a7c47295b1e962b3,451,028fb8ede48f97ee454c64275b743ddea717847cd573678741c65584cd66d2d7
"(3,1,0,0)","(3,1,0,0):iso-00011",975b9f30edbe6ef4223c5da048f4965ee3b274e237648509a7c47295b1e962b3,451,966a4afb0e82755985327612180a916f647e3046050b2d6f4fa6b82fcc8e45a5
"(3,1,0,0)","(3,1,0,0):iso-00011",975b9f30edbe6ef4223c5da048f4965ee3b274e237648509a7c47295b1e962b3,451,db769f791bc80f11c5b024aa6c28f42b3ca1da4a07952d642fd244d2fe927296
"(3,1,0,0)","(3,1,0,0):iso-00011",975b9f30edbe6ef4223c5da048f4965ee3b274e237648509a7c47295b1e962b3,451,255e0db533b737cd2822eb7af934dd60ffab566b831266a15a0d4774a18f9bcf
"(3,1,0,0)","(3,1,0,0):iso-00011",975b9f30edbe6ef4223c5da048f4965ee3b274e237648509a7c47295b1e962b3,451,f8aeeede5ec58c4915859ea925ae496844c3cc27e69db3ada1d4c7a7e39aa521
"(3,1,0,0)","(3,1,0,0):iso-00011",975b9f30edbe6ef4223c5da048f4965ee3b274e237648509a7c47295b1e962b3,451,c7589f75f60a2a3d4d19fbe1e7376ded89637e8fef281e125e02ca3f0300eb62
"(3,1,0,0)","(3,1,0,0):iso-00011",975b9f30edbe6ef4223c5da048f4965ee3b274e237648509a7c47295b1e962b3,451,c392b4f17c9003e41316830be48efee9aad3376dc499d0f72f2f2c01c72dc15d
"(3,1,0,0)","(3,1,0,0):iso-00011",975b9f30edbe6ef4223c5da048f4965ee3b274e237648509a7c47295b1e962b3,451,657631752594b0b2a471f999dbd415606ea4b9fc69926a7db5b7e6be22530219
"(3,1,0,0)","(3,1,0,0):iso-00011",975b9f30edbe6ef4223c5da048f4965ee3b274e237648509a7c47295b1e962b3,451,09ba18197ae0e67936dc5df4106a8fcb473bb06ca7b041fa1865fdd758437ad0
"(3,1,0,0)","(3,1,0,0):iso-00011",975b9f30edbe6ef4223c5da048f4965ee3b274e237648509a7c47295b1e962b3,451,42a8e6471a073c081d567366eb97b96519b86d77cd3667203f453ab06db76581
"(3,1,0,0)","(3,1,0,0):iso-00011",975b9f30edbe6ef4223c5da048f4965ee3b274e237648509a7c47295b1e962b3,451,f5d7eb2c1d0f9ce941a9e8fade0072438190660437e4e7a43522c13ae609bdff
"(3,1,0,0)","(3,1,0,0):iso-00011",975b9f30edbe6ef4223c5da048f4965ee3b274e237648509a7c47295b1e962b3,451,4fb22fc95082578b73d58fb664ab58607aabedcbb3bfa8e3218932b9228aa8a0
"(3,1,0,0)","(3,1,0,0):iso-00011",975b9f30edbe6ef4223c5da048f4965ee3b274e237648509a7c47295b1e962b3,451,19bd039e8beda243839842c772ff4655158d78a42b50f3833675e6f7d9103a4a
"(3,1,0,0)","(3,1,0,0):iso-00011",975b9f30edbe6ef4223c5da048f4965ee3b274e237648509a7c47295b1e962b3,451,6a4e82b16a18af496b5489d831644c3ed657eb9cd8667e47a646a3c40e0a698d
"(3,1,0,0)","(3,1,0,0):iso-00011",975b9f30edbe6ef4223c5da048f4965ee3b274e237648509a7c47295b1e962b3,451,1d47a8d0eb7f25484447b8162a83df22a803bee278030edaa037b8c92bfa623c
"(3,1,0,0)","(3,1,0,0):iso-00011",975b9f30edbe6ef4223c5da048f4965ee3b274e237648509a7c47295b1e962b3,451,09b2a0140d84eb44766b5c9fb9e957ff1dc7fccb0d5a9e30d476a122789d1c9b
"(3,1,0,0)","(3,1,0,0):iso-00011",975b9f30edbe6ef4223c5da048f4965ee3b274e237648509a7c47295b1e962b3,451,fdcf3668ac981a98ba50d0756dc5641e985e62e70e03f4da08fc2078a08ef0e7
"(3,1,0,0)","(3,1,0,0):iso-00011",975b9f30edbe6ef4223c5da048f4965ee3b274e237648509a7c47295b1e962b3,451,d214576da087ffb72dab899e2ae9178f75251d550adaaf2b227858adcb884ba3
"(3,1,0,0)","(3,1,0,0):iso-00011",975b9f30edbe6ef4223c5da048f4965ee3b274e237648509a7c47295b1e962b3,451,fbda85ce4855b1e8e2e72cc378d75387ed3f8361c03c924549f6f2b64dc2dde6
"(3,1,0,0)","(3,1,0,0):iso-00011",975b9f30edbe6ef4223c5da048f4965ee3b274e237648509a7c47295b1e962b3,451,74fc25fb88a09e521cf51ef07a2b688ef560d0da5135c27fce92a1e8184b0e97
"(3,1,0,0)","(3,1,0,0):iso-00011",975b9f30edbe6ef4223c5da048f4965ee3b274e237648509a7c47295b1e962b3,451,92efd42959c1bc5094803db2711687e8a2fdcd546808b704c087580571c6ba06
"(3,1,0,0)","(3,1,0,0):iso-00011",975b9f30edbe6ef4223c5da048f4965ee3b274e237648509a7c47295b1e962b3,451,b53300276fcb5922e6298abd5665799fa9ad1fa994ff851f10f227502ae6ebc1
"(3,1,0,0)","(3,1,0,0):iso-00011",975b9f30edbe6ef4223c5da048f4965ee3b274e237648509a7c47295b1e962b3,451,7375ee3989566c45e97bd2d7e67602f6ccd8d4d5ed09cd743fa1c0cff0434d55
"(3,1,0,0)","(3,1,0,0):iso-00011",975b9f30edbe6ef4223c5da048f4965ee3b274e237648509a7c47295b1e962b3,451,74022d274c998089048ab49665a5c1ec2e33cf8a36992105e03d012b2993d44f
"(3,1,0,0)","(3,1,0,0):iso-00011",975b9f30edbe6ef4223c5da048f4965ee3b274e237648509a7c47295b1e962b3,451,5d356f4a0beaf502dff89a3064f7c8141931ce27ff43aa3525b3bede37e1266c
"(3,1,0,0)","(3,1,0,0):iso-00011",975b9f30edbe6ef4223c5da048f4965ee3b274e237648509a7c47295b1e962b3,451,400858e3dadc1148e957ff10cd10a8361c523d57252e788de34bc0be8d435881
"(3,1,0,0)","(3,1,0,0):iso-00011",975b9f30edbe6ef4223c5da048f4965ee3b274e237648509a7c47295b1e962b3,451,4302235eb26a71f3c9c672368d7d236703027c543d01dbad94c907de849c226b
"(3,1,0,0)","(3,1,0,0):iso-00011",975b9f30edbe6ef4223c5da048f4965ee3b274e237648509a7c47295b1e962b3,451,00db0daaf2f41240964c4e6eede72d602930cc83054c93a035023235cb5afb08
"(3,1,0,0)","(3,1,0,0):iso-00011",975b9f30edbe6ef4223c5da048f4965ee3b274e237648509a7c47295b1e962b3,451,0e57421c15d97dc8de0e892338c46578ee3f2df3afb50fe32bc7cd76f02263d3
"(3,1,0,0)","(3,1,0,0):iso-00011",975b9f30edbe6ef4223c5da048f4965ee3b274e237648509a7c47295b1e962b3,451,73657def20768d7657adb96177a7644f78df2b5109ef842f77475170763dc7db
"(3,1,0,0)","(3,1,0,0):iso-00011",975b9f30edbe6ef4223c5da048f4965ee3b274e237648509a7c47295b1e962b3,451,cbeb0ad507d6a97123e0359730f682a4a6044d20ad9575493fe306a3d3df01fc
"(3,1,0,0)","(3,1,0,0):iso-00011",975b9f30edbe6ef4223c5da048f4965ee3b274e237648509a7c47295b1e962b3,451,1c29c0d5b128f47ee20acb377144be1cad10c359aec4e420f9eabb55801e5a14
"(3,1,0,0)","(3,1,0,0):iso-00011",975b9f30edbe6ef4223c5da048f4965ee3b274e237648509a7c47295b1e962b3,451,70311af4d7a1736d090de4ca15abcb00737952d141a1e63e8c8e2dbc9a201c7c
"(3,1,0,0)","(3,1,0,0):iso-00011",975b9f30edbe6ef4223c5da048f4965ee3b274e237648509a7c47295b1e962b3,451,2aea3f07bc7ea83b1c8b1c291111f071323ab7b19fd1aefc6c261c738dac7af3
"(3,1,0,0)","(3,1,0,0):iso-00011",975b9f30edbe6ef4223c5da048f4965ee3b274e237648509a7c47295b1e962b3,451,e8f1aec826b84939cf972bc726af122c79b81e9154cf3c599de1f2f3b71d0263
"(3,1,0,0)","(3,1,0,0):iso-00011",975b9f30edbe6ef4223c5da048f4965ee3b274e237648509a7c47295b1e962b3,451,dded58f46f55aff41793a0198efcc44c0ab12b8f448efb5cea0829aed321d7c9
"(3,1,0,0)","(3,1,0,0):iso-00011",975b9f30edbe6ef4223c5da048f4965ee3b274e237648509a7c47295b1e962b3,451,ee9567e91156271e6a370237d94ae799fb12b15ad96facabcb4a006a2ab60939
"(3,1,0,0)","(3,1,0,0):iso-00011",975b9f30edbe6ef4223c5da048f4965ee3b274e237648509a7c47295b1e962b3,451,2fc7eee68ccc7cb6c7778dca217486ce2a1fd3b51dca84384fb7dc99339e43ef
"(3,1,0,0)","(3,1,0,0):iso-00011",975b9f30edbe6ef4223c5da048f4965ee3b274e237648509a7c47295b1e962b3,451,159d8754fffcdcf0ca92b74cf9be80f9e3a4a750f7b3005c9e0641c419e1d0f4
"(3,1,0,0)","(3,1,0,0):iso-00011",975b9f30edbe6ef4223c5da048f4965ee3b274e237648509a7c47295b1e962b3,451,e0b209a4c069e1bb1627573f6fc9691025336c58142fadae882ac166fed5fc61
"(3,1,0,0)","(3,1,0,0):iso-00011",975b9f30edbe6ef4223c5da048f4965ee3b274e237648509a7c47295b1e962b3,451,bede0815ca1e21d59ed2a84f19fb4ced2c172184c47561cc0db206af68b6a4f3
"(3,1,0,0)","(3,1,0,0):iso-00011",975b9f30edbe6ef4223c5da048f4965ee3b274e237648509a7c47295b1e962b3,451,b01d26bcc5d74fcda98722bfd846651a4fff053172c9d49e2e7b6070e48cc8b6
"(3,1,0,0)","(3,1,0,0):iso-00011",975b9f30edbe6ef4223c5da048f4965ee3b274e237648509a7c47295b1e962b3,451,823c98b4edd3035fe8a060e3d1ab9f9b10419bcf0e2ea1341ceeec890a7ad2cb
"(3,1,0,0)","(3,1,0,0):iso-00011",975b9f30edbe6ef4223c5da048f4965ee3b274e237648509a7c47295b1e962b3,451,0b7fb41c9388910bf27c935684c982ab2be6934fe631df166cdfcc93962f2756
"(3,1,0,0)","(3,1,0,0):iso-00011",975b9f30edbe6ef4223c5da048f4965ee3b274e237648509a7c47295b1e962b3,451,45fd547065a5a5e98ef9bad54fdd6433ad9ea4fcb2d40f20138b5386d4362946
"(3,1,0,0)","(3,1,0,0):iso-00011",975b9f30edbe6ef4223c5da048f4965ee3b274e237648509a7c47295b1e962b3,451,200c1bddcceef8f2d3bbba379bd7c349002e98655d2c7c37c0e3c315c79132ba
"(3,1,0,0)","(3,1,0,0):iso-00011",975b9f30edbe6ef4223c5da048f4965ee3b274e237648509a7c47295b1e962b3,451,9f14ba0eafbf627235e3acd327ecd2ffc2abf3af79301cba90dcc60005181bdb
"(3,1,0,0)","(3,1,0,0):iso-00011",975b9f30edbe6ef4223c5da048f4965ee3b274e237648509a7c47295b1e962b3,451,86443f6f0119f80c46c26b48174bd93550d70fe3354f423dc74268cba1d71b8b
"(3,1,0,0)","(3,1,0,0):iso-00011",975b9f30edbe6ef4223c5da048f4965ee3b274e237648509a7c47295b1e962b3,451,0c5792c2725243ad9346d8abc1de382719763500379df38dbf295ad81b20a273
"(3,1,0,0)","(3,1,0,0):iso-00011",975b9f30edbe6ef4223c5da048f4965ee3b274e237648509a7c47295b1e962b3,451,4899a0b25155a757f13ba4ab428b2949c976c23d85e8962647e55c940c9b730f
"(3,1,0,0)","(3,1,0,0):iso-00011",975b9f30edbe6ef4223c5da048f4965ee3b274e237648509a7c47295b1e962b3,451,22837de4ab9436a22269347da05d14065ab4534cdd02a54b37026c714804f73c
"(3,1,0,0)","(3,1,0,0):iso-00011",975b9f30edbe6ef4223c5da048f4965ee3b274e237648509a7c47295b1e962b3,451,4cd1afcba8ccdce235ccde213899732631ebb312888ff8eb85d756c33a1e8af8
"(3,1,0,0)","(3,1,0,0):iso-00011",975b9f30edbe6ef4223c5da048f4965ee3b274e237648509a7c47295b1e962b3,451,fab53ba5c98b590fd2d9d8876bc335bfdc3dae11b7b17d632c2911505b6c3fbb
"(3,1,0,0)","(3,1,0,0):iso-00011",975b9f30edbe6ef4223c5da048f4965ee3b274e237648509a7c47295b1e962b3,451,00f5a12f95d1e7dbca81065d1e979d75db5014dfea14c30cb5c20fc0eef84ef2
"(3,1,0,0)","(3,1,0,0):iso-00011",975b9f30edbe6ef4223c5da048f4965ee3b274e237648509a7c47295b1e962b3,451,890be431037e468a2d31e5447efbec59090117b017b54539e4df22f0f6d29227
"(3,1,0,0)","(3,1,0,0):iso-00011",975b9f30edbe6ef4223c5da048f4965ee3b274e237648509a7c47295b1e962b3,451,14517c87ec702ad4c45770cad2103b594fb33845ef671532e2d86a961e5cf87d
"(3,1,0,0)","(3,1,0,0):iso-00011",975b9f30edbe6ef4223c5da048f4965ee3b274e237648509a7c47295b1e962b3,451,f7902a27676d5fe73cb5030e1f531f4cf3bf55b492ede9b60c38a5850dc58b84
"(3,1,0,0)","(3,1,0,0):iso-00011",975b9f30edbe6ef4223c5da048f4965ee3b274e237648509a7c47295b1e962b3,451,7c0fb9847fc94a93f58209c00d48990f4da37231ba97ae0057e9061ebd96f73e
"(3,1,0,0)","(3,1,0,0):iso-00011",975b9f30edbe6ef4223c5da048f4965ee3b274e237648509a7c47295b1e962b3,451,91347920d5a4585884f8a9ebb8a56287ff7db51cafbf586a92adfb1e278b7dc6
"(3,1,0,0)","(3,1,0,0):iso-00011",975b9f30edbe6ef4223c5da048f4965ee3b274e237648509a7c47295b1e962b3,451,be5b85dcf45473b330facbfc052f7ecab48babc698204330eb5edeea8e40a382
"(3,1,0,0)","(3,1,0,0):iso-00011",975b9f30edbe6ef4223c5da048f4965ee3b274e237648509a7c47295b1e962b3,451,39e267a0839cf5d4d1e5b0fc81386f5555bda3e9ed8771ff110be3c3e4f1124d
"(3,1,0,0)","(3,1,0,0):iso-00011",975b9f30edbe6ef4223c5da048f4965ee3b274e237648509a7c47295b1e962b3,451,27cf9f32106f97a8c2572e839991b311ed308424c5a12744446163b58f0de2e6
"(3,1,0,0)","(3,1,0,0):iso-00011",975b9f30edbe6ef4223c5da048f4965ee3b274e237648509a7c47295b1e962b3,451,8f16241d608a777486ee6eaefea1c7f2941752ebc5cfc549f32b0b9c9f78baea
"(3,1,0,0)","(3,1,0,0):iso-00011",975b9f30edbe6ef4223c5da048f4965ee3b274e237648509a7c47295b1e962b3,451,d0dfe0d0c1e28b82634da481f57a81d90ad56673995dd92f7e27444c4dbfe5e0
"(3,1,0,0)","(3,1,0,0):iso-00011",975b9f30edbe6ef4223c5da048f4965ee3b274e237648509a7c47295b1e962b3,451,48f2eeef17b60a45958bc4020c1718edac042f64a08d76e4feabd3bf1bd281b4
"(3,1,0,0)","(3,1,0,0):iso-00011",975b9f30edbe6ef4223c5da048f4965ee3b274e237648509a7c47295b1e962b3,451,7161b1605f66902d5dd211efae8cdfd9a401c4690fb1c72f4531c27b438d07bd
"(3,1,0,0)","(3,1,0,0):iso-00011",975b9f30edbe6ef4223c5da048f4965ee3b274e237648509a7c47295b1e962b3,451,38b85c74789ff27d3720ff84dbf9ab93e11dcba86f28fc683419cf2db8c8b8e1
"(3,1,0,0)","(3,1,0,0):iso-00011",975b9f30edbe6ef4223c5da048f4965ee3b274e237648509a7c47295b1e962b3,451,59bb53296e567d1f4852e58a5d6a6fbcbdf37945319d2ca76811ca07cb63e400
"(3,1,0,0)","(3,1,0,0):iso-00011",975b9f30edbe6ef4223c5da048f4965ee3b274e237648509a7c47295b1e962b3,451,6e13ca08b0b54bbd1017dbe928e6bae730b063f0a5185462660cb791464c7816
"(3,1,0,0)","(3,1,0,0):iso-00011",975b9f30edbe6ef4223c5da048f4965ee3b274e237648509a7c47295b1e962b3,451,6d45e71e4964f4f8b0a29fa1c00251ea7007ebab9522844970ada0d47a24eebb
"(3,1,0,0)","(3,1,0,0):iso-00011",975b9f30edbe6ef4223c5da048f4965ee3b274e237648509a7c47295b1e962b3,451,173a46a5eec7194b79f735669bcf22c3031815c7bf85198b536613ae75b142cc
"(3,1,0,0)","(3,1,0,0):iso-00011",975b9f30edbe6ef4223c5da048f4965ee3b274e237648509a7c47295b1e962b3,451,f3b689b1759fb1a6047281569876814d136328573ca39af082679963364ec65b
"(3,1,0,0)","(3,1,0,0):iso-00011",975b9f30edbe6ef4223c5da048f4965ee3b274e237648509a7c47295b1e962b3,451,b1d18abe7b989f2c27d97b7b4e0a2c070e15840aafab28f2b51587f44e57e6a5
"(3,1,0,0)","(3,1,0,0):iso-00011",975b9f30edbe6ef4223c5da048f4965ee3b274e237648509a7c47295b1e962b3,451,ed04cdb7c0107dc109a4a195d2a0d23ff74b68814012728e71fc619524e00d9d
"(3,1,0,0)","(3,1,0,0):iso-00011",975b9f30edbe6ef4223c5da048f4965ee3b274e237648509a7c47295b1e962b3,451,44383bed116c8ce7c43c0acdc7da27c47038375caecbbe4f1a84b14a442efca0
"(3,1,0,0)","(3,1,0,0):iso-00011",975b9f30edbe6ef4223c5da048f4965ee3b274e237648509a7c47295b1e962b3,451,e48ee23f28dc6297b2fc3cfccbb39ab808601cd7c643555204168ec9d28a905a
"(3,1,0,0)","(3,1,0,0):iso-00011",975b9f30edbe6ef4223c5da048f4965ee3b274e237648509a7c47295b1e962b3,451,e05d9ed0bc54919e083d8ab748feb42e1e633f645e9f4c072cc288c8c4d43170
"(3,1,0,0)","(3,1,0,0):iso-00011",975b9f30edbe6ef4223c5da048f4965ee3b274e237648509a7c47295b1e962b3,451,c7e565f811f07a9151e964e83c95d05c34afde26561d747fded4cffbfaf93693
"(3,1,0,0)","(3,1,0,0):iso-00011",975b9f30edbe6ef4223c5da048f4965ee3b274e237648509a7c47295b1e962b3,451,7f8ce2107486ed28d1757e28041ed31a8c1db8350c9331b23538b3f063379467
"(3,1,0,0)","(3,1,0,0):iso-00011",975b9f30edbe6ef4223c5da048f4965ee3b274e237648509a7c47295b1e962b3,451,1ef40fe418a6eaffc45c9c81d4103a54432af234963689cfbf4edec6f0537247
"(3,1,0,0)","(3,1,0,0):iso-00011",975b9f30edbe6ef4223c5da048f4965ee3b274e237648509a7c47295b1e962b3,451,7e3dc66446bedf240258cf1c9897cc0bedf7d886416800cbfedd7a6e7c72b924
"(3,1,0,0)","(3,1,0,0):iso-00011",975b9f30edbe6ef4223c5da048f4965ee3b274e237648509a7c47295b1e962b3,451,a1f2cd23ddc52c3d702741525ed5fd1d2c66ab215214ddd767562ddf5b8d7a53
"(3,1,0,0)","(3,1,0,0):iso-00011",975b9f30edbe6ef4223c5da048f4965ee3b274e237648509a7c47295b1e962b3,451,4d3b393f0f0d5c4b04025d17b14d7516c3839fd1beef4e01c47ec2fbddff2d53
"(3,1,0,0)","(3,1,0,0):iso-00011",975b9f30edbe6ef4223c5da048f4965ee3b274e237648509a7c47295b1e962b3,451,f848268ea47b75a772a747523ea0537101ef29d9180857565f2c6e34d921429e
"(3,1,0,0)","(3,1,0,0):iso-00011",975b9f30edbe6ef4223c5da048f4965ee3b274e237648509a7c47295b1e962b3,451,44bba78f9cb305493218913852e2cd793017c49833a2e86bbc93ae8731e7a096
"(3,1,0,0)","(3,1,0,0):iso-00011",975b9f30edbe6ef4223c5da048f4965ee3b274e237648509a7c47295b1e962b3,451,45048290c5858bb69cb79bd44122a85c9467c09004695c886cab89fb9b6bb673
"(3,1,0,0)","(3,1,0,0):iso-00011",975b9f30edbe6ef4223c5da048f4965ee3b274e237648509a7c47295b1e962b3,451,8fddc10686c4d74de5fd09859218a0500bb8d94ae8093ff83b5ee866f515086b
"(3,1,0,0)","(3,1,0,0):iso-00011",975b9f30edbe6ef4223c5da048f4965ee3b274e237648509a7c47295b1e962b3,451,b3f50839eee0c5e0f2d306eae32e0c2f78bb416b41abf37198df6acfdeaa08c6
"(3,1,0,0)","(3,1,0,0):iso-00011",975b9f30edbe6ef4223c5da048f4965ee3b274e237648509a7c47295b1e962b3,451,c5c22cc8d9d348c1022381be932d32af4908509c95e4fd9860bd73e5ec590ebb
"(3,1,0,0)","(3,1,0,0):iso-00011",975b9f30edbe6ef4223c5da048f4965ee3b274e237648509a7c47295b1e962b3,451,2929d9364ef518248fde890ab59615ea473864af03feafbcade27238be3beaf4
"(3,1,0,0)","(3,1,0,0):iso-00011",975b9f30edbe6ef4223c5da048f4965ee3b274e237648509a7c47295b1e962b3,451,467036fa58b41263eeeaf7ef98e64c343b867ef7a3fb14ca7e47410eb51abd21
"(3,1,0,0)","(3,1,0,0):iso-00011",975b9f30edbe6ef4223c5da048f4965ee3b274e237648509a7c47295b1e962b3,451,2146f804357a71d31bbc1f9818870e8bd674132505f2bf9d822da8d12f423360
"(3,1,0,0)","(3,1,0,0):iso-00011",975b9f30edbe6ef4223c5da048f4965ee3b274e237648509a7c47295b1e962b3,451,def803f6e66776400f1f95f04204c31c15bb74bdf405abc9599c21d1b224680a
"(3,1,0,0)","(3,1,0,0):iso-00011",975b9f30edbe6ef4223c5da048f4965ee3b274e237648509a7c47295b1e962b3,451,46c5e1681fac541ead9b713ef79dfd746f32e17397351812162d7dd57dd9bd01
"(3,1,0,0)","(3,1,0,0):iso-00011",975b9f30edbe6ef4223c5da048f4965ee3b274e237648509a7c47295b1e962b3,451,07e414a4265ebf69b48b5446fe5c32dcc0bdac7bc7c6d118629c4738390f43d1
"(3,1,0,0)","(3,1,0,0):iso-00011",975b9f30edbe6ef4223c5da048f4965ee3b274e237648509a7c47295b1e962b3,451,9a293e878a273b366d5f5381ed432ad2e7293d0088db175f293236574ec80f13
"(3,1,0,0)","(3,1,0,0):iso-00011",975b9f30edbe6ef4223c5da048f4965ee3b274e237648509a7c47295b1e962b3,451,4b5a7e1a06f082124d8e0a443daf301d549a21b7104958c15fcaf87aa4ddda59
"(3,1,0,0)","(3,1,0,0):iso-00011",975b9f30edbe6ef4223c5da048f4965ee3b274e237648509a7c47295b1e962b3,451,28ced7f7e4fc2b783a09ac34f896f3f8b59777e5e0790de934f75c8624b681ce
"(3,1,0,0)","(3,1,0,0):iso-00011",975b9f30edbe6ef4223c5da048f4965ee3b274e237648509a7c47295b1e962b3,451,7a4add07174bca603dfde23ff7096e0ef8813fc7548531e72147bc6d768f083d
"(3,1,0,0)","(3,1,0,0):iso-00011",975b9f30edbe6ef4223c5da048f4965ee3b274e237648509a7c47295b1e962b3,451,e8fa41d93ee8017fce0ed624ee6e92a080adb1b1a74cb6a6ca3890beeccd4853
"(3,1,0,0)","(3,1,0,0):iso-00011",975b9f30edbe6ef4223c5da048f4965ee3b274e237648509a7c47295b1e962b3,451,422a2702ae6ea0249dfc6384d9580f91dc7f0b8d45cc644788764c7fc2d45843
"(3,1,0,0)","(3,1,0,0):iso-00011",975b9f30edbe6ef4223c5da048f4965ee3b274e237648509a7c47295b1e962b3,451,991d01a1f4154f357d78e4c8c2993f12f6f844969c8d508f7ceb0f59936bdfe5
"(3,1,0,0)","(3,1,0,0):iso-00011",975b9f30edbe6ef4223c5da048f4965ee3b274e237648509a7c47295b1e962b3,451,583bb1f836cc3b3c5b8a3e8335f63f22d94d7b39eb6ed0ca0fa7fe33d96465fa
"(3,1,0,0)","(3,1,0,0):iso-00011",975b9f30edbe6ef4223c5da048f4965ee3b274e237648509a7c47295b1e962b3,451,5d21e309604223e85db0a209e736d3f5fd3c6222b35957e5ba91f9a7405daa48
"(3,1,0,0)","(3,1,0,0):iso-00011",975b9f30edbe6ef4223c5da048f4965ee3b274e237648509a7c47295b1e962b3,451,d8556d1557ef8d2ab73c5cfd8249c93edd339037115ceea913e6b490072bcbac
"(3,1,0,0)","(3,1,0,0):iso-00011",975b9f30edbe6ef4223c5da048f4965ee3b274e237648509a7c47295b1e962b3,451,5a37fe75c55b1473e41ccb6a7aeb2f5216559ee7920f562b176783f7545c2fb8
"(3,1,0,0)","(3,1,0,0):iso-00011",975b9f30edbe6ef4223c5da048f4965ee3b274e237648509a7c47295b1e962b3,451,17bc630495e6e250467cda7bb79d3f92df8fb4ee165591018ed82dc1a3d63ce0
"(3,1,0,0)","(3,1,0,0):iso-00012",97e9abae9cbe049ced3b371317eeb51f18f447ad94c383db4d1d0e39e3dc9991,228,97e9abae9cbe049ced3b371317eeb51f18f447ad94c383db4d1d0e39e3dc9991
"(3,1,0,0)","(3,1,0,0):iso-00012",97e9abae9cbe049ced3b371317eeb51f18f447ad94c383db4d1d0e39e3dc9991,228,2950ccb3e82caba698a5982c53a8670c30bb39d8dce5a606d6308f078cc9c7e5
"(3,1,0,0)","(3,1,0,0):iso-00012",97e9abae9cbe049ced3b371317eeb51f18f447ad94c383db4d1d0e39e3dc9991,228,ae20a570f64dcea0593b2091d29fa5a28b2823599714c55e2ade27cf58f92ecb
"(3,1,0,0)","(3,1,0,0):iso-00012",97e9abae9cbe049ced3b371317eeb51f18f447ad94c383db4d1d0e39e3dc9991,228,03e7cd3876bf9deaf24cc24a1670913566c64829ec6b070b9d0d1aa473a9a9f1
"(3,1,0,0)","(3,1,0,0):iso-00012",97e9abae9cbe049ced3b371317eeb51f18f447ad94c383db4d1d0e39e3dc9991,228,0687a3f329cecebb7611f6ac19b48bfdc86fb158dae864119f87716357a25529
"(3,1,0,0)","(3,1,0,0):iso-00012",97e9abae9cbe049ced3b371317eeb51f18f447ad94c383db4d1d0e39e3dc9991,228,19a37512557fa2078c87f738674ee15e066fd48f8253be74895eb06e2de44b9b
"(3,1,0,0)","(3,1,0,0):iso-00012",97e9abae9cbe049ced3b371317eeb51f18f447ad94c383db4d1d0e39e3dc9991,228,1a18ee0fdd7e3ce9e25764f580ae7b2fa12dfe9dcfb834eedb1bb1c428e6beee
"(3,1,0,0)","(3,1,0,0):iso-00012",97e9abae9cbe049ced3b371317eeb51f18f447ad94c383db4d1d0e39e3dc9991,228,8e36394a587dcec86dd2104b13f9038c655bd1ee5ecbae5be0d4a1074f894757
"(3,1,0,0)","(3,1,0,0):iso-00012",97e9abae9cbe049ced3b371317eeb51f18f447ad94c383db4d1d0e39e3dc9991,228,2b8b84800b3a1f4e7a4a09caf7ae5f3a8f7faeb2c1a1157fa5c89e00e22f7953
"(3,1,0,0)","(3,1,0,0):iso-00012",97e9abae9cbe049ced3b371317eeb51f18f447ad94c383db4d1d0e39e3dc9991,228,1af593ff15d32977b8f68e9e9b0077196edaf85cc70489c65b171f53de64cfec
"(3,1,0,0)","(3,1,0,0):iso-00012",97e9abae9cbe049ced3b371317eeb51f18f447ad94c383db4d1d0e39e3dc9991,228,0da7c3f8890a190d98e7ac8526f017426d7e070946f6e710bce1d1ccfe07ca12
"(3,1,0,0)","(3,1,0,0):iso-00012",97e9abae9cbe049ced3b371317eeb51f18f447ad94c383db4d1d0e39e3dc9991,228,942b6fe4affbe2dd4c4553d4a1df122a388ed35bdb7542f93fdde06f7f5842b2
"(3,1,0,0)","(3,1,0,0):iso-00012",97e9abae9cbe049ced3b371317eeb51f18f447ad94c383db4d1d0e39e3dc9991,228,922079fcc41820d22c46ef96ce4a6de38423835dd67d2670d3dc880deb80fecc
"(3,1,0,0)","(3,1,0,0):iso-00012",97e9abae9cbe049ced3b371317eeb51f18f447ad94c383db4d1d0e39e3dc9991,228,2cf906505f7f90ca0f19b352c7dbd488bdca9a3a2b013d27b4f5a553f6e07e94
"(3,1,0,0)","(3,1,0,0):iso-00012",97e9abae9cbe049ced3b371317eeb51f18f447ad94c383db4d1d0e39e3dc9991,228,43e1b9dc952517345679e07c71fe746d1dd36dfb5cae459263a828a5c588e8fd
"(3,1,0,0)","(3,1,0,0):iso-00012",97e9abae9cbe049ced3b371317eeb51f18f447ad94c383db4d1d0e39e3dc9991,228,3c18571a99ac9ebda88e6cb6b5c5289a984062670cf48d6407d085efc48a8153
"(3,1,0,0)","(3,1,0,0):iso-00012",97e9abae9cbe049ced3b371317eeb51f18f447ad94c383db4d1d0e39e3dc9991,228,023659f970aa2b88bd3b8eb6ffbb928f656cbf81cb802ea336b541aa29fbcf94
"(3,1,0,0)","(3,1,0,0):iso-00012",97e9abae9cbe049ced3b371317eeb51f18f447ad94c383db4d1d0e39e3dc9991,228,e8dbbf6b8e3f8ec21aa1013e7f87dcd1f8216b855498a1b2d8a84241a1231e0a
"(3,1,0,0)","(3,1,0,0):iso-00012",97e9abae9cbe049ced3b371317eeb51f18f447ad94c383db4d1d0e39e3dc9991,228,dfa1717cc47d50b59f1aebaff979008d974d0ee27cb5d495ede7269e128ddac8
"(3,1,0,0)","(3,1,0,0):iso-00012",97e9abae9cbe049ced3b371317eeb51f18f447ad94c383db4d1d0e39e3dc9991,228,d044d99203662329859c3d7c13d00c2c42527bbf8fba50335d9c73065f487d0e
"(3,1,0,0)","(3,1,0,0):iso-00012",97e9abae9cbe049ced3b371317eeb51f18f447ad94c383db4d1d0e39e3dc9991,228,67688aa38ca0b9a3111ad8ba10f0b0fe4cd55f20e064f936bd7df8ce73fa80ab
"(3,1,0,0)","(3,1,0,0):iso-00012",97e9abae9cbe049ced3b371317eeb51f18f447ad94c383db4d1d0e39e3dc9991,228,a75c02ab24a41802246ff99e90ee1526b21621d27dcb396f213ec4b7c2b5dbf1
"(3,1,0,0)","(3,1,0,0):iso-00012",97e9abae9cbe049ced3b371317eeb51f18f447ad94c383db4d1d0e39e3dc9991,228,c42b984ed7139ab3ce5d9a2b824274226dcc18ddc4e20cb319d565105275da6e
"(3,1,0,0)","(3,1,0,0):iso-00012",97e9abae9cbe049ced3b371317eeb51f18f447ad94c383db4d1d0e39e3dc9991,228,9c105a43f8c9ec4ea90a6b98afc0b81bee31bca1fa3c39055af459cae39e1e95
"(3,1,0,0)","(3,1,0,0):iso-00012",97e9abae9cbe049ced3b371317eeb51f18f447ad94c383db4d1d0e39e3dc9991,228,ad58354e1084dcf90aa3c6dad0855b0740cdcb7a1acba66d573be3a5f66b5955
"(3,1,0,0)","(3,1,0,0):iso-00012",97e9abae9cbe049ced3b371317eeb51f18f447ad94c383db4d1d0e39e3dc9991,228,d735e9487f9463d7b2e9e542b711bec12b095349e55dd79e5188874d6cd81385
"(3,1,0,0)","(3,1,0,0):iso-00012",97e9abae9cbe049ced3b371317eeb51f18f447ad94c383db4d1d0e39e3dc9991,228,4397e6c62c58ad481d4ff8c522db9d6829e352d719638fff8d63132086536709
"(3,1,0,0)","(3,1,0,0):iso-00012",97e9abae9cbe049ced3b371317eeb51f18f447ad94c383db4d1d0e39e3dc9991,228,bed48f4c00ff54970af9f192bf952a35c809ebdf286d292fd5ba993948f78e09
"(3,1,0,0)","(3,1,0,0):iso-00012",97e9abae9cbe049ced3b371317eeb51f18f447ad94c383db4d1d0e39e3dc9991,228,36724494831c260cf83604fa7954b4fcfa842d325527d0a1b945531227bfc796
"(3,1,0,0)","(3,1,0,0):iso-00012",97e9abae9cbe049ced3b371317eeb51f18f447ad94c383db4d1d0e39e3dc9991,228,ac436ed5530adc43b251fe0b8c1602b54f1a28e3bfbb55ce1cfd410f5897d382
"(3,1,0,0)","(3,1,0,0):iso-00012",97e9abae9cbe049ced3b371317eeb51f18f447ad94c383db4d1d0e39e3dc9991,228,6de77a83c51d4d413e3d3234d884ae629fc79fef42b9768079164827c0070743
"(3,1,0,0)","(3,1,0,0):iso-00012",97e9abae9cbe049ced3b371317eeb51f18f447ad94c383db4d1d0e39e3dc9991,228,f8ea05ea15aaba04c4f5f32e66061c0c054fdf4e342868e12440827f87549542
"(3,1,0,0)","(3,1,0,0):iso-00012",97e9abae9cbe049ced3b371317eeb51f18f447ad94c383db4d1d0e39e3dc9991,228,9eb0f00f4cdb2fd0e3114d111b371fae345feb14a4da8eab35d4864f2f508883
"(3,1,0,0)","(3,1,0,0):iso-00012",97e9abae9cbe049ced3b371317eeb51f18f447ad94c383db4d1d0e39e3dc9991,228,b6364424c93f7e78243d884fb3183e165fcb81f9982af61b9ec034656bf19931
"(3,1,0,0)","(3,1,0,0):iso-00012",97e9abae9cbe049ced3b371317eeb51f18f447ad94c383db4d1d0e39e3dc9991,228,c6b22354ece4eead5deb6a557bf14250eb1e932cbca0984650f269716e45905e
"(3,1,0,0)","(3,1,0,0):iso-00012",97e9abae9cbe049ced3b371317eeb51f18f447ad94c383db4d1d0e39e3dc9991,228,167955018459dca8084f68a0881b4438023987bd1b99fb7c30792d0e77275e44
"(3,1,0,0)","(3,1,0,0):iso-00012",97e9abae9cbe049ced3b371317eeb51f18f447ad94c383db4d1d0e39e3dc9991,228,b85e27957e32cc92effe6fa7999ea337afdeeab9102b5d95c2dead5d190487c7
"(3,1,0,0)","(3,1,0,0):iso-00012",97e9abae9cbe049ced3b371317eeb51f18f447ad94c383db4d1d0e39e3dc9991,228,6db72a5dc33aa473bf5310d445010dd81bccee627a9d6ec0877bc92bc4119df8
"(3,1,0,0)","(3,1,0,0):iso-00012",97e9abae9cbe049ced3b371317eeb51f18f447ad94c383db4d1d0e39e3dc9991,228,1e598471c11b61a78bbf3e6e859ca57bbb194d5f798c45751727ac719bbd6338
"(3,1,0,0)","(3,1,0,0):iso-00012",97e9abae9cbe049ced3b371317eeb51f18f447ad94c383db4d1d0e39e3dc9991,228,b1db88ee8503a6ac22cce41e890dc82fb7eabb8d4c1ebb52d5861760ad041dfe
"(3,1,0,0)","(3,1,0,0):iso-00012",97e9abae9cbe049ced3b371317eeb51f18f447ad94c383db4d1d0e39e3dc9991,228,09ae56c61218344b426c20a77c48a8d30765cd3acc147e2e91fc9bd16c7f2cda
"(3,1,0,0)","(3,1,0,0):iso-00012",97e9abae9cbe049ced3b371317eeb51f18f447ad94c383db4d1d0e39e3dc9991,228,328a5417d57213fc0142c07ec3e09df3b12b2372cbc3049b6ac590238804af29
"(3,1,0,0)","(3,1,0,0):iso-00012",97e9abae9cbe049ced3b371317eeb51f18f447ad94c383db4d1d0e39e3dc9991,228,c4eb864ec350f4eef6f8142fcf536bde4cc573dbae36efdee2bf6a9b10415a6e
"(3,1,0,0)","(3,1,0,0):iso-00012",97e9abae9cbe049ced3b371317eeb51f18f447ad94c383db4d1d0e39e3dc9991,228,5807477ab46765b09aa98c4d9e9d9272a35d6397bd0ecdae42f82d1407837643
"(3,1,0,0)","(3,1,0,0):iso-00012",97e9abae9cbe049ced3b371317eeb51f18f447ad94c383db4d1d0e39e3dc9991,228,d4203797d5c3cb534c6c8abd434094d3190ca961c69b0bf5b2b09fb7e3715e45
"(3,1,0,0)","(3,1,0,0):iso-00012",97e9abae9cbe049ced3b371317eeb51f18f447ad94c383db4d1d0e39e3dc9991,228,252800cdb3fd193f759f9cb5c70757fdf849c8450ffbf2c4319eeaf2cda29e9a
"(3,1,0,0)","(3,1,0,0):iso-00012",97e9abae9cbe049ced3b371317eeb51f18f447ad94c383db4d1d0e39e3dc9991,228,c2ae89f05ef060a2964f5ace74e95ac63bd4133cc16dfc5bf21736d8cc367109
"(3,1,0,0)","(3,1,0,0):iso-00012",97e9abae9cbe049ced3b371317eeb51f18f447ad94c383db4d1d0e39e3dc9991,228,b3ecfc39f752c2174cfbc53a3934c660aee80ea2f9c9cb966fe62b41fb9b8a91
"(3,1,0,0)","(3,1,0,0):iso-00012",97e9abae9cbe049ced3b371317eeb51f18f447ad94c383db4d1d0e39e3dc9991,228,83b72d773e9cadca605ddb07254c7923f79c751fc73f9105e98de1f81cc76836
"(3,1,0,0)","(3,1,0,0):iso-00012",97e9abae9cbe049ced3b371317eeb51f18f447ad94c383db4d1d0e39e3dc9991,228,65f77c17f70b4d81e4ca8ab891a859bda7fa72a04604187094f2a64791e14aba
"(3,1,0,0)","(3,1,0,0):iso-00012",97e9abae9cbe049ced3b371317eeb51f18f447ad94c383db4d1d0e39e3dc9991,228,22be7ee9a87aa92713f344a3fba0d1e379b4bb69163adc74c080b0f4e2ead81f
"(3,1,0,0)","(3,1,0,0):iso-00012",97e9abae9cbe049ced3b371317eeb51f18f447ad94c383db4d1d0e39e3dc9991,228,0b355efcd5624477e6f66f8c93e114e5117e949e0e907c9369759078f0fb74ce
"(3,1,0,0)","(3,1,0,0):iso-00012",97e9abae9cbe049ced3b371317eeb51f18f447ad94c383db4d1d0e39e3dc9991,228,44cd2b1c7dbde0efab1e0e4dafcf928ed11e35d96147ed8184f06bd5745e5e25
"(3,1,0,0)","(3,1,0,0):iso-00012",97e9abae9cbe049ced3b371317eeb51f18f447ad94c383db4d1d0e39e3dc9991,228,d2811876e5c7d484cc9bc63c1877d9d96f86a0fa018e64db6132d7522bdfa1ac
"(3,1,0,0)","(3,1,0,0):iso-00012",97e9abae9cbe049ced3b371317eeb51f18f447ad94c383db4d1d0e39e3dc9991,228,fbf01bed3b598166bf18790e07c6ef06346073efa706f0413f3205f6feb67081
"(3,1,0,0)","(3,1,0,0):iso-00012",97e9abae9cbe049ced3b371317eeb51f18f447ad94c383db4d1d0e39e3dc9991,228,a03f0fcc1c4b2befb33b40744bd655d9c02dfb9553128493728560ab4cd857da
"(3,1,0,0)","(3,1,0,0):iso-00012",97e9abae9cbe049ced3b371317eeb51f18f447ad94c383db4d1d0e39e3dc9991,228,40fb5c5e3f3a7e7e6fb19d0b8a3f7575d21df13848f9dfe9b1c500a7a79bde2d
"(3,1,0,0)","(3,1,0,0):iso-00012",97e9abae9cbe049ced3b371317eeb51f18f447ad94c383db4d1d0e39e3dc9991,228,a1542647939e4aa1d1bbf2f8ac914a189e94083bff706ed92703d0c7b13f7f5e
"(3,1,0,0)","(3,1,0,0):iso-00012",97e9abae9cbe049ced3b371317eeb51f18f447ad94c383db4d1d0e39e3dc9991,228,78a9c5c455caadca2f5ce72a41e79277ebd3be35aac696a85b2c2adb6b639b24
"(3,1,0,0)","(3,1,0,0):iso-00012",97e9abae9cbe049ced3b371317eeb51f18f447ad94c383db4d1d0e39e3dc9991,228,f605ebea01c04829dbc5c1a4e20c4c4820e0b1df157d48b39b6ae172e7fb48ea
"(3,1,0,0)","(3,1,0,0):iso-00012",97e9abae9cbe049ced3b371317eeb51f18f447ad94c383db4d1d0e39e3dc9991,228,28cb7f954045ac855756793975aec4e16d64e106afed1dacce41c63c7bd95b92
"(3,1,0,0)","(3,1,0,0):iso-00012",97e9abae9cbe049ced3b371317eeb51f18f447ad94c383db4d1d0e39e3dc9991,228,4e7e8744c8e90deeb0d2cce74df593f84a6089b2b62832f4ea2ce729131b55ad
"(3,1,0,0)","(3,1,0,0):iso-00012",97e9abae9cbe049ced3b371317eeb51f18f447ad94c383db4d1d0e39e3dc9991,228,efd001d8c286ea25ecaf15b11b210589f7065d5c8da409224458631519b3506a
"(3,1,0,0)","(3,1,0,0):iso-00012",97e9abae9cbe049ced3b371317eeb51f18f447ad94c383db4d1d0e39e3dc9991,228,adf22bd7bf63a1f34d31876f02ca0807376081690365af78cf70a80a6da00398
"(3,1,0,0)","(3,1,0,0):iso-00012",97e9abae9cbe049ced3b371317eeb51f18f447ad94c383db4d1d0e39e3dc9991,228,930c76cec85dd8f57b5e4d95e5dbc8255d2aeb2644d264561299a64ba851f46f
"(3,1,0,0)","(3,1,0,0):iso-00012",97e9abae9cbe049ced3b371317eeb51f18f447ad94c383db4d1d0e39e3dc9991,228,0aa51e8b19853e5151c3784ae237a713f9427a022e1f64a6f995c72fb7bd9fe5
"(3,1,0,0)","(3,1,0,0):iso-00012",97e9abae9cbe049ced3b371317eeb51f18f447ad94c383db4d1d0e39e3dc9991,228,1d9d0d8687a7e7d29c7de0c045ac5df3cc5540cd43dfdc8ae03fb2d32e4f33f2
"(3,1,0,0)","(3,1,0,0):iso-00012",97e9abae9cbe049ced3b371317eeb51f18f447ad94c383db4d1d0e39e3dc9991,228,1dd711eb62bb94c86ee1e763e638d9c7d8d76b5e242dc4db5bbe97a2615b09de
"(3,1,0,0)","(3,1,0,0):iso-00012",97e9abae9cbe049ced3b371317eeb51f18f447ad94c383db4d1d0e39e3dc9991,228,b52b0ffd003f18ee5f4bc2ca6a2a551bd898235719724edcec92522271870620
"(3,1,0,0)","(3,1,0,0):iso-00012",97e9abae9cbe049ced3b371317eeb51f18f447ad94c383db4d1d0e39e3dc9991,228,064968c4b639b36bea17568a315f80f55b470076b01a0ef95b713c33c9e4752b
"(3,1,0,0)","(3,1,0,0):iso-00012",97e9abae9cbe049ced3b371317eeb51f18f447ad94c383db4d1d0e39e3dc9991,228,03577e6455141600b13e2ba0de4c564f21b3a7dfb1087a6085a59a56bbd633df
"(3,1,0,0)","(3,1,0,0):iso-00012",97e9abae9cbe049ced3b371317eeb51f18f447ad94c383db4d1d0e39e3dc9991,228,435983b6ee78cf30e744535b1b4c76f3f4909fad54ecad43569baf0b024af092
"(3,1,0,0)","(3,1,0,0):iso-00012",97e9abae9cbe049ced3b371317eeb51f18f447ad94c383db4d1d0e39e3dc9991,228,a291bad6da7fcfb397e48c569325138c35738eb08f60f3903147c649f1289e1d
"(3,1,0,0)","(3,1,0,0):iso-00012",97e9abae9cbe049ced3b371317eeb51f18f447ad94c383db4d1d0e39e3dc9991,228,07d551a3786e6b4994cb572c459f79b064f4e9190e0b7f53844985d4820dc04a
"(3,1,0,0)","(3,1,0,0):iso-00012",97e9abae9cbe049ced3b371317eeb51f18f447ad94c383db4d1d0e39e3dc9991,228,287ee41b09afe5117dd857a744b539ff6c78d7ef2dbb36deef0ed9df2376831f
"(3,1,0,0)","(3,1,0,0):iso-00012",97e9abae9cbe049ced3b371317eeb51f18f447ad94c383db4d1d0e39e3dc9991,228,a2aa7183eb9c9cf2a2d22ddaf7e22e152bb1bc7b31aa1c30142fb59210c97f67
"(3,1,0,0)","(3,1,0,0):iso-00012",97e9abae9cbe049ced3b371317eeb51f18f447ad94c383db4d1d0e39e3dc9991,228,f732d11f657ed0dbd597e5a9f6f9bd25145d2d31e8903fcef247e50cd9d3a109
"(3,1,0,0)","(3,1,0,0):iso-00012",97e9abae9cbe049ced3b371317eeb51f18f447ad94c383db4d1d0e39e3dc9991,228,376e1bf6af2a7781c47da769bf2edfc2c5f7144a41003d77e984d4531d00b125
"(3,1,0,0)","(3,1,0,0):iso-00012",97e9abae9cbe049ced3b371317eeb51f18f447ad94c383db4d1d0e39e3dc9991,228,1b215e301712a89bfc139e84239acee1da6abfc9f142267ed910640dc20d404d
"(3,1,0,0)","(3,1,0,0):iso-00012",97e9abae9cbe049ced3b371317eeb51f18f447ad94c383db4d1d0e39e3dc9991,228,d752e2d9e0870e10d74813e023637abbf51fd9a5f53d3ed954070c696a84d11c
"(3,1,0,0)","(3,1,0,0):iso-00012",97e9abae9cbe049ced3b371317eeb51f18f447ad94c383db4d1d0e39e3dc9991,228,d00a0538c70ab897e8f8ed701221bce3f9894d37a769999f58932dc6a4886ea8
"(3,1,0,0)","(3,1,0,0):iso-00012",97e9abae9cbe049ced3b371317eeb51f18f447ad94c383db4d1d0e39e3dc9991,228,3762bcfdba5ea3c9aa55d095f3ab38d1ffc4fc16fca224740e8e27c74785929a
"(3,1,0,0)","(3,1,0,0):iso-00012",97e9abae9cbe049ced3b371317eeb51f18f447ad94c383db4d1d0e39e3dc9991,228,c180917b01d7ea78a811a9f246e1947cec645eaaf93e85c43025e8369670e97d
"(3,1,0,0)","(3,1,0,0):iso-00012",97e9abae9cbe049ced3b371317eeb51f18f447ad94c383db4d1d0e39e3dc9991,228,83e2951114458359499ab8e50b09d39af752f2993c5ca67c5a217acb16c62c49
"(3,1,0,0)","(3,1,0,0):iso-00012",97e9abae9cbe049ced3b371317eeb51f18f447ad94c383db4d1d0e39e3dc9991,228,c5e5ba5800cbee5bf5003d8c42e856a606efd71d7ee4986fc2e311dc4795e694
"(3,1,0,0)","(3,1,0,0):iso-00012",97e9abae9cbe049ced3b371317eeb51f18f447ad94c383db4d1d0e39e3dc9991,228,4f2b7144d4307c7bb96b8cc7cefef22fb807ba72cd931ab1039705780430e36f
"(3,1,0,0)","(3,1,0,0):iso-00012",97e9abae9cbe049ced3b371317eeb51f18f447ad94c383db4d1d0e39e3dc9991,228,c8a2ffe653a78f47b90b9cf554fc9514c4a88ae5a859ba85d0fd7031f3a75b2a
"(3,1,0,0)","(3,1,0,0):iso-00012",97e9abae9cbe049ced3b371317eeb51f18f447ad94c383db4d1d0e39e3dc9991,228,7467c8acba8267826bae46861485183b2d16ec889a26c657a53420b7e5e10554
"(3,1,0,0)","(3,1,0,0):iso-00012",97e9abae9cbe049ced3b371317eeb51f18f447ad94c383db4d1d0e39e3dc9991,228,c31b7ab87565fd2582065e6ba8d47aece344e6ea1b6cbb2b3de79764672afbba
"(3,1,0,0)","(3,1,0,0):iso-00012",97e9abae9cbe049ced3b371317eeb51f18f447ad94c383db4d1d0e39e3dc9991,228,9b49413ef9cb18f91ada3e9dacd96438b9b5322a6a69e9552759b058f37f166a
"(3,1,0,0)","(3,1,0,0):iso-00012",97e9abae9cbe049ced3b371317eeb51f18f447ad94c383db4d1d0e39e3dc9991,228,da52f39c32d57978cc409d906eb260d92232c91b5f265d5c9b1ef7b201064220
"(3,1,0,0)","(3,1,0,0):iso-00012",97e9abae9cbe049ced3b371317eeb51f18f447ad94c383db4d1d0e39e3dc9991,228,e2ab92fbd621fb89e098030e58ff77156d7ca5845f2d01269e609122d1776858
"(3,1,0,0)","(3,1,0,0):iso-00012",97e9abae9cbe049ced3b371317eeb51f18f447ad94c383db4d1d0e39e3dc9991,228,b694015358a1a325abc57d75667a3e3b75edce8543d58cdff004b012694cfad4
"(3,1,0,0)","(3,1,0,0):iso-00012",97e9abae9cbe049ced3b371317eeb51f18f447ad94c383db4d1d0e39e3dc9991,228,be30328d5808637c1d94b579ee78f5e33060fa4919f3f067b3f4c8eb6f3d85f7
"(3,1,0,0)","(3,1,0,0):iso-00012",97e9abae9cbe049ced3b371317eeb51f18f447ad94c383db4d1d0e39e3dc9991,228,06e5c75ae2deb81f35181353e5e9c8791ec409ceafc384c37d8b9dd3596cb99c
"(3,1,0,0)","(3,1,0,0):iso-00012",97e9abae9cbe049ced3b371317eeb51f18f447ad94c383db4d1d0e39e3dc9991,228,a1890d36c312a53aed0c23f9b46c0fe969e56167542233e64de69e1b501bc597
"(3,1,0,0)","(3,1,0,0):iso-00012",97e9abae9cbe049ced3b371317eeb51f18f447ad94c383db4d1d0e39e3dc9991,228,37089b4532b738e76b424fdcce1c71a4f5749866233f89773f61d247cb5206ec
"(3,1,0,0)","(3,1,0,0):iso-00012",97e9abae9cbe049ced3b371317eeb51f18f447ad94c383db4d1d0e39e3dc9991,228,fc5ed5bcc1679daa3a31d56e70674470569f08a4b329daf19da57360749d367b
"(3,1,0,0)","(3,1,0,0):iso-00012",97e9abae9cbe049ced3b371317eeb51f18f447ad94c383db4d1d0e39e3dc9991,228,047b2094d7357db8e51da37e1882539e23c3cf42f090e53e7cfc573ebbbce91c
"(3,1,0,0)","(3,1,0,0):iso-00012",97e9abae9cbe049ced3b371317eeb51f18f447ad94c383db4d1d0e39e3dc9991,228,e8592ad0618cd4784e4f0f4b119e7264795a5c36086f70a2e234b2b997af8ff9
"(3,1,0,0)","(3,1,0,0):iso-00012",97e9abae9cbe049ced3b371317eeb51f18f447ad94c383db4d1d0e39e3dc9991,228,2b0ce9b299e6e25606832f754e64fab8461f63e36119a9a01c718c44bef31aae
"(3,1,0,0)","(3,1,0,0):iso-00012",97e9abae9cbe049ced3b371317eeb51f18f447ad94c383db4d1d0e39e3dc9991,228,f14a36e95991ce6ac9f935106e6b5b7217629cc58911f4f1f3047eba0d12f104
"(3,1,0,0)","(3,1,0,0):iso-00012",97e9abae9cbe049ced3b371317eeb51f18f447ad94c383db4d1d0e39e3dc9991,228,1fcde2b842c39a7f11d7912ce4d59aaa661fcfa347294b7500f7ac02931b2de0
"(3,1,0,0)","(3,1,0,0):iso-00012",97e9abae9cbe049ced3b371317eeb51f18f447ad94c383db4d1d0e39e3dc9991,228,52717f38502c8c18c32f408289b9f86fe3504ec818debb330e43c22837c80af5
"(3,1,0,0)","(3,1,0,0):iso-00012",97e9abae9cbe049ced3b371317eeb51f18f447ad94c383db4d1d0e39e3dc9991,228,b530fa2857264072f09e6d98ba73ddb05e3feb3dd1064593fb4a30ae3d40029c
"(3,1,0,0)","(3,1,0,0):iso-00012",97e9abae9cbe049ced3b371317eeb51f18f447ad94c383db4d1d0e39e3dc9991,228,289ee04433803c838d7e741abbfb1b8b93ed08e534d9a54b70fefe57aa44ab8d
"(3,1,0,0)","(3,1,0,0):iso-00012",97e9abae9cbe049ced3b371317eeb51f18f447ad94c383db4d1d0e39e3dc9991,228,a88978a54e73ba383325b689b468544a8fa39026066e06ff3ff10fa489220ddf
"(3,1,0,0)","(3,1,0,0):iso-00012",97e9abae9cbe049ced3b371317eeb51f18f447ad94c383db4d1d0e39e3dc9991,228,09af42dbe08fdf2fd2e8798e679cdc42c1d29a6d3cf57733a9c7a4b97086b50d
"(3,1,0,0)","(3,1,0,0):iso-00012",97e9abae9cbe049ced3b371317eeb51f18f447ad94c383db4d1d0e39e3dc9991,228,64598601426af06603b10f4fbbd75f5dac33d3a4fd93639e364ce9ce21594e7f
"(3,1,0,0)","(3,1,0,0):iso-00012",97e9abae9cbe049ced3b371317eeb51f18f447ad94c383db4d1d0e39e3dc9991,228,fee245fb7221533a1e37edee61124f2f701274bdeb7095abe19ef1cd9184c9d0
"(3,1,0,0)","(3,1,0,0):iso-00012",97e9abae9cbe049ced3b371317eeb51f18f447ad94c383db4d1d0e39e3dc9991,228,8063d914eb4b5d491383bf9b282882eb217849f30223c83d3a43c55c5daa1e96
"(3,1,0,0)","(3,1,0,0):iso-00012",97e9abae9cbe049ced3b371317eeb51f18f447ad94c383db4d1d0e39e3dc9991,228,4068863add26ce66ea2c715b6542f82ab8b65845cfabe1153656640ce4c2d2c1
"(3,1,0,0)","(3,1,0,0):iso-00012",97e9abae9cbe049ced3b371317eeb51f18f447ad94c383db4d1d0e39e3dc9991,228,8d2e0b0674f6b43e1a9c84ad8f4a4560213b840a4438df27801cc7d6598af742
"(3,1,0,0)","(3,1,0,0):iso-00012",97e9abae9cbe049ced3b371317eeb51f18f447ad94c383db4d1d0e39e3dc9991,228,68f0fb97e73e39aa73dbb4a8a561596d241aa8369ab26ba0b8dd06f99aeb892a
"(3,1,0,0)","(3,1,0,0):iso-00012",97e9abae9cbe049ced3b371317eeb51f18f447ad94c383db4d1d0e39e3dc9991,228,4067569ad010308ab1362b8605be15717902bf7b35b52aee9a011b5ad277b4bb
"(3,1,0,0)","(3,1,0,0):iso-00012",97e9abae9cbe049ced3b371317eeb51f18f447ad94c383db4d1d0e39e3dc9991,228,54d108dc5da138a379bf3916b757784d47fcb0d6200ba41ac9894a495def6482
"(3,1,0,0)","(3,1,0,0):iso-00012",97e9abae9cbe049ced3b371317eeb51f18f447ad94c383db4d1d0e39e3dc9991,228,fb5c956c4e7d85fcab7a9b89d2334c6ce81cbc2a5498f055969aa6aedc1a7114
"(3,1,0,0)","(3,1,0,0):iso-00012",97e9abae9cbe049ced3b371317eeb51f18f447ad94c383db4d1d0e39e3dc9991,228,3b23e92bf801173a3223d8056f680ae81cd71eb482cab0e307583dbd5ceb0174
"(3,1,0,0)","(3,1,0,0):iso-00012",97e9abae9cbe049ced3b371317eeb51f18f447ad94c383db4d1d0e39e3dc9991,228,238d0dbf71c13cfcfa6b0d7bf6435f856c6b6b3e5defa40568f0b3e9588ec700
"(3,1,0,0)","(3,1,0,0):iso-00012",97e9abae9cbe049ced3b371317eeb51f18f447ad94c383db4d1d0e39e3dc9991,228,badff356b7460b4f81ef8b7c0b18eb4311ae5f5be7b70b13946e37373ebeb350
"(3,1,0,0)","(3,1,0,0):iso-00012",97e9abae9cbe049ced3b371317eeb51f18f447ad94c383db4d1d0e39e3dc9991,228,7ffddfa05b104983e2e3dbd9990034ed26630d07ab56710e536a1eed5bd1abdf
"(3,1,0,0)","(3,1,0,0):iso-00012",97e9abae9cbe049ced3b371317eeb51f18f447ad94c383db4d1d0e39e3dc9991,228,83f3d9aa4a897498285cbb3521cf44964d4047a64bc11f3dbbefba7c5df90f80
"(3,1,0,0)","(3,1,0,0):iso-00012",97e9abae9cbe049ced3b371317eeb51f18f447ad94c383db4d1d0e39e3dc9991,228,fc2194ab5f262ebf2d50e867ee6fdc8b4cfab7d98c769960c20dc30eff783776
"(3,1,0,0)","(3,1,0,0):iso-00012",97e9abae9cbe049ced3b371317eeb51f18f447ad94c383db4d1d0e39e3dc9991,228,281f96e98c562f8c2f85622af24b64a6ebbeec712f531c125eb5ed8ab0c0efdb
"(3,1,0,0)","(3,1,0,0):iso-00012",97e9abae9cbe049ced3b371317eeb51f18f447ad94c383db4d1d0e39e3dc9991,228,ead53a408c69b0beb3e7ffefde27c318f87725d452f63935ce08984a0b34e9e6
"(3,1,0,0)","(3,1,0,0):iso-00012",97e9abae9cbe049ced3b371317eeb51f18f447ad94c383db4d1d0e39e3dc9991,228,ae72774b2e043b02313a16a7dc76c8d86cff7b1882517fb36e46acbaf2fc6bad
"(3,1,0,0)","(3,1,0,0):iso-00012",97e9abae9cbe049ced3b371317eeb51f18f447ad94c383db4d1d0e39e3dc9991,228,0dda71e861e578f32e77a730922a1743b141e96c22119170fc55470366661614
"(3,1,0,0)","(3,1,0,0):iso-00012",97e9abae9cbe049ced3b371317eeb51f18f447ad94c383db4d1d0e39e3dc9991,228,da734ea6ea09f51c30c641d024b696743d82cd683f57994966684ec1cb7693d0
"(3,1,0,0)","(3,1,0,0):iso-00012",97e9abae9cbe049ced3b371317eeb51f18f447ad94c383db4d1d0e39e3dc9991,228,529f5f22a603525cf8a18555ef85fc9c8338107cd2965086946456ef98904416
"(3,1,0,0)","(3,1,0,0):iso-00012",97e9abae9cbe049ced3b371317eeb51f18f447ad94c383db4d1d0e39e3dc9991,228,c6659fa977b5ec04756da0e511d27e76de0b20ecc23d4f7eed63656cb1508467
"(3,1,0,0)","(3,1,0,0):iso-00012",97e9abae9cbe049ced3b371317eeb51f18f447ad94c383db4d1d0e39e3dc9991,228,c97bfea61518428d1ff0484e08702f5f1375fa2520ebbed8b21ef3c8400f7ec3
"(3,1,0,0)","(3,1,0,0):iso-00012",97e9abae9cbe049ced3b371317eeb51f18f447ad94c383db4d1d0e39e3dc9991,228,867e02040c0ff02cbebb055ee390d08144d3b4392c3d24ee1cb6e43638f46def
"(3,1,0,0)","(3,1,0,0):iso-00012",97e9abae9cbe049ced3b371317eeb51f18f447ad94c383db4d1d0e39e3dc9991,228,38c3e37cbef92fe00131684847df566442f4e8cc142827c32b4b13bb2f9c2316
"(3,1,0,0)","(3,1,0,0):iso-00012",97e9abae9cbe049ced3b371317eeb51f18f447ad94c383db4d1d0e39e3dc9991,228,d53b9842f4e7dff7077183dd41592fe5f070a4f0a98ee5a63778c1d4933f0b72
"(3,1,0,0)","(3,1,0,0):iso-00012",97e9abae9cbe049ced3b371317eeb51f18f447ad94c383db4d1d0e39e3dc9991,228,0211e5e36592febc57daa97bc543b0f691102acd3c70ac53f16a0a26740c99b1
"(3,1,0,0)","(3,1,0,0):iso-00012",97e9abae9cbe049ced3b371317eeb51f18f447ad94c383db4d1d0e39e3dc9991,228,9640126d8b77f581a69910e7940772c894dde720b5f8964d6fbab5dc6d3e35a2
"(3,1,0,0)","(3,1,0,0):iso-00012",97e9abae9cbe049ced3b371317eeb51f18f447ad94c383db4d1d0e39e3dc9991,228,3330f9c2eca45eac17d3bc2a7bcb854c7e0c9b09a6609cf40d740558af4bf40c
"(3,1,0,0)","(3,1,0,0):iso-00012",97e9abae9cbe049ced3b371317eeb51f18f447ad94c383db4d1d0e39e3dc9991,228,207aa930d38a28bf27acf9b16c8c4eac6c392c8949d0c025e6fa91b2e82c3955
"(3,1,0,0)","(3,1,0,0):iso-00012",97e9abae9cbe049ced3b371317eeb51f18f447ad94c383db4d1d0e39e3dc9991,228,2bd3c293f81eee7f2cd942256ba35825624399205be428af391e9b98fae90540
"(3,1,0,0)","(3,1,0,0):iso-00012",97e9abae9cbe049ced3b371317eeb51f18f447ad94c383db4d1d0e39e3dc9991,228,f4e093904a226fde5809653eaf0a41e2713d6bcdd624f52a1a5561239e1bfbb0
"(3,1,0,0)","(3,1,0,0):iso-00012",97e9abae9cbe049ced3b371317eeb51f18f447ad94c383db4d1d0e39e3dc9991,228,02f1fa298bd033954eaf60ee1a7e9728053e65bd4379a7580b31b0466a77a5f2
"(3,1,0,0)","(3,1,0,0):iso-00012",97e9abae9cbe049ced3b371317eeb51f18f447ad94c383db4d1d0e39e3dc9991,228,43751586c1878568692f160e8ebf76aa596a307b5e175f0eeacc16c18c26df9d
"(3,1,0,0)","(3,1,0,0):iso-00012",97e9abae9cbe049ced3b371317eeb51f18f447ad94c383db4d1d0e39e3dc9991,228,5eb3d13a9666460af7846d7ed588de47cdf4ee22bd1bb33067ad87ba5b6f02fa
"(3,1,0,0)","(3,1,0,0):iso-00012",97e9abae9cbe049ced3b371317eeb51f18f447ad94c383db4d1d0e39e3dc9991,228,16550a449e50d5c66adcce302cdc39870ea84f109e08af04df0e9334b38d7307
"(3,1,0,0)","(3,1,0,0):iso-00012",97e9abae9cbe049ced3b371317eeb51f18f447ad94c383db4d1d0e39e3dc9991,228,5afadc3443585c17a11f9686944e6aa58c99a04e7183b353ecf8704f1b76a8ba
"(3,1,0,0)","(3,1,0,0):iso-00012",97e9abae9cbe049ced3b371317eeb51f18f447ad94c383db4d1d0e39e3dc9991,228,3bb34e9c08ea9ffec45a4b104edca1fcafea5e8bc18420bf1b3c2b9c6709b45c
"(3,1,0,0)","(3,1,0,0):iso-00012",97e9abae9cbe049ced3b371317eeb51f18f447ad94c383db4d1d0e39e3dc9991,228,66c82377a8e99b0d2fd285bb7d50c2c50e9365d1b06bae6823920fad235ed75b
"(3,1,0,0)","(3,1,0,0):iso-00012",97e9abae9cbe049ced3b371317eeb51f18f447ad94c383db4d1d0e39e3dc9991,228,5f01c34d148532a4995378978296b3144d65def60da4e12de9ae90f34e228b1e
"(3,1,0,0)","(3,1,0,0):iso-00012",97e9abae9cbe049ced3b371317eeb51f18f447ad94c383db4d1d0e39e3dc9991,228,43b896ce47d06177d8eb0b0a116a38a02608b8061cadc3b0187b33062c656c23
"(3,1,0,0)","(3,1,0,0):iso-00012",97e9abae9cbe049ced3b371317eeb51f18f447ad94c383db4d1d0e39e3dc9991,228,36a8c96a03684b9e49bc44af774090029ce7bd640aa3344c98cbf99c6b5efb37
"(3,1,0,0)","(3,1,0,0):iso-00012",97e9abae9cbe049ced3b371317eeb51f18f447ad94c383db4d1d0e39e3dc9991,228,dcc65d115cc760ffb3dd526487528740ed66d0fce7bd7b8e109dd24493083bba
"(3,1,0,0)","(3,1,0,0):iso-00012",97e9abae9cbe049ced3b371317eeb51f18f447ad94c383db4d1d0e39e3dc9991,228,6e178007322767f4059ae81be9149130a0e794617447e6372fdd7ec556d54214
"(3,1,0,0)","(3,1,0,0):iso-00012",97e9abae9cbe049ced3b371317eeb51f18f447ad94c383db4d1d0e39e3dc9991,228,e1eace56d000389a66dc896e429d4808c1c5d3fc041c591dc5d9207cb805579b
"(3,1,0,0)","(3,1,0,0):iso-00012",97e9abae9cbe049ced3b371317eeb51f18f447ad94c383db4d1d0e39e3dc9991,228,5583c9e04ec6c0dfa46b889cae40086de7809b7e9720e71df1c9a5abb2b27078
"(3,1,0,0)","(3,1,0,0):iso-00012",97e9abae9cbe049ced3b371317eeb51f18f447ad94c383db4d1d0e39e3dc9991,228,da38a68f8e42479f2195129301713e32cd7cb3950b34af48c2bef2387976f897
"(3,1,0,0)","(3,1,0,0):iso-00012",97e9abae9cbe049ced3b371317eeb51f18f447ad94c383db4d1d0e39e3dc9991,228,12e870952fbca001a2be5a2c881e2b6f4efdae66af52a94ff40a03cb3d691a72
"(3,1,0,0)","(3,1,0,0):iso-00012",97e9abae9cbe049ced3b371317eeb51f18f447ad94c383db4d1d0e39e3dc9991,228,6c0fbebc515e7eeb4ad363ccfb7178673c25b902fa10175cae38441df436c54e
"(3,1,0,0)","(3,1,0,0):iso-00012",97e9abae9cbe049ced3b371317eeb51f18f447ad94c383db4d1d0e39e3dc9991,228,9edaded2b59b36dd19d1a56a298229d96f7dd19c33996a8133e419def3c867d6
"(3,1,0,0)","(3,1,0,0):iso-00012",97e9abae9cbe049ced3b371317eeb51f18f447ad94c383db4d1d0e39e3dc9991,228,2bd203327ba7279884a3d2235ec7fc29339bb91a701f2a623187ae18ea8fdc29
"(3,1,0,0)","(3,1,0,0):iso-00012",97e9abae9cbe049ced3b371317eeb51f18f447ad94c383db4d1d0e39e3dc9991,228,78ce8d5825b68c96f34fe21aac277197b34bba64f8e4661ded6bf40e977c3e02
"(3,1,0,0)","(3,1,0,0):iso-00012",97e9abae9cbe049ced3b371317eeb51f18f447ad94c383db4d1d0e39e3dc9991,228,3ad175fc453731c0450d01a4105d537d076a9a523d7cf7215f29fe9bb7b4e652
"(3,1,0,0)","(3,1,0,0):iso-00012",97e9abae9cbe049ced3b371317eeb51f18f447ad94c383db4d1d0e39e3dc9991,228,188062d8984943c0009ef7e2c642bb60ecaf0a0592eaa3ebbb467afdb69e2e3a
"(3,1,0,0)","(3,1,0,0):iso-00012",97e9abae9cbe049ced3b371317eeb51f18f447ad94c383db4d1d0e39e3dc9991,228,5c58baddce7a198e4c82ad5d58c7e82c8d0a9a9b65e6bdab2ed847a07410ffed
"(3,1,0,0)","(3,1,0,0):iso-00012",97e9abae9cbe049ced3b371317eeb51f18f447ad94c383db4d1d0e39e3dc9991,228,29befc855f1553b7d96e4c95f064d0a128a0946b7cc6bddf410a1390956e7f27
"(3,1,0,0)","(3,1,0,0):iso-00012",97e9abae9cbe049ced3b371317eeb51f18f447ad94c383db4d1d0e39e3dc9991,228,c3eca717966b0c66002ec9ca14d1b6bca84ee07e4b799af844700386fa72d8e1
"(3,1,0,0)","(3,1,0,0):iso-00012",97e9abae9cbe049ced3b371317eeb51f18f447ad94c383db4d1d0e39e3dc9991,228,774eeb3d61161d11b8ec0b4154c5decf2094010850766e17a9cbca5fd1b0cad3
"(3,1,0,0)","(3,1,0,0):iso-00012",97e9abae9cbe049ced3b371317eeb51f18f447ad94c383db4d1d0e39e3dc9991,228,9be09fd202b2283e2add14c5e369ec4435da6860451b1b1126ce75c69a292310
"(3,1,0,0)","(3,1,0,0):iso-00012",97e9abae9cbe049ced3b371317eeb51f18f447ad94c383db4d1d0e39e3dc9991,228,f2655158fba6fc9cf4cbfb8407ccf3985aea09cb8111feefea042db379a9d8cb
"(3,1,0,0)","(3,1,0,0):iso-00012",97e9abae9cbe049ced3b371317eeb51f18f447ad94c383db4d1d0e39e3dc9991,228,e64b3aba34cda063863e9861cbce3eb9ee266754f370c7cd4eb25d258abe7652
"(3,1,0,0)","(3,1,0,0):iso-00012",97e9abae9cbe049ced3b371317eeb51f18f447ad94c383db4d1d0e39e3dc9991,228,c76bac5a9c265c5c3d575412a338f3721ba7992fefb0a0c3af56043771d75367
"(3,1,0,0)","(3,1,0,0):iso-00012",97e9abae9cbe049ced3b371317eeb51f18f447ad94c383db4d1d0e39e3dc9991,228,7467360c1b11a542a58a69c8c97c2d846e93ede836523669356868ced89f065f
"(3,1,0,0)","(3,1,0,0):iso-00012",97e9abae9cbe049ced3b371317eeb51f18f447ad94c383db4d1d0e39e3dc9991,228,996610be26070589091502f5d974ad3e2ad09623996988ce46f360df9f611404
"(3,1,0,0)","(3,1,0,0):iso-00012",97e9abae9cbe049ced3b371317eeb51f18f447ad94c383db4d1d0e39e3dc9991,228,4abe99080cc1a97a4ef2a46a68f8abc0024853e5bd0a2ce664a7c832effe66a3
"(3,1,0,0)","(3,1,0,0):iso-00012",97e9abae9cbe049ced3b371317eeb51f18f447ad94c383db4d1d0e39e3dc9991,228,85664c13fc02342ab9f50bfa9aae4b49415dee82c9d371ffffddd87d22ddd3aa
"(3,1,0,0)","(3,1,0,0):iso-00012",97e9abae9cbe049ced3b371317eeb51f18f447ad94c383db4d1d0e39e3dc9991,228,aabc182dc34ed550298ca9a68eb16155453b6d9a8efb70afe05553e00a91d25e
"(3,1,0,0)","(3,1,0,0):iso-00012",97e9abae9cbe049ced3b371317eeb51f18f447ad94c383db4d1d0e39e3dc9991,228,79a7a1e62ff8f9967814db22c37ed3ebf5bca4106895b31d0ea1b8d2bc99af0c
"(3,1,0,0)","(3,1,0,0):iso-00012",97e9abae9cbe049ced3b371317eeb51f18f447ad94c383db4d1d0e39e3dc9991,228,6e3c58165c2ff5cd4cf8eddaa6e9fc0c59dbaa8478eb9d042f74a0a2713f6ff9
"(3,1,0,0)","(3,1,0,0):iso-00012",97e9abae9cbe049ced3b371317eeb51f18f447ad94c383db4d1d0e39e3dc9991,228,e74032fc11713581e5579d46bf21e8a82c96e32f98082bc2f3f2ced6dcd3de20
"(3,1,0,0)","(3,1,0,0):iso-00012",97e9abae9cbe049ced3b371317eeb51f18f447ad94c383db4d1d0e39e3dc9991,228,255c5f712cb7837fc8d863338ad4df464c2111252a0f19c363d4f07478ecbce0
"(3,1,0,0)","(3,1,0,0):iso-00012",97e9abae9cbe049ced3b371317eeb51f18f447ad94c383db4d1d0e39e3dc9991,228,d5cc57bae97fc30356ff73bfd58af0390b616d5cd17e70f488eebb43f3a55b15
"(3,1,0,0)","(3,1,0,0):iso-00012",97e9abae9cbe049ced3b371317eeb51f18f447ad94c383db4d1d0e39e3dc9991,228,bbe7efbf8e3941777e1e081ae22bf5e9d8f4790b76a6f954b59fe673554a39ce
"(3,1,0,0)","(3,1,0,0):iso-00012",97e9abae9cbe049ced3b371317eeb51f18f447ad94c383db4d1d0e39e3dc9991,228,f615fd7a2c548059b8e97a766daee830ead50d7b5b8eee78df4512456d627880
"(3,1,0,0)","(3,1,0,0):iso-00012",97e9abae9cbe049ced3b371317eeb51f18f447ad94c383db4d1d0e39e3dc9991,228,ea57e5f5fb324b4d0fbeea48dec08714f50de6b8cde093b959ead76283b09ad1
"(3,1,0,0)","(3,1,0,0):iso-00012",97e9abae9cbe049ced3b371317eeb51f18f447ad94c383db4d1d0e39e3dc9991,228,9264f82f1510202202eda6b24c3dac0b439a33e2ed458c7f733f54e61ee1f2c3
"(3,1,0,0)","(3,1,0,0):iso-00012",97e9abae9cbe049ced3b371317eeb51f18f447ad94c383db4d1d0e39e3dc9991,228,e8b5035b7b7cbed4fdb63cecdc2df904dbd94eff514aad2fd8a10a181c58e149
"(3,1,0,0)","(3,1,0,0):iso-00012",97e9abae9cbe049ced3b371317eeb51f18f447ad94c383db4d1d0e39e3dc9991,228,83541baea2dd59b45e7bc0af04b2d6c8aad284ae486ee4f60ddad490156ba67a
"(3,1,0,0)","(3,1,0,0):iso-00012",97e9abae9cbe049ced3b371317eeb51f18f447ad94c383db4d1d0e39e3dc9991,228,447efc291526623f5e2997c983284aeb25abdf91f447a8290c2d3cc8dfaaefbe
"(3,1,0,0)","(3,1,0,0):iso-00012",97e9abae9cbe049ced3b371317eeb51f18f447ad94c383db4d1d0e39e3dc9991,228,840bb0d83654abd5cf6ca8f2be8d8d8676bdb8737cf7a13569a10f87bab265ac
"(3,1,0,0)","(3,1,0,0):iso-00012",97e9abae9cbe049ced3b371317eeb51f18f447ad94c383db4d1d0e39e3dc9991,228,193ec6585fc818c54767b868add4933ecb200f1527068a221ddcbc4c0fb3e409
"(3,1,0,0)","(3,1,0,0):iso-00012",97e9abae9cbe049ced3b371317eeb51f18f447ad94c383db4d1d0e39e3dc9991,228,6d8fd2b1f47165afe75c05841c4b79d2aca7de9ed3a2263285dfdf10f20e2489
"(3,1,0,0)","(3,1,0,0):iso-00012",97e9abae9cbe049ced3b371317eeb51f18f447ad94c383db4d1d0e39e3dc9991,228,8daf167164254bee803d7c663ca05afd7e6fce326c0d45bfcfe1b212497afc98
"(3,1,0,0)","(3,1,0,0):iso-00012",97e9abae9cbe049ced3b371317eeb51f18f447ad94c383db4d1d0e39e3dc9991,228,25ca620841231370f3dd50ffe0a1a91f8835ca223e9116d57ecf62e6ac0fe3ff
"(3,1,0,0)","(3,1,0,0):iso-00012",97e9abae9cbe049ced3b371317eeb51f18f447ad94c383db4d1d0e39e3dc9991,228,dd96e68d6eb3e6ea3d717d5df03ce200cabf56d7f205d33524c1f076bb11dd60
"(3,1,0,0)","(3,1,0,0):iso-00012",97e9abae9cbe049ced3b371317eeb51f18f447ad94c383db4d1d0e39e3dc9991,228,2a07cab7fd56267828fcecdde67290d555600eec8b1e6093d12fb0120426d807
"(3,1,0,0)","(3,1,0,0):iso-00012",97e9abae9cbe049ced3b371317eeb51f18f447ad94c383db4d1d0e39e3dc9991,228,6017a5351cfafabaf7b74a1577a7f34d44df9513a1a6833121e984343483d51d
"(3,1,0,0)","(3,1,0,0):iso-00012",97e9abae9cbe049ced3b371317eeb51f18f447ad94c383db4d1d0e39e3dc9991,228,37e2dd7dcd82728beff2bac48adfbb8f61e48f28b28111693e1d3be2e028ff4f
"(3,1,0,0)","(3,1,0,0):iso-00012",97e9abae9cbe049ced3b371317eeb51f18f447ad94c383db4d1d0e39e3dc9991,228,b24564d042c4545998a4519dcb44ca5da2a5722db6b58a5ddea1096ac28ff427
"(3,1,0,0)","(3,1,0,0):iso-00012",97e9abae9cbe049ced3b371317eeb51f18f447ad94c383db4d1d0e39e3dc9991,228,e1adcee49f2cc7b6e3c4cf2534251fb473b24ad15e4bd7d05945aa01e2dcabaf
"(3,1,0,0)","(3,1,0,0):iso-00012",97e9abae9cbe049ced3b371317eeb51f18f447ad94c383db4d1d0e39e3dc9991,228,3a2266557b2330aa79291dfd84ac1d0965c7345db61900e67219c88d4fe5b8fe
"(3,1,0,0)","(3,1,0,0):iso-00012",97e9abae9cbe049ced3b371317eeb51f18f447ad94c383db4d1d0e39e3dc9991,228,133df4aefa16d8cffaa12cdd614f56aefe8fd16b4ad0f43c954d4e2231fc41b2
"(3,1,0,0)","(3,1,0,0):iso-00012",97e9abae9cbe049ced3b371317eeb51f18f447ad94c383db4d1d0e39e3dc9991,228,15f594814589d3cdcaa4041c64ded6da9fdf2ff1b54ac9e6a00645b9ea51ee52
"(3,1,0,0)","(3,1,0,0):iso-00012",97e9abae9cbe049ced3b371317eeb51f18f447ad94c383db4d1d0e39e3dc9991,228,2387cb5265db8e33321ff52c2821c3a3e03f3fee09cbddd9e35a4fcacf407e16
"(3,1,0,0)","(3,1,0,0):iso-00012",97e9abae9cbe049ced3b371317eeb51f18f447ad94c383db4d1d0e39e3dc9991,228,deb4c754f8c54948c9179699acc567970c80a30d9fbc0ea21c0e763179d81cfe
"(3,1,0,0)","(3,1,0,0):iso-00012",97e9abae9cbe049ced3b371317eeb51f18f447ad94c383db4d1d0e39e3dc9991,228,c62b916a7a2dec809c6be35e79b6fd864865a2c15897dace1f6864f59096ae3d
"(3,1,0,0)","(3,1,0,0):iso-00012",97e9abae9cbe049ced3b371317eeb51f18f447ad94c383db4d1d0e39e3dc9991,228,e80594eb894c42567280c77a72ab96294b74d26ccda0066d15b05da24f22c468
"(3,1,0,0)","(3,1,0,0):iso-00012",97e9abae9cbe049ced3b371317eeb51f18f447ad94c383db4d1d0e39e3dc9991,228,10d42ccc4aab5ab17a1835276b160403a9b938a5bb5e13e6718fb5595b987734
"(3,1,0,0)","(3,1,0,0):iso-00012",97e9abae9cbe049ced3b371317eeb51f18f447ad94c383db4d1d0e39e3dc9991,228,0c525602deea3cc9d738885a7887cfe174af9f0f63a4426f6db4bd7b7f4e9cb6
"(3,1,0,0)","(3,1,0,0):iso-00012",97e9abae9cbe049ced3b371317eeb51f18f447ad94c383db4d1d0e39e3dc9991,228,97a6fce1e9abdffeaa265133709a68a71c65a93227addee07176505a5f09dbdf
"(3,1,0,0)","(3,1,0,0):iso-00012",97e9abae9cbe049ced3b371317eeb51f18f447ad94c383db4d1d0e39e3dc9991,228,4892ddb0e89e19389950f2c574b64b2e7efe8535109945bf383bd737e9877d2f
"(3,1,0,0)","(3,1,0,0):iso-00012",97e9abae9cbe049ced3b371317eeb51f18f447ad94c383db4d1d0e39e3dc9991,228,8e8ab035747d583fdd6b5e7a4620a545be752ee4543998e1141e9aff3aceb288
"(3,1,0,0)","(3,1,0,0):iso-00012",97e9abae9cbe049ced3b371317eeb51f18f447ad94c383db4d1d0e39e3dc9991,228,80a71c0d779f646672f8b2009ddd4d3f0740659d528b7ae59d4ba327481ea7a0
"(3,1,0,0)","(3,1,0,0):iso-00012",97e9abae9cbe049ced3b371317eeb51f18f447ad94c383db4d1d0e39e3dc9991,228,51fc19ad74c6c314a61bb2f43ab9915ad79df5ed7d2761bcde25f3600947302d
"(3,1,0,0)","(3,1,0,0):iso-00012",97e9abae9cbe049ced3b371317eeb51f18f447ad94c383db4d1d0e39e3dc9991,228,5537da4d5a6e2c4bc81f9bdbec800ea8d946bd70dca18ce626068efb7885873b
"(3,1,0,0)","(3,1,0,0):iso-00012",97e9abae9cbe049ced3b371317eeb51f18f447ad94c383db4d1d0e39e3dc9991,228,698f514150337abd7d530e3c7f661487b0de2c43be38d67f01997a8dd8fa0595
"(3,1,0,0)","(3,1,0,0):iso-00012",97e9abae9cbe049ced3b371317eeb51f18f447ad94c383db4d1d0e39e3dc9991,228,8357650e10473b33c4eda0777dbe13c0a9f8d9177a06b1366e9e154e25d6b713
"(3,1,0,0)","(3,1,0,0):iso-00012",97e9abae9cbe049ced3b371317eeb51f18f447ad94c383db4d1d0e39e3dc9991,228,7ddbc4d1a80824c8506a46eb260f42ea6cf229dbe8866438e0aeb498f22cee4d
"(3,1,0,0)","(3,1,0,0):iso-00012",97e9abae9cbe049ced3b371317eeb51f18f447ad94c383db4d1d0e39e3dc9991,228,5c70a4fddb207972b88bbf29902bec068b97c3fbc19ea0181c9c2a822e65899f
"(3,1,0,0)","(3,1,0,0):iso-00012",97e9abae9cbe049ced3b371317eeb51f18f447ad94c383db4d1d0e39e3dc9991,228,54f3138c94142cbab794d7be5a96f34f5957b1f352f5eba4128bb5dc64de09e9
"(3,1,0,0)","(3,1,0,0):iso-00012",97e9abae9cbe049ced3b371317eeb51f18f447ad94c383db4d1d0e39e3dc9991,228,0a162d9d6aed3cfedee49555d4108bbc99561628a94a9c8adfb4a39348323d25
"(3,1,0,0)","(3,1,0,0):iso-00012",97e9abae9cbe049ced3b371317eeb51f18f447ad94c383db4d1d0e39e3dc9991,228,a0f90a1fb346a066f03ccee2368a701a439dde3a93149789436a55886b1a0571
"(3,1,0,0)","(3,1,0,0):iso-00012",97e9abae9cbe049ced3b371317eeb51f18f447ad94c383db4d1d0e39e3dc9991,228,285f76990aa8bd8eaa0655b414bc812f2de81c99636543a10e758daf45ca0274
"(3,1,0,0)","(3,1,0,0):iso-00012",97e9abae9cbe049ced3b371317eeb51f18f447ad94c383db4d1d0e39e3dc9991,228,3629dab1e1e41d8b86ae2e1986c7e6b23f2c83c87f983e3600b146b500b0b0ef
"(3,1,0,0)","(3,1,0,0):iso-00012",97e9abae9cbe049ced3b371317eeb51f18f447ad94c383db4d1d0e39e3dc9991,228,466404978d4f0b307ab03865e74dc94f504d27f1071d62896d107a2bd16a80a9
"(3,1,0,0)","(3,1,0,0):iso-00012",97e9abae9cbe049ced3b371317eeb51f18f447ad94c383db4d1d0e39e3dc9991,228,096dbfce00fb85041ab91081b08d599717f18e079ff0b12f3d29181b38aae1f1
"(3,1,0,0)","(3,1,0,0):iso-00012",97e9abae9cbe049ced3b371317eeb51f18f447ad94c383db4d1d0e39e3dc9991,228,3c673751deb85ed7db4638d783029db360b9294d75dccb4b5d5d4edb2ebc9829
"(3,1,0,0)","(3,1,0,0):iso-00012",97e9abae9cbe049ced3b371317eeb51f18f447ad94c383db4d1d0e39e3dc9991,228,8784495e6df7ee057c15f26fa692c572d756e6983c3e6e7ea0b00dc09ed627a9
"(3,1,0,0)","(3,1,0,0):iso-00012",97e9abae9cbe049ced3b371317eeb51f18f447ad94c383db4d1d0e39e3dc9991,228,1b5c87bdc96fc4dc4c88d83cefab4f9b894f4329cd55c3970bb4c23f7fadc0dd
"(3,1,0,0)","(3,1,0,0):iso-00012",97e9abae9cbe049ced3b371317eeb51f18f447ad94c383db4d1d0e39e3dc9991,228,3f107c56a7801a652b9921ba17441d4ca88d0e2665d6f840dd8c0b5088d1e327
"(3,1,0,0)","(3,1,0,0):iso-00013",807722e2708abbc934a9a2370480484f7c5018657b5bbebfbee3850b8cf7e298,32,807722e2708abbc934a9a2370480484f7c5018657b5bbebfbee3850b8cf7e298
"(3,1,0,0)","(3,1,0,0):iso-00013",807722e2708abbc934a9a2370480484f7c5018657b5bbebfbee3850b8cf7e298,32,9addf3b3cad562e2ae0aca75ebb4fa0af9714584fdd968531edec066867a0beb
"(3,1,0,0)","(3,1,0,0):iso-00013",807722e2708abbc934a9a2370480484f7c5018657b5bbebfbee3850b8cf7e298,32,442158f00cab6579c2068b277590dfef648482b61fcbb5c7f2d1732a3a8d8057
"(3,1,0,0)","(3,1,0,0):iso-00013",807722e2708abbc934a9a2370480484f7c5018657b5bbebfbee3850b8cf7e298,32,8bf8a41b2b40fb26b9d1e900c7aa9660af4475cb2c9fd4cf998d1a2b3d7fc273
"(3,1,0,0)","(3,1,0,0):iso-00013",807722e2708abbc934a9a2370480484f7c5018657b5bbebfbee3850b8cf7e298,32,06d72f1b94b299e791848fa35da36b5ef0fe6e68ce2b736bfcbec475a92cc092
"(3,1,0,0)","(3,1,0,0):iso-00013",807722e2708abbc934a9a2370480484f7c5018657b5bbebfbee3850b8cf7e298,32,4f80c4fe3216f936cb7682364d97f1dd92720ef5cd40cb6c2f3db1da8f051c5b
"(3,1,0,0)","(3,1,0,0):iso-00013",807722e2708abbc934a9a2370480484f7c5018657b5bbebfbee3850b8cf7e298,32,dca58275371ebd2dbb9a05edd9d039ecdc418c3fd7bbccea76ff002dd3ca5270
"(3,1,0,0)","(3,1,0,0):iso-00013",807722e2708abbc934a9a2370480484f7c5018657b5bbebfbee3850b8cf7e298,32,b90da3f47646009e24b04f67d73d0e3f0178aa562b372e6d905e9c088437d9bc
"(3,1,0,0)","(3,1,0,0):iso-00013",807722e2708abbc934a9a2370480484f7c5018657b5bbebfbee3850b8cf7e298,32,3ac4980e00bec71d6b7ef18d3e7f9ed797e9d46be4cee281269afe54a42fba69
"(3,1,0,0)","(3,1,0,0):iso-00013",807722e2708abbc934a9a2370480484f7c5018657b5bbebfbee3850b8cf7e298,32,4a67fbdd70184a10b74f3a5c90b40286bd1172c42e0ea8cd8c1071eb1a75da04
"(3,1,0,0)","(3,1,0,0):iso-00013",807722e2708abbc934a9a2370480484f7c5018657b5bbebfbee3850b8cf7e298,32,6b4dd5514e4defdc2247481be2b6c39c14da5d30f12a1434231c8cee64d2f3d3
"(3,1,0,0)","(3,1,0,0):iso-00013",807722e2708abbc934a9a2370480484f7c5018657b5bbebfbee3850b8cf7e298,32,b470e3ce0d24494f821eca44a62b634d7891bba4f36ea234d5ddc0d29bf6b690
"(3,1,0,0)","(3,1,0,0):iso-00013",807722e2708abbc934a9a2370480484f7c5018657b5bbebfbee3850b8cf7e298,32,f0bdacba268becb6c7fb5702b88c2a30fc73ef45de62b26639bfab535e89e888
"(3,1,0,0)","(3,1,0,0):iso-00013",807722e2708abbc934a9a2370480484f7c5018657b5bbebfbee3850b8cf7e298,32,a9af3806d109fa004c09d865a64d4e1a4b6df962ef7f1359e98450a1bcc25ba3
"(3,1,0,0)","(3,1,0,0):iso-00013",807722e2708abbc934a9a2370480484f7c5018657b5bbebfbee3850b8cf7e298,32,ff20a79871cd7127d1e9a81b2a6e017cdc396c6b630cd734bc2555898c196e15
"(3,1,0,0)","(3,1,0,0):iso-00013",807722e2708abbc934a9a2370480484f7c5018657b5bbebfbee3850b8cf7e298,32,3611f1f259389fc1dd53aeff5b48896b446807115fcc4bbe5a4817b9d5907d3b
"(3,1,0,0)","(3,1,0,0):iso-00013",807722e2708abbc934a9a2370480484f7c5018657b5bbebfbee3850b8cf7e298,32,9d371ed8ac4e82133737bced90c7deb60fa7f05b9a3a897cf11b05cfba4a63b1
"(3,1,0,0)","(3,1,0,0):iso-00013",807722e2708abbc934a9a2370480484f7c5018657b5bbebfbee3850b8cf7e298,32,7c0d1dcc4df445adb2745416f764312eae48197e2f56058abc2d2b4c7a78544a
"(3,1,0,0)","(3,1,0,0):iso-00013",807722e2708abbc934a9a2370480484f7c5018657b5bbebfbee3850b8cf7e298,32,80edd1dadb35e31f88cf957bf16c24f26f5b0b722a4f652e3f4482a6b58ab06e
"(3,1,0,0)","(3,1,0,0):iso-00013",807722e2708abbc934a9a2370480484f7c5018657b5bbebfbee3850b8cf7e298,32,2d52a0a41b5228ee1d2a7034b3532ec050a3e84eddf3ff554a750b99dec5fb88
"(3,1,0,0)","(3,1,0,0):iso-00013",807722e2708abbc934a9a2370480484f7c5018657b5bbebfbee3850b8cf7e298,32,b931d828c52c054dd3e66b12a7d338c42c9c1d767f3ea39b97d17decd3e726b5
"(3,1,0,0)","(3,1,0,0):iso-00013",807722e2708abbc934a9a2370480484f7c5018657b5bbebfbee3850b8cf7e298,32,d60144e09d23bc751655d754f630ad01952c757cfaf0bd25d3664186af70387d
"(3,1,0,0)","(3,1,0,0):iso-00013",807722e2708abbc934a9a2370480484f7c5018657b5bbebfbee3850b8cf7e298,32,148d28a57caaf775ac99c8556c75b7124bd61ce59489660a27cfc061167748da
"(3,1,0,0)","(3,1,0,0):iso-00013",807722e2708abbc934a9a2370480484f7c5018657b5bbebfbee3850b8cf7e298,32,8d9bd7cdf100a46515d775475cea84f13a78e73151266b91c007cc1ca35cca3e
"(3,1,0,0)","(3,1,0,0):iso-00013",807722e2708abbc934a9a2370480484f7c5018657b5bbebfbee3850b8cf7e298,32,d5ee8c03215a9ef3c512e23a0ca8fb3105a3658f8a4c2bb8b8905a218fbafb35
"(3,1,0,0)","(3,1,0,0):iso-00013",807722e2708abbc934a9a2370480484f7c5018657b5bbebfbee3850b8cf7e298,32,8aeaeb44d93bd89ec79f944ceb12a3f9f0f1a25b4e6fa19d628b7239881d4969
"(3,1,0,0)","(3,1,0,0):iso-00013",807722e2708abbc934a9a2370480484f7c5018657b5bbebfbee3850b8cf7e298,32,2aead84dcc906666f1ea135330bb05dc508c65403c477fafe43cbfdf03836c94
"(3,1,0,0)","(3,1,0,0):iso-00013",807722e2708abbc934a9a2370480484f7c5018657b5bbebfbee3850b8cf7e298,32,1eca7b987a391c4c6e1cb170999458d93e357c34a5093542cd8f8ee2f3a98ff4
"(3,1,0,0)","(3,1,0,0):iso-00013",807722e2708abbc934a9a2370480484f7c5018657b5bbebfbee3850b8cf7e298,32,f8271f4ca18c726b04b1d7109ee1597c9974b3ae3c76da7fd24927106ef90ff2
"(3,1,0,0)","(3,1,0,0):iso-00013",807722e2708abbc934a9a2370480484f7c5018657b5bbebfbee3850b8cf7e298,32,22670bd8f274174c86bcad1ed6d40c966bd4f48b2a4981e08dfedf2d0ccf2ce5
"(3,1,0,0)","(3,1,0,0):iso-00013",807722e2708abbc934a9a2370480484f7c5018657b5bbebfbee3850b8cf7e298,32,76a2d818645c32d02c82722cc0ea305e1ceb3e90f59911e86bb85ba71b9c0ea6
"(3,1,0,0)","(3,1,0,0):iso-00013",807722e2708abbc934a9a2370480484f7c5018657b5bbebfbee3850b8cf7e298,32,e1ecbad950c695458ad28b4f2f6f50bdeb51a311dbfd09334c8e9564bc511f0b
"(3,1,0,0)","(3,1,0,0):iso-00014",1ca8e4f8148ea84b31b2c5ebf85c192fad7b7fb711c4db622c9a684baa192569,67,1ca8e4f8148ea84b31b2c5ebf85c192fad7b7fb711c4db622c9a684baa192569
"(3,1,0,0)","(3,1,0,0):iso-00014",1ca8e4f8148ea84b31b2c5ebf85c192fad7b7fb711c4db622c9a684baa192569,67,c9feda2b0eab7410ac15a05eaa7c456b767f4732f5dd2d589d76276f49584c58
"(3,1,0,0)","(3,1,0,0):iso-00014",1ca8e4f8148ea84b31b2c5ebf85c192fad7b7fb711c4db622c9a684baa192569,67,7c26ea7deaecee3dcdbe46d8461f3cf6635fa974043b08a8e7de04804ebb929d
"(3,1,0,0)","(3,1,0,0):iso-00014",1ca8e4f8148ea84b31b2c5ebf85c192fad7b7fb711c4db622c9a684baa192569,67,a260c831e87cc5608bfc5ce75ec822c22d0bccf0d5d8fe68bf532060aba02b54
"(3,1,0,0)","(3,1,0,0):iso-00014",1ca8e4f8148ea84b31b2c5ebf85c192fad7b7fb711c4db622c9a684baa192569,67,efa5fb68ca17c7af27b7bbb0ee4c0d93d55fdbc25d26aeef3dd62df06ccee0bf
"(3,1,0,0)","(3,1,0,0):iso-00014",1ca8e4f8148ea84b31b2c5ebf85c192fad7b7fb711c4db622c9a684baa192569,67,01f2e099d610ab3cddf5dc9e0585153f164fbbba72ef1bf720d45330dc85489f
"(3,1,0,0)","(3,1,0,0):iso-00014",1ca8e4f8148ea84b31b2c5ebf85c192fad7b7fb711c4db622c9a684baa192569,67,c30368cb782abac92160c81df018fe463b734106be62a1b993a213ae84c209b1
"(3,1,0,0)","(3,1,0,0):iso-00014",1ca8e4f8148ea84b31b2c5ebf85c192fad7b7fb711c4db622c9a684baa192569,67,b4602b839a7069d177ac2add22a611123c625167fc2f2dcd1ea0fb74caedb265
"(3,1,0,0)","(3,1,0,0):iso-00014",1ca8e4f8148ea84b31b2c5ebf85c192fad7b7fb711c4db622c9a684baa192569,67,cd296fbbc9eebb7777a304a2601015a2e7d26a89290c58c3a7125243c7667ff4
"(3,1,0,0)","(3,1,0,0):iso-00014",1ca8e4f8148ea84b31b2c5ebf85c192fad7b7fb711c4db622c9a684baa192569,67,ff01658c07571bc6479084b9a5ad2583830e213713d57b5b0fd14c479f004b65
"(3,1,0,0)","(3,1,0,0):iso-00014",1ca8e4f8148ea84b31b2c5ebf85c192fad7b7fb711c4db622c9a684baa192569,67,a5dde73a2839718cc91d76f6b0086b4d212618af76d926b2607aec385ecd1013
"(3,1,0,0)","(3,1,0,0):iso-00014",1ca8e4f8148ea84b31b2c5ebf85c192fad7b7fb711c4db622c9a684baa192569,67,a9d947947db04b8b89ab86e0adc784437d220ab6e022695fb943733f41d45883
"(3,1,0,0)","(3,1,0,0):iso-00014",1ca8e4f8148ea84b31b2c5ebf85c192fad7b7fb711c4db622c9a684baa192569,67,39745cb3edc20f9d4fdb42e690aa60d40acc1d3a59a77a14d284da8f13969fca
"(3,1,0,0)","(3,1,0,0):iso-00014",1ca8e4f8148ea84b31b2c5ebf85c192fad7b7fb711c4db622c9a684baa192569,67,12d0308f7c80b183673d4ec3f6d927bafb6eb53515c6ff2ddedaff2b00744aef
"(3,1,0,0)","(3,1,0,0):iso-00014",1ca8e4f8148ea84b31b2c5ebf85c192fad7b7fb711c4db622c9a684baa192569,67,e7fcfefe5064bc2cadc417953372ce0f76744a49247e7f1d53b9dec2989e8cd5
"(3,1,0,0)","(3,1,0,0):iso-00014",1ca8e4f8148ea84b31b2c5ebf85c192fad7b7fb711c4db622c9a684baa192569,67,fb64f55742cb13ababd678189ba753e63d7eeb6938d05e81b5dc0bf1386e1cde
"(3,1,0,0)","(3,1,0,0):iso-00014",1ca8e4f8148ea84b31b2c5ebf85c192fad7b7fb711c4db622c9a684baa192569,67,42d609fd3361f45432b51f1d8ad8baf09ee23ae4e32b04e51fc9aeb2c37855f0
"(3,1,0,0)","(3,1,0,0):iso-00014",1ca8e4f8148ea84b31b2c5ebf85c192fad7b7fb711c4db622c9a684baa192569,67,5caee1d1f1ff6fe29cb66a0065ca2d4eb9e0612ac9b470b6b9fe716193d862d2
"(3,1,0,0)","(3,1,0,0):iso-00014",1ca8e4f8148ea84b31b2c5ebf85c192fad7b7fb711c4db622c9a684baa192569,67,33d797b5063432fdbc5814c5430360a69acf481eb9eba104d4d9aa810bd1d356
"(3,1,0,0)","(3,1,0,0):iso-00014",1ca8e4f8148ea84b31b2c5ebf85c192fad7b7fb711c4db622c9a684baa192569,67,d93b34b956534a826cefb85acda85f193cd81d1834939b5791948f9774e4631c
"(3,1,0,0)","(3,1,0,0):iso-00014",1ca8e4f8148ea84b31b2c5ebf85c192fad7b7fb711c4db622c9a684baa192569,67,393702aea80ffb04d6fa9e4063c930bb1c3989db03a202380b478412d9bb3374
"(3,1,0,0)","(3,1,0,0):iso-00014",1ca8e4f8148ea84b31b2c5ebf85c192fad7b7fb711c4db622c9a684baa192569,67,77d7600ed2367ac95e5c8b6e12ae373bb42754321ff88615ed416255f506e28a
"(3,1,0,0)","(3,1,0,0):iso-00014",1ca8e4f8148ea84b31b2c5ebf85c192fad7b7fb711c4db622c9a684baa192569,67,d2abec3d77e9025cc8c433dd022d8d369f9ff9e428f864cc708da77dbe1bc059
"(3,1,0,0)","(3,1,0,0):iso-00014",1ca8e4f8148ea84b31b2c5ebf85c192fad7b7fb711c4db622c9a684baa192569,67,1a53dac95aeb259405591462cb93b2c81c1820359ad0dbad8af0c36d15aa4e40
"(3,1,0,0)","(3,1,0,0):iso-00014",1ca8e4f8148ea84b31b2c5ebf85c192fad7b7fb711c4db622c9a684baa192569,67,a4806a775224df1da30507c46e2a5ff4bbe1fccb4d74a9ac83c2ebe1d4538ed0
"(3,1,0,0)","(3,1,0,0):iso-00014",1ca8e4f8148ea84b31b2c5ebf85c192fad7b7fb711c4db622c9a684baa192569,67,982fd47fc8ac2854bfc3d4736bc00612bce6192fe15311a1a36a032e231c4fad
"(3,1,0,0)","(3,1,0,0):iso-00014",1ca8e4f8148ea84b31b2c5ebf85c192fad7b7fb711c4db622c9a684baa192569,67,eeafcca0605ef705f0c96d02a78ae47191acaed52273eb121905c7a834f6c902
"(3,1,0,0)","(3,1,0,0):iso-00014",1ca8e4f8148ea84b31b2c5ebf85c192fad7b7fb711c4db622c9a684baa192569,67,c8837121387abe518ecec6cd1a381ccd414520cfe6cc5031f30a4858089966ec
"(3,1,0,0)","(3,1,0,0):iso-00014",1ca8e4f8148ea84b31b2c5ebf85c192fad7b7fb711c4db622c9a684baa192569,67,9bf8a85af25849643cafcb1a98f99e4f89aaab32920d9554df1ea9b0f46e4b89
"(3,1,0,0)","(3,1,0,0):iso-00014",1ca8e4f8148ea84b31b2c5ebf85c192fad7b7fb711c4db622c9a684baa192569,67,1000c89ba7fe987edce1a443798f383185981421f81c78213b86df35ad1f139a
"(3,1,0,0)","(3,1,0,0):iso-00014",1ca8e4f8148ea84b31b2c5ebf85c192fad7b7fb711c4db622c9a684baa192569,67,ece2de8175faf203e4ff48aedf5e7b04d95c4854fca6495642435cfdf285d1bf
"(3,1,0,0)","(3,1,0,0):iso-00014",1ca8e4f8148ea84b31b2c5ebf85c192fad7b7fb711c4db622c9a684baa192569,67,0af5a282258355b19bb3cb0d632481eaaf06f8e91a3cddcd2e9f7abe283d25c5
"(3,1,0,0)","(3,1,0,0):iso-00014",1ca8e4f8148ea84b31b2c5ebf85c192fad7b7fb711c4db622c9a684baa192569,67,a5d95995a50f0d398a94cf6394d4134b6033cf0d9b37f5c6f0484068deacf560
"(3,1,0,0)","(3,1,0,0):iso-00014",1ca8e4f8148ea84b31b2c5ebf85c192fad7b7fb711c4db622c9a684baa192569,67,3de3d26ac01eac0cd3cef6b463f30fe77a0edd5ac0507b5570b521381ababd90
"(3,1,0,0)","(3,1,0,0):iso-00014",1ca8e4f8148ea84b31b2c5ebf85c192fad7b7fb711c4db622c9a684baa192569,67,7412d92b82d314168536b2eaa422b6afbb9bfdc917999c0887f693e91794e44d
"(3,1,0,0)","(3,1,0,0):iso-00014",1ca8e4f8148ea84b31b2c5ebf85c192fad7b7fb711c4db622c9a684baa192569,67,663c5b399c7f539685fa1b6c706e889520c92f98698aa12603e0fdf31d22a35b
"(3,1,0,0)","(3,1,0,0):iso-00014",1ca8e4f8148ea84b31b2c5ebf85c192fad7b7fb711c4db622c9a684baa192569,67,8cf73d8bae6f5e3e6fe10168c221fa6e1fbe6e790d5c7de57f2d406a1d1e87de
"(3,1,0,0)","(3,1,0,0):iso-00014",1ca8e4f8148ea84b31b2c5ebf85c192fad7b7fb711c4db622c9a684baa192569,67,42a3baf33f7faa6f8500ff60682cf8c2ef990f55cfcfaab92c7447a75672852f
"(3,1,0,0)","(3,1,0,0):iso-00014",1ca8e4f8148ea84b31b2c5ebf85c192fad7b7fb711c4db622c9a684baa192569,67,dbcc2d41a59b9493193d79393d0e54df7546f7b7eafb89763cb344a443d419fb
"(3,1,0,0)","(3,1,0,0):iso-00014",1ca8e4f8148ea84b31b2c5ebf85c192fad7b7fb711c4db622c9a684baa192569,67,43ef329232fefd37c50be9c3e1ebcdcce3bbbdcd452f1795130d1d7004732127
"(3,1,0,0)","(3,1,0,0):iso-00014",1ca8e4f8148ea84b31b2c5ebf85c192fad7b7fb711c4db622c9a684baa192569,67,4101093b71b9418067f49e3872d74ae2ca2ba4c13b794c0677096f912922114f
"(3,1,0,0)","(3,1,0,0):iso-00014",1ca8e4f8148ea84b31b2c5ebf85c192fad7b7fb711c4db622c9a684baa192569,67,2c127b03b331c29f8c70e8ebd2f31004cfbe209daa3f18c31b1309b823d116c5
"(3,1,0,0)","(3,1,0,0):iso-00014",1ca8e4f8148ea84b31b2c5ebf85c192fad7b7fb711c4db622c9a684baa192569,67,124d2bdd3a9a8673c22e3a8e328060edcda1fda672fb15f8b355ea5c246a3983
"(3,1,0,0)","(3,1,0,0):iso-00014",1ca8e4f8148ea84b31b2c5ebf85c192fad7b7fb711c4db622c9a684baa192569,67,a59121fde6c0878f8ac08d24a8cb3b6ebbf737c46659fb4678da44afd4d020be
"(3,1,0,0)","(3,1,0,0):iso-00014",1ca8e4f8148ea84b31b2c5ebf85c192fad7b7fb711c4db622c9a684baa192569,67,d0b3846a1e606bb1cb518f491dd09285164dc47683b7ad4833bab62422812cf7
"(3,1,0,0)","(3,1,0,0):iso-00014",1ca8e4f8148ea84b31b2c5ebf85c192fad7b7fb711c4db622c9a684baa192569,67,36311110d4c5474a668f9e1ad01c97661705936cb879b6ffec1bdb31c0462f2a
"(3,1,0,0)","(3,1,0,0):iso-00014",1ca8e4f8148ea84b31b2c5ebf85c192fad7b7fb711c4db622c9a684baa192569,67,53135a2c2779bd4c789f39974dcfa778738c81932025211a4f5338ee52f80c1b
"(3,1,0,0)","(3,1,0,0):iso-00014",1ca8e4f8148ea84b31b2c5ebf85c192fad7b7fb711c4db622c9a684baa192569,67,42dd22898ec3a179a0077748a297ba34b3ac1e0af7f57e099e5ba9657ddd748f
"(3,1,0,0)","(3,1,0,0):iso-00014",1ca8e4f8148ea84b31b2c5ebf85c192fad7b7fb711c4db622c9a684baa192569,67,da9b2d4395e463eb5a8ebbecd76ba8d8b9da9cceb29a5493acb0effed972f384
"(3,1,0,0)","(3,1,0,0):iso-00014",1ca8e4f8148ea84b31b2c5ebf85c192fad7b7fb711c4db622c9a684baa192569,67,37bc29670fed3b5d5962063abbf0ba97dc36f175adb7cae528ce7613b8190e02
"(3,1,0,0)","(3,1,0,0):iso-00014",1ca8e4f8148ea84b31b2c5ebf85c192fad7b7fb711c4db622c9a684baa192569,67,1b9798ba5008f291ac571bad9084e82c1a629ca94fb3a7e0553da7b98c319c38
"(3,1,0,0)","(3,1,0,0):iso-00014",1ca8e4f8148ea84b31b2c5ebf85c192fad7b7fb711c4db622c9a684baa192569,67,7e76b94228751b4ebfcb4bcb1febf41aefa9734a192205ee3aae8dccf0c84191
"(3,1,0,0)","(3,1,0,0):iso-00014",1ca8e4f8148ea84b31b2c5ebf85c192fad7b7fb711c4db622c9a684baa192569,67,da0c5dcf249f0241a58760870ae8c82fb92c2eb2d8f7ba1b11e32842dab7109c
"(3,1,0,0)","(3,1,0,0):iso-00014",1ca8e4f8148ea84b31b2c5ebf85c192fad7b7fb711c4db622c9a684baa192569,67,ac7de2dac92fa640128773d9dff1164c053ebd23713b411ad88d849b46bb4a94
"(3,1,0,0)","(3,1,0,0):iso-00014",1ca8e4f8148ea84b31b2c5ebf85c192fad7b7fb711c4db622c9a684baa192569,67,2efe8bd9a66ceed649d0561bb90e76a2beae8cd5e8d7f1f823459893377918be
"(3,1,0,0)","(3,1,0,0):iso-00014",1ca8e4f8148ea84b31b2c5ebf85c192fad7b7fb711c4db622c9a684baa192569,67,869014960c7e8071280f6047694c2470f27cb53538e389a18890dfbdd0bb2d7f
"(3,1,0,0)","(3,1,0,0):iso-00014",1ca8e4f8148ea84b31b2c5ebf85c192fad7b7fb711c4db622c9a684baa192569,67,a21ee695c7fe9b560d85293e8fa2ab10a99477f5f2338ca7be5f54b6655e72c1
"(3,1,0,0)","(3,1,0,0):iso-00014",1ca8e4f8148ea84b31b2c5ebf85c192fad7b7fb711c4db622c9a684baa192569,67,c78c403bbcf8745943bbefa7ff816adbd1edd26f19a2178ef390f2025be3c0e1
"(3,1,0,0)","(3,1,0,0):iso-00014",1ca8e4f8148ea84b31b2c5ebf85c192fad7b7fb711c4db622c9a684baa192569,67,bdd2e47966c23957e60d6927e0e1a0b646efdaafceb2faf8f6c13f29c30afec1
"(3,1,0,0)","(3,1,0,0):iso-00014",1ca8e4f8148ea84b31b2c5ebf85c192fad7b7fb711c4db622c9a684baa192569,67,833967dee1debda0402ea24e58dd8341bf23d34c9c706aafd7060ae35d29bd7e
"(3,1,0,0)","(3,1,0,0):iso-00014",1ca8e4f8148ea84b31b2c5ebf85c192fad7b7fb711c4db622c9a684baa192569,67,acb5b5c74465549b86cf5a71c5b9af1a472a948e74985baf027590fee3334e9e
"(3,1,0,0)","(3,1,0,0):iso-00014",1ca8e4f8148ea84b31b2c5ebf85c192fad7b7fb711c4db622c9a684baa192569,67,23d207bab27602309c606fd8e7278fda8e358a0e4ac3d9e236328f751d7e8c3d
"(3,1,0,0)","(3,1,0,0):iso-00014",1ca8e4f8148ea84b31b2c5ebf85c192fad7b7fb711c4db622c9a684baa192569,67,fe454993cc1b694b3151c305ca18f70c3135ababbdb7f4d83001a29f3d216172
"(3,1,0,0)","(3,1,0,0):iso-00014",1ca8e4f8148ea84b31b2c5ebf85c192fad7b7fb711c4db622c9a684baa192569,67,1168255f6ca871df2c7294629f193226a50e0f3bc289aaef024a32109e23a4c7
"(3,1,0,0)","(3,1,0,0):iso-00014",1ca8e4f8148ea84b31b2c5ebf85c192fad7b7fb711c4db622c9a684baa192569,67,a555b139dd5808c6bbb27044bacdc10fceb52e161d72e27c57eea74895e9a846
"(3,1,0,0)","(3,1,0,0):iso-00014",1ca8e4f8148ea84b31b2c5ebf85c192fad7b7fb711c4db622c9a684baa192569,67,5748b9968434630061930b252f508c96bf6bf21d3e34b01b719cbd4e223c2d30
"(3,1,0,0)","(3,1,0,0):iso-00014",1ca8e4f8148ea84b31b2c5ebf85c192fad7b7fb711c4db622c9a684baa192569,67,9913db9378980b22d1ed20439df778d7168322c2e520f53b28512f571cb115be
"(3,1,0,0)","(3,1,0,0):iso-00015",d73ee3f543b038963e573dbea8b420c60ded38b19ca09b0e85cd884d20738379,56,d73ee3f543b038963e573dbea8b420c60ded38b19ca09b0e85cd884d20738379
"(3,1,0,0)","(3,1,0,0):iso-00015",d73ee3f543b038963e573dbea8b420c60ded38b19ca09b0e85cd884d20738379,56,362a58c50e160a0b3e6117b3829509d9d34e80885da17e55bc2b5fbc429afb1b
"(3,1,0,0)","(3,1,0,0):iso-00015",d73ee3f543b038963e573dbea8b420c60ded38b19ca09b0e85cd884d20738379,56,85f0e97e74003f54e1bd90e4731cf7cbd85267cd2ed47851f2fa70e09e69d7e8
"(3,1,0,0)","(3,1,0,0):iso-00015",d73ee3f543b038963e573dbea8b420c60ded38b19ca09b0e85cd884d20738379,56,aa2497fbca986f56d14315b34c3aa33dbc3f123011f801cb237ad6695c17f907
"(3,1,0,0)","(3,1,0,0):iso-00015",d73ee3f543b038963e573dbea8b420c60ded38b19ca09b0e85cd884d20738379,56,080c02f9ed8bc7e91d48d63018320d9a0456fe90b55a44b82b3a3629bc3ddaa5
"(3,1,0,0)","(3,1,0,0):iso-00015",d73ee3f543b038963e573dbea8b420c60ded38b19ca09b0e85cd884d20738379,56,52a1080e03e9a596e3faa0b185db07a04e299b68337e002628c3a0b179eb18f5
"(3,1,0,0)","(3,1,0,0):iso-00015",d73ee3f543b038963e573dbea8b420c60ded38b19ca09b0e85cd884d20738379,56,25c8a4ca07da594c2c46e57e18207e3e43d0ab9d9ed7899aab6e3d11b9e60b9f
"(3,1,0,0)","(3,1,0,0):iso-00015",d73ee3f543b038963e573dbea8b420c60ded38b19ca09b0e85cd884d20738379,56,4c9a0434a2e4f486199e4514aa084cb2a7c784b47161a7b205d94ebd8361d7ad
"(3,1,0,0)","(3,1,0,0):iso-00015",d73ee3f543b038963e573dbea8b420c60ded38b19ca09b0e85cd884d20738379,56,d3c2920d4146e4a6f95ebfea11db42fbf16e73a31e056a2990f8fc3425f86641
"(3,1,0,0)","(3,1,0,0):iso-00015",d73ee3f543b038963e573dbea8b420c60ded38b19ca09b0e85cd884d20738379,56,24d374e04a23a75ed227485d6e6611e1c8862fc7aa07b7b4d2b657dd3683b26f
"(3,1,0,0)","(3,1,0,0):iso-00015",d73ee3f543b038963e573dbea8b420c60ded38b19ca09b0e85cd884d20738379,56,2a96b0503e8116beb0204804de8bfd7e06cb02c06e90c96a1e3fa183d30b6e76
"(3,1,0,0)","(3,1,0,0):iso-00015",d73ee3f543b038963e573dbea8b420c60ded38b19ca09b0e85cd884d20738379,56,22c4c0dbc77eb4089336d15dcbc250521a60c088dc3f42fd97652b3f50b38715
"(3,1,0,0)","(3,1,0,0):iso-00015",d73ee3f543b038963e573dbea8b420c60ded38b19ca09b0e85cd884d20738379,56,fd305db54dcb05cfb0d91bd4ed74364c11005de52d3d88f18c42b6aaba1c19cc
"(3,1,0,0)","(3,1,0,0):iso-00015",d73ee3f543b038963e573dbea8b420c60ded38b19ca09b0e85cd884d20738379,56,f5daf6cfa6a28cb8ff0df53c8065ca1187257f474b52dab9defbbafa4e1577bb
"(3,1,0,0)","(3,1,0,0):iso-00015",d73ee3f543b038963e573dbea8b420c60ded38b19ca09b0e85cd884d20738379,56,f9f4fdad09cbfe6c77eabace175ea9257718781556dfbdc601a8c31d9cd206bc
"(3,1,0,0)","(3,1,0,0):iso-00015",d73ee3f543b038963e573dbea8b420c60ded38b19ca09b0e85cd884d20738379,56,0807d205aa291957f802c2affbaa7bfdfbf6bd7afee3c431543bc7bb37b6c1ef
"(3,1,0,0)","(3,1,0,0):iso-00015",d73ee3f543b038963e573dbea8b420c60ded38b19ca09b0e85cd884d20738379,56,fa74cc62c2342523bff11880e5141b89a5ea971076c8033b8c675dbbabf061bb
"(3,1,0,0)","(3,1,0,0):iso-00015",d73ee3f543b038963e573dbea8b420c60ded38b19ca09b0e85cd884d20738379,56,05b72baffdec58cd467b157cf782656eee686553092df2045bd02e6bc081dd4b
"(3,1,0,0)","(3,1,0,0):iso-00015",d73ee3f543b038963e573dbea8b420c60ded38b19ca09b0e85cd884d20738379,56,6a1c37f391832be015c074a5c6a9c0114b0d4b41d152107b9a11291dec6892a2
"(3,1,0,0)","(3,1,0,0):iso-00015",d73ee3f543b038963e573dbea8b420c60ded38b19ca09b0e85cd884d20738379,56,08c248ebe1c4cce4ceee5fbe71d01f2badf32f5f152788ddeca808210a17146e
"(3,1,0,0)","(3,1,0,0):iso-00015",d73ee3f543b038963e573dbea8b420c60ded38b19ca09b0e85cd884d20738379,56,e81bba232298a028a8657d7cf49003d9a4bebe7bd21a21d9410dc2fe028cd493
"(3,1,0,0)","(3,1,0,0):iso-00015",d73ee3f543b038963e573dbea8b420c60ded38b19ca09b0e85cd884d20738379,56,457753ad1c2081da3ab67d296ce6f901a5071085895af3325bdeda24b38d6561
"(3,1,0,0)","(3,1,0,0):iso-00015",d73ee3f543b038963e573dbea8b420c60ded38b19ca09b0e85cd884d20738379,56,307eb941d5081f6deadaf244734a6bd101b2c2c19aac26e538f52ee36e0d68f6
"(3,1,0,0)","(3,1,0,0):iso-00015",d73ee3f543b038963e573dbea8b420c60ded38b19ca09b0e85cd884d20738379,56,0ba9b951ce327ff9ac6319374b15e3c8bec50525afe83a4803d2094fdcb967f0
"(3,1,0,0)","(3,1,0,0):iso-00015",d73ee3f543b038963e573dbea8b420c60ded38b19ca09b0e85cd884d20738379,56,e5e7ade4183b52366742b1cb35c59c1c47de0918c88363bc72a92ec3e26fa4b4
"(3,1,0,0)","(3,1,0,0):iso-00015",d73ee3f543b038963e573dbea8b420c60ded38b19ca09b0e85cd884d20738379,56,f2136928d845d0007bba8c2a5f07597f9bd70c5cb68104c749d9c614d476b3a5
"(3,1,0,0)","(3,1,0,0):iso-00015",d73ee3f543b038963e573dbea8b420c60ded38b19ca09b0e85cd884d20738379,56,c895391142534783821a2f906f0a2c8347fbf5a24f89ec05dad6f43eae00969d
"(3,1,0,0)","(3,1,0,0):iso-00015",d73ee3f543b038963e573dbea8b420c60ded38b19ca09b0e85cd884d20738379,56,d35ec5fa134161cd363cf7cb9abf0cc37a60563a12b299bc3d304a922ad0d1b5
"(3,1,0,0)","(3,1,0,0):iso-00015",d73ee3f543b038963e573dbea8b420c60ded38b19ca09b0e85cd884d20738379,56,6cf9d25ec52be384d2785d8a67d1a505be9093bad810437646595f44c31158f9
"(3,1,0,0)","(3,1,0,0):iso-00015",d73ee3f543b038963e573dbea8b420c60ded38b19ca09b0e85cd884d20738379,56,90dafc0f2e5bbc216269a503b7603aa24c1cde747d029c3fd432ee733f0ca9c0
"(3,1,0,0)","(3,1,0,0):iso-00015",d73ee3f543b038963e573dbea8b420c60ded38b19ca09b0e85cd884d20738379,56,4fb5704693399416fea541d3900794b23d15a51f4d8e4a1269a1e649b6567090
"(3,1,0,0)","(3,1,0,0):iso-00015",d73ee3f543b038963e573dbea8b420c60ded38b19ca09b0e85cd884d20738379,56,b6355cc42374632ac1f43478a8703a539ac1876ac938c7d239c8c73128c6efd7
"(3,1,0,0)","(3,1,0,0):iso-00015",d73ee3f543b038963e573dbea8b420c60ded38b19ca09b0e85cd884d20738379,56,e7a11ab72d0a8fdcf882afb24de4823fbc243c19b92699361d6bce34bec0406d
"(3,1,0,0)","(3,1,0,0):iso-00015",d73ee3f543b038963e573dbea8b420c60ded38b19ca09b0e85cd884d20738379,56,a22bf5889013af4bcd8c0ca10a93ead712a94f0714b3cf7add7243235bf3c4b6
"(3,1,0,0)","(3,1,0,0):iso-00015",d73ee3f543b038963e573dbea8b420c60ded38b19ca09b0e85cd884d20738379,56,7c2e84f6bd67068902122c028e13b32346240ad172acba681cec441f6c0b7c6e
"(3,1,0,0)","(3,1,0,0):iso-00015",d73ee3f543b038963e573dbea8b420c60ded38b19ca09b0e85cd884d20738379,56,61ddf3f7c84419c4314163d19dc0e50fe3afb4e22e23850ed634a10f1eb03fdc
"(3,1,0,0)","(3,1,0,0):iso-00015",d73ee3f543b038963e573dbea8b420c60ded38b19ca09b0e85cd884d20738379,56,53d470e1d5e2aa72c531469bb7c89777c999b34c65efd240d148cbb9e3542d4d
"(3,1,0,0)","(3,1,0,0):iso-00015",d73ee3f543b038963e573dbea8b420c60ded38b19ca09b0e85cd884d20738379,56,b365c0f0f375cbe0bc7952d4eb9bcaaded8ac1437e412978fcf1f3820f94e844
"(3,1,0,0)","(3,1,0,0):iso-00015",d73ee3f543b038963e573dbea8b420c60ded38b19ca09b0e85cd884d20738379,56,b006caee7211a82a240cd83402f8b2d1446a28289259a94b5ea4a3ddd2f5156a
"(3,1,0,0)","(3,1,0,0):iso-00015",d73ee3f543b038963e573dbea8b420c60ded38b19ca09b0e85cd884d20738379,56,e34df1f3a81485dc5beb919ca449371cf13144d6b93ce396996c451af28187ff
"(3,1,0,0)","(3,1,0,0):iso-00015",d73ee3f543b038963e573dbea8b420c60ded38b19ca09b0e85cd884d20738379,56,226e0518a07c4467ea0a5efc05b6beda3199990ef8eb3d54ce37fc74badb967b
"(3,1,0,0)","(3,1,0,0):iso-00015",d73ee3f543b038963e573dbea8b420c60ded38b19ca09b0e85cd884d20738379,56,f056fc8008da1bd177eb3753355b76259edfeaa6f95d1a6c81bb38317c669d47
"(3,1,0,0)","(3,1,0,0):iso-00015",d73ee3f543b038963e573dbea8b420c60ded38b19ca09b0e85cd884d20738379,56,afa6e9c03c3edf1ce1e6eb74afec3579b784f16dfd29dbf06498925c8b47024d
"(3,1,0,0)","(3,1,0,0):iso-00015",d73ee3f543b038963e573dbea8b420c60ded38b19ca09b0e85cd884d20738379,56,b433c1e440044fb0160c18ddeed39e049819c72faf49748de553a6dd18f74c36
"(3,1,0,0)","(3,1,0,0):iso-00015",d73ee3f543b038963e573dbea8b420c60ded38b19ca09b0e85cd884d20738379,56,c2ce1fab4de394e99fa3ce631c0012d52d7dc95983233ae6a03337d38af8a966
"(3,1,0,0)","(3,1,0,0):iso-00015",d73ee3f543b038963e573dbea8b420c60ded38b19ca09b0e85cd884d20738379,56,758c5879ae4f0bc818901f817cbd7060bd3ebef19f033b359b12154e538b707c
"(3,1,0,0)","(3,1,0,0):iso-00015",d73ee3f543b038963e573dbea8b420c60ded38b19ca09b0e85cd884d20738379,56,055e39c6aeab912dc141c36b622de79b2279d2bb45c30635bbc2743a4198d185
"(3,1,0,0)","(3,1,0,0):iso-00015",d73ee3f543b038963e573dbea8b420c60ded38b19ca09b0e85cd884d20738379,56,ff17a3a9bd605866c64f5a0c92ff23b0ca7e07b0542a46a15cc0268d1a7b1ced
"(3,1,0,0)","(3,1,0,0):iso-00015",d73ee3f543b038963e573dbea8b420c60ded38b19ca09b0e85cd884d20738379,56,173c4915569b449719050fbb2f7b889ca5637edb5f4e1e205961f9de807eef99
"(3,1,0,0)","(3,1,0,0):iso-00015",d73ee3f543b038963e573dbea8b420c60ded38b19ca09b0e85cd884d20738379,56,0b99b611491d199d6621ab80721e3336d46a562dc327ced98b5f1f304aeb4dfb
"(3,1,0,0)","(3,1,0,0):iso-00015",d73ee3f543b038963e573dbea8b420c60ded38b19ca09b0e85cd884d20738379,56,1f1d2a4f9e262ed46f3057fea17b4e11e8dabe9166b50b6b7e3be3290f2fc265
"(3,1,0,0)","(3,1,0,0):iso-00015",d73ee3f543b038963e573dbea8b420c60ded38b19ca09b0e85cd884d20738379,56,99e673e6e5c17ce6f69416048e93cea88be605cbf312b745d106b7874cdc162f
"(3,1,0,0)","(3,1,0,0):iso-00015",d73ee3f543b038963e573dbea8b420c60ded38b19ca09b0e85cd884d20738379,56,4ede03687fffa957f02d511518b7536e9cba1557fd6e9411b10ee3cd83062c64
"(3,1,0,0)","(3,1,0,0):iso-00015",d73ee3f543b038963e573dbea8b420c60ded38b19ca09b0e85cd884d20738379,56,e2efeb99e27e5dda409f34cb81595431989b218ffbd6f25bc317bca59df79328
"(3,1,0,0)","(3,1,0,0):iso-00015",d73ee3f543b038963e573dbea8b420c60ded38b19ca09b0e85cd884d20738379,56,c391704dcc541639911c3fffea3b16802db0c22af1fc786ef8dbfd731d499189
"(3,1,0,0)","(3,1,0,0):iso-00015",d73ee3f543b038963e573dbea8b420c60ded38b19ca09b0e85cd884d20738379,56,31a36f962623ff0b3da204477b82e6f77a8161f776fdbdb5bb0b7ceabe1bc728
"(3,1,0,0)","(3,1,0,0):iso-00016",01bffee8eceedf59e16917d791da216e41dddfdbc10f0f17231f8d6bf99f5143,20,01bffee8eceedf59e16917d791da216e41dddfdbc10f0f17231f8d6bf99f5143
"(3,1,0,0)","(3,1,0,0):iso-00016",01bffee8eceedf59e16917d791da216e41dddfdbc10f0f17231f8d6bf99f5143,20,d479bcf2e02b3b4a19ac134537698857e3ca65dced8424adc7bef99c44231e4f
"(3,1,0,0)","(3,1,0,0):iso-00016",01bffee8eceedf59e16917d791da216e41dddfdbc10f0f17231f8d6bf99f5143,20,459ede0a36ee8fcb07e09dc32b196fe37b5a4033df8d005d4f2d286862806d61
"(3,1,0,0)","(3,1,0,0):iso-00016",01bffee8eceedf59e16917d791da216e41dddfdbc10f0f17231f8d6bf99f5143,20,0aca34b58eebd061590eba2fe7b15d370777d0ecdfca999ada182638833497b0
"(3,1,0,0)","(3,1,0,0):iso-00016",01bffee8eceedf59e16917d791da216e41dddfdbc10f0f17231f8d6bf99f5143,20,c5e47600761ff8b00d3cd17a8d52210aa64674ae7c517a423f7da4885b277847
"(3,1,0,0)","(3,1,0,0):iso-00016",01bffee8eceedf59e16917d791da216e41dddfdbc10f0f17231f8d6bf99f5143,20,7cc786471129ef33faf3ffaca62d15551d287f454bef4a2329e28f6fa98e605a
"(3,1,0,0)","(3,1,0,0):iso-00016",01bffee8eceedf59e16917d791da216e41dddfdbc10f0f17231f8d6bf99f5143,20,a570e5a0025c60615afda9e3826bc716a76d703298d4d47a80c086af6ab5e879
"(3,1,0,0)","(3,1,0,0):iso-00016",01bffee8eceedf59e16917d791da216e41dddfdbc10f0f17231f8d6bf99f5143,20,dad6402f805c8de47598db2589fa06ba6c5afdf86cc57d453419fcef9437567d
"(3,1,0,0)","(3,1,0,0):iso-00016",01bffee8eceedf59e16917d791da216e41dddfdbc10f0f17231f8d6bf99f5143,20,78d3571fe1fa359a9eba6bed7d0566d4474f78dbbdcd1ed761dd2bbe3a5e5e0c
"(3,1,0,0)","(3,1,0,0):iso-00016",01bffee8eceedf59e16917d791da216e41dddfdbc10f0f17231f8d6bf99f5143,20,c824249e7e8704893291cafbf606ebb68c799ca74e8461dcbf94e60be44e615a
"(3,1,0,0)","(3,1,0,0):iso-00016",01bffee8eceedf59e16917d791da216e41dddfdbc10f0f17231f8d6bf99f5143,20,71a10a851c2e3f6fb23f6ee1b833ca5b9c0cf54d4b394bc444d751cd7e30c356
"(3,1,0,0)","(3,1,0,0):iso-00016",01bffee8eceedf59e16917d791da216e41dddfdbc10f0f17231f8d6bf99f5143,20,75e354765f8afde6f0d59d955619c777464687addfdd32acb72617f23db64f22
"(3,1,0,0)","(3,1,0,0):iso-00016",01bffee8eceedf59e16917d791da216e41dddfdbc10f0f17231f8d6bf99f5143,20,262181b539b2e15297c9f3065cdab7030ad97910847e2204b5c0138098f79302
"(3,1,0,0)","(3,1,0,0):iso-00016",01bffee8eceedf59e16917d791da216e41dddfdbc10f0f17231f8d6bf99f5143,20,f2a30472243a288f860cb1ab53c6a4c40aa2012c5f990c0b111cd250bb60c2f2
"(3,1,0,0)","(3,1,0,0):iso-00016",01bffee8eceedf59e16917d791da216e41dddfdbc10f0f17231f8d6bf99f5143,20,3a8728837fc6e1acd45c5d3b0d8f67910ccfc3819e28e62f92417c222346559d
"(3,1,0,0)","(3,1,0,0):iso-00016",01bffee8eceedf59e16917d791da216e41dddfdbc10f0f17231f8d6bf99f5143,20,3c90dc2816f46077e95ba3e4591248edab2c587c93779c5639130fbcd24e7146
"(3,1,0,0)","(3,1,0,0):iso-00016",01bffee8eceedf59e16917d791da216e41dddfdbc10f0f17231f8d6bf99f5143,20,00e4c37eabb7a810b0df4a147a8c32603b2563178529aad7ed208c11dbb3f0c0
"(3,1,0,0)","(3,1,0,0):iso-00016",01bffee8eceedf59e16917d791da216e41dddfdbc10f0f17231f8d6bf99f5143,20,c6e99f1766fdfb515aff22d35dc59d643a1a7738e66fc8a04ed98355044891e1
"(3,1,0,0)","(3,1,0,0):iso-00016",01bffee8eceedf59e16917d791da216e41dddfdbc10f0f17231f8d6bf99f5143,20,b223dbb420a37e5eed0c4ee8a39dd8b62a236554184a28bd45b6128d2e543ce7
"(3,1,0,0)","(3,1,0,0):iso-00016",01bffee8eceedf59e16917d791da216e41dddfdbc10f0f17231f8d6bf99f5143,20,4c78c9ef0515d757f5374f981d026325e63e6ad762f0774ae12a210a49bb157f
"(3,1,0,0)","(3,1,0,0):iso-00017",098fb27561a6e076f4eb53c9b96687095384ff51c9bfd7251a3a00774cf87513,17,098fb27561a6e076f4eb53c9b96687095384ff51c9bfd7251a3a00774cf87513
"(3,1,0,0)","(3,1,0,0):iso-00017",098fb27561a6e076f4eb53c9b96687095384ff51c9bfd7251a3a00774cf87513,17,54f73c6f57c474268034a16d195e841bfbccc9f88dca4bd74770ea060a62e544
"(3,1,0,0)","(3,1,0,0):iso-00017",098fb27561a6e076f4eb53c9b96687095384ff51c9bfd7251a3a00774cf87513,17,7846b414dd8882a0ac41b67bc2faaba093d064a547ef11e61877a5d7646c9136
"(3,1,0,0)","(3,1,0,0):iso-00017",098fb27561a6e076f4eb53c9b96687095384ff51c9bfd7251a3a00774cf87513,17,bced4434e7882babaaa65d39bc89f742a721508cf9c99489f09dc94ad6c9645f
"(3,1,0,0)","(3,1,0,0):iso-00017",098fb27561a6e076f4eb53c9b96687095384ff51c9bfd7251a3a00774cf87513,17,b3ee29eecfe4910314d29c3b6bd6306586a16480067364abdb14a8ab1f7b637e
"(3,1,0,0)","(3,1,0,0):iso-00017",098fb27561a6e076f4eb53c9b96687095384ff51c9bfd7251a3a00774cf87513,17,3e5d83734c00e25199cd30401c044f740cb8f26b4771e1511accd7f68659b5f4
"(3,1,0,0)","(3,1,0,0):iso-00017",098fb27561a6e076f4eb53c9b96687095384ff51c9bfd7251a3a00774cf87513,17,8d7de62bb08459deea7ac96103c0aac381bb940cf751f37fa498eafaa5135e50
"(3,1,0,0)","(3,1,0,0):iso-00017",098fb27561a6e076f4eb53c9b96687095384ff51c9bfd7251a3a00774cf87513,17,6af47eccd0afd9d55f2120ba506c66bd1cc24425a6897ae6e4b17f64f0731f67
"(3,1,0,0)","(3,1,0,0):iso-00017",098fb27561a6e076f4eb53c9b96687095384ff51c9bfd7251a3a00774cf87513,17,ca0c3c15184e4d8d03d2a9564b618ab1cd339a778b550cc8b05d62ffea2afab8
"(3,1,0,0)","(3,1,0,0):iso-00017",098fb27561a6e076f4eb53c9b96687095384ff51c9bfd7251a3a00774cf87513,17,49706a98aa36ab9128ccb284c5ed2246f9e692934c6648e0a46e7070aab06989
"(3,1,0,0)","(3,1,0,0):iso-00017",098fb27561a6e076f4eb53c9b96687095384ff51c9bfd7251a3a00774cf87513,17,af9afecdf891ea926479090a349ff7f9dfbd2b3305d9e327d353c877a50a7f93
"(3,1,0,0)","(3,1,0,0):iso-00017",098fb27561a6e076f4eb53c9b96687095384ff51c9bfd7251a3a00774cf87513,17,5cf7889f0ff5be95a3f6c67553f70c70dafbe7bca75eb00ce4298530dcceddb7
"(3,1,0,0)","(3,1,0,0):iso-00017",098fb27561a6e076f4eb53c9b96687095384ff51c9bfd7251a3a00774cf87513,17,24db1fc6c026926204d9b67a5413006447c3152da11b13625a455227deca0e35
"(3,1,0,0)","(3,1,0,0):iso-00017",098fb27561a6e076f4eb53c9b96687095384ff51c9bfd7251a3a00774cf87513,17,ec68e3905b92c517da77f33d6cc5f31b36fb95530e838662aa63004a804319a4
"(3,1,0,0)","(3,1,0,0):iso-00017",098fb27561a6e076f4eb53c9b96687095384ff51c9bfd7251a3a00774cf87513,17,d473be3b4194da521fc5688c444fd7b499263ac783f15c9df6f2e4f0508c359e
"(3,1,0,0)","(3,1,0,0):iso-00017",098fb27561a6e076f4eb53c9b96687095384ff51c9bfd7251a3a00774cf87513,17,654b347f152b37b8de7210143b8ab9f93e79ff7b2c2ec65b27cc377875cba562
"(3,1,0,0)","(3,1,0,0):iso-00017",098fb27561a6e076f4eb53c9b96687095384ff51c9bfd7251a3a00774cf87513,17,b834594385a0feef08d222da1122f6fbbb9b6b8f043c699e81ffb6093cb1cb31
"(3,1,0,0)","(3,1,0,0):iso-00018",dbaf5360c8f5417a9dc92d9da915ac3dd1bb7e92e1c83ffc82d32b3e5974aa33,15,dbaf5360c8f5417a9dc92d9da915ac3dd1bb7e92e1c83ffc82d32b3e5974aa33
"(3,1,0,0)","(3,1,0,0):iso-00018",dbaf5360c8f5417a9dc92d9da915ac3dd1bb7e92e1c83ffc82d32b3e5974aa33,15,aa368f32896ee637486da0f414f485faf472fc9f39a7609c81208c5c435036e9
"(3,1,0,0)","(3,1,0,0):iso-00018",dbaf5360c8f5417a9dc92d9da915ac3dd1bb7e92e1c83ffc82d32b3e5974aa33,15,8f0a4ac5848ca6eb7b5b6bcc0c7b340d7de611f9fa1a0023955138e7445201f2
"(3,1,0,0)","(3,1,0,0):iso-00018",dbaf5360c8f5417a9dc92d9da915ac3dd1bb7e92e1c83ffc82d32b3e5974aa33,15,0765eff98d35517f2eae8b277a8c37428b8bdbc63dfd0badd4e0e990ea74cdf1
"(3,1,0,0)","(3,1,0,0):iso-00018",dbaf5360c8f5417a9dc92d9da915ac3dd1bb7e92e1c83ffc82d32b3e5974aa33,15,ae53e0e59fc47cf88978ced983e8dc521d18c574621290b941768fd191146638
"(3,1,0,0)","(3,1,0,0):iso-00018",dbaf5360c8f5417a9dc92d9da915ac3dd1bb7e92e1c83ffc82d32b3e5974aa33,15,ce21fa6b476551251b5df8ba45cda6033c35911262a744fc1bf3fca3c353ee0a
"(3,1,0,0)","(3,1,0,0):iso-00018",dbaf5360c8f5417a9dc92d9da915ac3dd1bb7e92e1c83ffc82d32b3e5974aa33,15,6ca3447e71f91487454413ef7f579478493eb92951565395f48f60403eadf61e
"(3,1,0,0)","(3,1,0,0):iso-00018",dbaf5360c8f5417a9dc92d9da915ac3dd1bb7e92e1c83ffc82d32b3e5974aa33,15,8e0545e45bf487bd694f1c7a8c680944f08deda6708e4a30db5d529216631c25
"(3,1,0,0)","(3,1,0,0):iso-00018",dbaf5360c8f5417a9dc92d9da915ac3dd1bb7e92e1c83ffc82d32b3e5974aa33,15,04df1b737f663cf604c28e8b938512d217bbcae098f3045a329c0c5b023340a7
"(3,1,0,0)","(3,1,0,0):iso-00018",dbaf5360c8f5417a9dc92d9da915ac3dd1bb7e92e1c83ffc82d32b3e5974aa33,15,32d0c49afabe06691a3d5e3e965495dc18c5cc05ae2d8236cf696f91aa3ae592
"(3,1,0,0)","(3,1,0,0):iso-00018",dbaf5360c8f5417a9dc92d9da915ac3dd1bb7e92e1c83ffc82d32b3e5974aa33,15,f23054e85b7ff9dfbc9f4bbf0d5a778064315d166f6a68e849a98afe52f1ab37
"(3,1,0,0)","(3,1,0,0):iso-00018",dbaf5360c8f5417a9dc92d9da915ac3dd1bb7e92e1c83ffc82d32b3e5974aa33,15,d903b62191050f0398c4a7b5a3d9c63ff35fff7160e2746cc02a1cd9d09956b2
"(3,1,0,0)","(3,1,0,0):iso-00018",dbaf5360c8f5417a9dc92d9da915ac3dd1bb7e92e1c83ffc82d32b3e5974aa33,15,624d90e8c7c55fbd9321f4e4282c6a805e80b8bac573d359809aa7616aad0e98
"(3,1,0,0)","(3,1,0,0):iso-00018",dbaf5360c8f5417a9dc92d9da915ac3dd1bb7e92e1c83ffc82d32b3e5974aa33,15,757c193591cecec1f3f0a964d65ab1ae86e4724ea7a70ded1030d86f66dea4ae
"(3,1,0,0)","(3,1,0,0):iso-00018",dbaf5360c8f5417a9dc92d9da915ac3dd1bb7e92e1c83ffc82d32b3e5974aa33,15,fc17a3eac663f2c6370ab15bda670adbdf63ba0636672ec2fa6be67f61129011
"(3,1,0,0)","(3,1,0,0):iso-00019",16ab83167a2e23de67e41269280342b7680ac41204493f1c42ee01eb4c17722b,81,16ab83167a2e23de67e41269280342b7680ac41204493f1c42ee01eb4c17722b
"(3,1,0,0)","(3,1,0,0):iso-00019",16ab83167a2e23de67e41269280342b7680ac41204493f1c42ee01eb4c17722b,81,f39dc60ef5107cfc7d6fd80203d581720c7bf4ac98651bcd24c7e0e4c11ff74d
"(3,1,0,0)","(3,1,0,0):iso-00019",16ab83167a2e23de67e41269280342b7680ac41204493f1c42ee01eb4c17722b,81,e88823373f7c1bffe60f651cca407ca6c8ccf4f641f64e0bb2c6144106a334cf
"(3,1,0,0)","(3,1,0,0):iso-00019",16ab83167a2e23de67e41269280342b7680ac41204493f1c42ee01eb4c17722b,81,ee7ee29c80fbeb5e9e4bd87495a9c7259d98058dc7b521546bcec48ac9cf2e7f
"(3,1,0,0)","(3,1,0,0):iso-00019",16ab83167a2e23de67e41269280342b7680ac41204493f1c42ee01eb4c17722b,81,4c3252ab787378cdec8b9bb46a9e6fa4141385a4c3763c727182c7aeeb751f34
"(3,1,0,0)","(3,1,0,0):iso-00019",16ab83167a2e23de67e41269280342b7680ac41204493f1c42ee01eb4c17722b,81,0efba5c1e075ede46417958dc43df7d4379085adf194e840d128cf259c40270b
"(3,1,0,0)","(3,1,0,0):iso-00019",16ab83167a2e23de67e41269280342b7680ac41204493f1c42ee01eb4c17722b,81,e4d7df689182c76c0e27572ceae0aa422238ad96bc46a56e6a3a168ea8e8c814
"(3,1,0,0)","(3,1,0,0):iso-00019",16ab83167a2e23de67e41269280342b7680ac41204493f1c42ee01eb4c17722b,81,cd0b04ed69adf61fcfbb228e3b17d227942f224956f869d728541899e598135c
"(3,1,0,0)","(3,1,0,0):iso-00019",16ab83167a2e23de67e41269280342b7680ac41204493f1c42ee01eb4c17722b,81,2385b62eac077d94b8ca538aaa8cb377e7940ceed9834a54ffe5d356ef15c1f0
"(3,1,0,0)","(3,1,0,0):iso-00019",16ab83167a2e23de67e41269280342b7680ac41204493f1c42ee01eb4c17722b,81,957a53e7530c2d58ba07e0dcf1c0043f07a5975074fce0417605bcae0ef771c4
"(3,1,0,0)","(3,1,0,0):iso-00019",16ab83167a2e23de67e41269280342b7680ac41204493f1c42ee01eb4c17722b,81,4594bc4b6b50d9f23c5968b3bedac466eb767feadd973317b04839d9e590f42f
"(3,1,0,0)","(3,1,0,0):iso-00019",16ab83167a2e23de67e41269280342b7680ac41204493f1c42ee01eb4c17722b,81,959c683792ca7532dcd7ec9d38a9f8a8e57ac50dbe5d0ebfa1ceb45a921be136
"(3,1,0,0)","(3,1,0,0):iso-00019",16ab83167a2e23de67e41269280342b7680ac41204493f1c42ee01eb4c17722b,81,ce1d0004eee5be0df5aca8193aac999dfabb9276ff0153449051a8ac9b04bdda
"(3,1,0,0)","(3,1,0,0):iso-00019",16ab83167a2e23de67e41269280342b7680ac41204493f1c42ee01eb4c17722b,81,08eacab355558e49729aa10ac7cbd35e245c2abed54662df1756950899f6fc2c
"(3,1,0,0)","(3,1,0,0):iso-00019",16ab83167a2e23de67e41269280342b7680ac41204493f1c42ee01eb4c17722b,81,72e3b696975c4f776b24a0f18ac5bf83e674e327e37c39b40a6ecf1cac13f8f9
"(3,1,0,0)","(3,1,0,0):iso-00019",16ab83167a2e23de67e41269280342b7680ac41204493f1c42ee01eb4c17722b,81,74109c6c9d8db2c69acc78dff27a99b68b4cb26985c4d5a4f83cc0eba6ed0d0b
"(3,1,0,0)","(3,1,0,0):iso-00019",16ab83167a2e23de67e41269280342b7680ac41204493f1c42ee01eb4c17722b,81,393781ae5489899c952abbf65dad23de0b9c771561880dd1deb84db58a6bd34d
"(3,1,0,0)","(3,1,0,0):iso-00019",16ab83167a2e23de67e41269280342b7680ac41204493f1c42ee01eb4c17722b,81,200429ba71f2682d3cbafedab83ff42afb369987515f1d1b6c2d700187adb86c
"(3,1,0,0)","(3,1,0,0):iso-00019",16ab83167a2e23de67e41269280342b7680ac41204493f1c42ee01eb4c17722b,81,cc9925037d1dcc4bc7bff053456e9f9e24aef955986324d6b9301c263a964783
"(3,1,0,0)","(3,1,0,0):iso-00019",16ab83167a2e23de67e41269280342b7680ac41204493f1c42ee01eb4c17722b,81,c92781899d54412aaaea9923986f18b24ad4a82a6884a90dfd890891f67491e2
"(3,1,0,0)","(3,1,0,0):iso-00019",16ab83167a2e23de67e41269280342b7680ac41204493f1c42ee01eb4c17722b,81,cd7fcf97b65350e70d9bcd1bc914b61d0b867d73d3b1e918d5d104929a06daa1
"(3,1,0,0)","(3,1,0,0):iso-00019",16ab83167a2e23de67e41269280342b7680ac41204493f1c42ee01eb4c17722b,81,3d7f80411c86de178969ef0e1e37b8accaa584b89104e25eae80f5da742bd064
"(3,1,0,0)","(3,1,0,0):iso-00019",16ab83167a2e23de67e41269280342b7680ac41204493f1c42ee01eb4c17722b,81,e41cd36a5920eaf7d063e95c42d7b96e8f203437ca7fac23a63d487e1561238e
"(3,1,0,0)","(3,1,0,0):iso-00019",16ab83167a2e23de67e41269280342b7680ac41204493f1c42ee01eb4c17722b,81,28e7646221eb5eb5f6793de8bfd7cf3fde54a359f3e30e32355c4652d4577f7b
"(3,1,0,0)","(3,1,0,0):iso-00019",16ab83167a2e23de67e41269280342b7680ac41204493f1c42ee01eb4c17722b,81,b3294aba5ccf219e67a1663fe771610df1305e2ca591d1cb98f873a563bffb69
"(3,1,0,0)","(3,1,0,0):iso-00019",16ab83167a2e23de67e41269280342b7680ac41204493f1c42ee01eb4c17722b,81,5bf3d005ee15431a106ba86c7d4a88377e0ad9609a6d6f235c78f8389637d666
"(3,1,0,0)","(3,1,0,0):iso-00019",16ab83167a2e23de67e41269280342b7680ac41204493f1c42ee01eb4c17722b,81,d1440239517d59fdd61324fac3f3a1ef1c445f7c02b3a4192a5760d2812fe556
"(3,1,0,0)","(3,1,0,0):iso-00019",16ab83167a2e23de67e41269280342b7680ac41204493f1c42ee01eb4c17722b,81,7dd588c0db2c3e22092789c16b3e740aa0b60a2ae06e58f3681a41ffc42c8424
"(3,1,0,0)","(3,1,0,0):iso-00019",16ab83167a2e23de67e41269280342b7680ac41204493f1c42ee01eb4c17722b,81,127fa9b07e27f35fab225838f1920f563fb0f3627a90b8fed9ff916b60b7e30a
"(3,1,0,0)","(3,1,0,0):iso-00019",16ab83167a2e23de67e41269280342b7680ac41204493f1c42ee01eb4c17722b,81,962231ea111a6b97e048b8335509a1ca33a6cce006a7f8a75533be7b8cf0406e
"(3,1,0,0)","(3,1,0,0):iso-00019",16ab83167a2e23de67e41269280342b7680ac41204493f1c42ee01eb4c17722b,81,3ba3b9bbe1c646d7b3d015b4295afc843a37becf5d35761a4f81871876b9d856
"(3,1,0,0)","(3,1,0,0):iso-00019",16ab83167a2e23de67e41269280342b7680ac41204493f1c42ee01eb4c17722b,81,cbd22547b6dc747126e48e396979c013898792d14e80a572f741b1a389390c87
"(3,1,0,0)","(3,1,0,0):iso-00019",16ab83167a2e23de67e41269280342b7680ac41204493f1c42ee01eb4c17722b,81,fa4820713aacbfba27245609964414638e3721377f960d2f523db48edbae4adf
"(3,1,0,0)","(3,1,0,0):iso-00019",16ab83167a2e23de67e41269280342b7680ac41204493f1c42ee01eb4c17722b,81,56db4436758db247f102a176f9577bcab747214d1a71a877185cb6399c69a817
"(3,1,0,0)","(3,1,0,0):iso-00019",16ab83167a2e23de67e41269280342b7680ac41204493f1c42ee01eb4c17722b,81,3760dd6dd902ed4292616eecd43368f77211a015eb063f7c8eafdcd6e4438b85
"(3,1,0,0)","(3,1,0,0):iso-00019",16ab83167a2e23de67e41269280342b7680ac41204493f1c42ee01eb4c17722b,81,fdc0c82cb17ed94722b5436bb533e2f2f24560494f3bca8701fd4379289fbe1b
"(3,1,0,0)","(3,1,0,0):iso-00019",16ab83167a2e23de67e41269280342b7680ac41204493f1c42ee01eb4c17722b,81,4eac3bc076709e2e2477e8bf35aa922e00724143871670876157c132109c7c8b
"(3,1,0,0)","(3,1,0,0):iso-00019",16ab83167a2e23de67e41269280342b7680ac41204493f1c42ee01eb4c17722b,81,e6ff7ce3bfb84e80fad9a7ebcfe69c2e43fea031b9e3ee8e0062db7287db23e4
"(3,1,0,0)","(3,1,0,0):iso-00019",16ab83167a2e23de67e41269280342b7680ac41204493f1c42ee01eb4c17722b,81,48d4f80e1704e4fad76a8a28ce007e7a04e424e920a7e81b6cc537a0b502429d
"(3,1,0,0)","(3,1,0,0):iso-00019",16ab83167a2e23de67e41269280342b7680ac41204493f1c42ee01eb4c17722b,81,924daec81b2a7e1f148061e6331163ced223f798639083942c09e675c6e35274
"(3,1,0,0)","(3,1,0,0):iso-00019",16ab83167a2e23de67e41269280342b7680ac41204493f1c42ee01eb4c17722b,81,e6016646f716874f09ccab547a52ecfa804f447407e424907ea01ce531b422e0
"(3,1,0,0)","(3,1,0,0):iso-00019",16ab83167a2e23de67e41269280342b7680ac41204493f1c42ee01eb4c17722b,81,ada38d9b6706ae74451920510fa4b8274fd18ac10b4bf6d6adcd37e8567decd5
"(3,1,0,0)","(3,1,0,0):iso-00019",16ab83167a2e23de67e41269280342b7680ac41204493f1c42ee01eb4c17722b,81,ef31d82e27985b6bdb75ef761f28369da296b58e627dea52972ed511cfc84e2a
"(3,1,0,0)","(3,1,0,0):iso-00019",16ab83167a2e23de67e41269280342b7680ac41204493f1c42ee01eb4c17722b,81,cfebc69b8299197f9067d71ca509e6b74e14209e8a9178d1a5121cff687c68b5
"(3,1,0,0)","(3,1,0,0):iso-00019",16ab83167a2e23de67e41269280342b7680ac41204493f1c42ee01eb4c17722b,81,c3861c770a1806fb434098dba19ee936a3fc507b70daa088c6afb41af159b890
"(3,1,0,0)","(3,1,0,0):iso-00019",16ab83167a2e23de67e41269280342b7680ac41204493f1c42ee01eb4c17722b,81,e8a39e56c57af918d3e777ecbba327e47eca448098f2c87451e1d9de941acff5
"(3,1,0,0)","(3,1,0,0):iso-00019",16ab83167a2e23de67e41269280342b7680ac41204493f1c42ee01eb4c17722b,81,e905f88cf1c0d912ba1d31f7655641db389f0a1dbd85d9ae666c03aeb4689306
"(3,1,0,0)","(3,1,0,0):iso-00019",16ab83167a2e23de67e41269280342b7680ac41204493f1c42ee01eb4c17722b,81,82150f470a7c31e4839773a386bdba10b8aaa766977c1cdfcfd42f9dc46f978d
"(3,1,0,0)","(3,1,0,0):iso-00019",16ab83167a2e23de67e41269280342b7680ac41204493f1c42ee01eb4c17722b,81,a10e3a2f7b635273c75b2ba2e2abc166b6ddfadcc1a978538d1cd74439addb3f
"(3,1,0,0)","(3,1,0,0):iso-00019",16ab83167a2e23de67e41269280342b7680ac41204493f1c42ee01eb4c17722b,81,d6171c4d87740bc96a301ab0048fa4794a25e03c151894ece19e82ddef758d9a
"(3,1,0,0)","(3,1,0,0):iso-00019",16ab83167a2e23de67e41269280342b7680ac41204493f1c42ee01eb4c17722b,81,640b6877f23968a523d41caaf67f75beb9f91cabac758b6a546621767a395889
"(3,1,0,0)","(3,1,0,0):iso-00019",16ab83167a2e23de67e41269280342b7680ac41204493f1c42ee01eb4c17722b,81,3944e4632327cf8fef85efa619334b429b588becd84da332209ed29b9380bb6d
"(3,1,0,0)","(3,1,0,0):iso-00019",16ab83167a2e23de67e41269280342b7680ac41204493f1c42ee01eb4c17722b,81,4d54ac50c5411db87da132b032aac38079d7678a7aea18e84142005597b053b7
"(3,1,0,0)","(3,1,0,0):iso-00019",16ab83167a2e23de67e41269280342b7680ac41204493f1c42ee01eb4c17722b,81,6664a2406f0303e1be3c5c6807c8d62dfd1c10bce45871b0f0e23f9e844d62c5
"(3,1,0,0)","(3,1,0,0):iso-00019",16ab83167a2e23de67e41269280342b7680ac41204493f1c42ee01eb4c17722b,81,4ac2cf046cdb5ff62b7a8a348e3d49aa7299642cf77b9dc787c8b1a7031a14d6
"(3,1,0,0)","(3,1,0,0):iso-00019",16ab83167a2e23de67e41269280342b7680ac41204493f1c42ee01eb4c17722b,81,cd00567dc2a3e18e885b106066df3205a80e6766c77e2b0b9dbea324a84ff1df
"(3,1,0,0)","(3,1,0,0):iso-00019",16ab83167a2e23de67e41269280342b7680ac41204493f1c42ee01eb4c17722b,81,fe4bc4146ac825f3228dab492bb0876370991ca53c67df42a60f29cdd19ac9f7
"(3,1,0,0)","(3,1,0,0):iso-00019",16ab83167a2e23de67e41269280342b7680ac41204493f1c42ee01eb4c17722b,81,9ec60eb28afd794a49c88a47028dd0ef7e9cff2da1e30833bfb84064c9fc99eb
"(3,1,0,0)","(3,1,0,0):iso-00019",16ab83167a2e23de67e41269280342b7680ac41204493f1c42ee01eb4c17722b,81,1dd2fd287b0d015d26a273c91f0dd18715c9abfa122d99d66e0f41a2a452cccc
"(3,1,0,0)","(3,1,0,0):iso-00019",16ab83167a2e23de67e41269280342b7680ac41204493f1c42ee01eb4c17722b,81,8a6d4f8ca0d7ac41d69c446a66a26be629072a6f45e8e257a5afa49dcdc7eab1
"(3,1,0,0)","(3,1,0,0):iso-00019",16ab83167a2e23de67e41269280342b7680ac41204493f1c42ee01eb4c17722b,81,84113b9b4a5e10c501dc91a3dfd177de042d5e2f963d1c3792137cb248902c54
"(3,1,0,0)","(3,1,0,0):iso-00019",16ab83167a2e23de67e41269280342b7680ac41204493f1c42ee01eb4c17722b,81,788ed6e4f524e53d49cc39553365612ba961af8aa4d85fc058c8d089a885e92f
"(3,1,0,0)","(3,1,0,0):iso-00019",16ab83167a2e23de67e41269280342b7680ac41204493f1c42ee01eb4c17722b,81,493291f5dbfe16d07b9603b2a743eecdb687aefd98a59b30bbdd25ab45c6ebfc
"(3,1,0,0)","(3,1,0,0):iso-00019",16ab83167a2e23de67e41269280342b7680ac41204493f1c42ee01eb4c17722b,81,990920c83e2f919617ac822f1fa317808fe453a90f50aa1e98b7e104556a6e68
"(3,1,0,0)","(3,1,0,0):iso-00019",16ab83167a2e23de67e41269280342b7680ac41204493f1c42ee01eb4c17722b,81,f6d1fece34d3070e0067dd38797f4173806f990f5d726b87f2baa985017056cf
"(3,1,0,0)","(3,1,0,0):iso-00019",16ab83167a2e23de67e41269280342b7680ac41204493f1c42ee01eb4c17722b,81,afa27426de55113f57d44cbaae541ebf11ecaba5cb95af2a42032893b3bbf905
"(3,1,0,0)","(3,1,0,0):iso-00019",16ab83167a2e23de67e41269280342b7680ac41204493f1c42ee01eb4c17722b,81,4fdb88055e8c25f2e6013cd759f4b30ec022f42f200836d7253dd944ac064509
"(3,1,0,0)","(3,1,0,0):iso-00019",16ab83167a2e23de67e41269280342b7680ac41204493f1c42ee01eb4c17722b,81,71274e7a9b9621cc69fc2da9cb6e5a28f08c50af7bb9ca3619086e7ac755d668
"(3,1,0,0)","(3,1,0,0):iso-00019",16ab83167a2e23de67e41269280342b7680ac41204493f1c42ee01eb4c17722b,81,241d7f9105ce413cf996b1a5cde9476aa4c17cf1acca078f6e9fd4875d69e076
"(3,1,0,0)","(3,1,0,0):iso-00019",16ab83167a2e23de67e41269280342b7680ac41204493f1c42ee01eb4c17722b,81,5d4e42533d8e8d2183ae74f91afdb2c1c100197c40dc716d14f2045d4b89b95f
"(3,1,0,0)","(3,1,0,0):iso-00019",16ab83167a2e23de67e41269280342b7680ac41204493f1c42ee01eb4c17722b,81,da9834a9853b68612b9036e5aa44eccb9c0dad0b45c98f8f03f03d3b10e65794
"(3,1,0,0)","(3,1,0,0):iso-00019",16ab83167a2e23de67e41269280342b7680ac41204493f1c42ee01eb4c17722b,81,0a12e2e7acd3e31a61670bc883c5363e71678a289c88ad112d21353b1f270d38
"(3,1,0,0)","(3,1,0,0):iso-00019",16ab83167a2e23de67e41269280342b7680ac41204493f1c42ee01eb4c17722b,81,505ae4372ce422a146cd3c6540e10623f41e363e5d63f19f9be1e53336da796f
"(3,1,0,0)","(3,1,0,0):iso-00019",16ab83167a2e23de67e41269280342b7680ac41204493f1c42ee01eb4c17722b,81,fdd7f33d086c4720faed469c49ab13ff0bdd80155c83d99c332160c5aa5ff7d5
"(3,1,0,0)","(3,1,0,0):iso-00019",16ab83167a2e23de67e41269280342b7680ac41204493f1c42ee01eb4c17722b,81,82b09c82ac12f97d9f8e49b4d7f440d4b0e03a0fd9be1f0b1e3bfccbcf1ce7ce
"(3,1,0,0)","(3,1,0,0):iso-00019",16ab83167a2e23de67e41269280342b7680ac41204493f1c42ee01eb4c17722b,81,4bc3bad3b0f0ad6f2b5950c7e048554dcd4620790b26fd461d9da3165201b811
"(3,1,0,0)","(3,1,0,0):iso-00019",16ab83167a2e23de67e41269280342b7680ac41204493f1c42ee01eb4c17722b,81,f098aaa336e3eb726cbdb2d5fb17ff3fd3b694f7918903a4ee1493ca5e0cbd9f
"(3,1,0,0)","(3,1,0,0):iso-00019",16ab83167a2e23de67e41269280342b7680ac41204493f1c42ee01eb4c17722b,81,c3b85f2e326498636741f686459c449262201d86a98bd0a44d097ab6a6c1d30b
"(3,1,0,0)","(3,1,0,0):iso-00019",16ab83167a2e23de67e41269280342b7680ac41204493f1c42ee01eb4c17722b,81,033f0a7eacf93a8f94f6d17d43f672eb5d17f6ee25d09f22726e88938acf8fa6
"(3,1,0,0)","(3,1,0,0):iso-00019",16ab83167a2e23de67e41269280342b7680ac41204493f1c42ee01eb4c17722b,81,50329a74629f1ce09ac6139478318b015c08a0d4c29b226fb71f13ea028282d1
"(3,1,0,0)","(3,1,0,0):iso-00019",16ab83167a2e23de67e41269280342b7680ac41204493f1c42ee01eb4c17722b,81,5142a001e7c71ff9286d5d67b898e592a4361f86b2eac34bed56d3d8941b1cf3
"(3,1,0,0)","(3,1,0,0):iso-00020",4796f59fb4040e8b8d6b4116202be3b805938ea1f629063dfc2bc2f33d3b67aa,25,4796f59fb4040e8b8d6b4116202be3b805938ea1f629063dfc2bc2f33d3b67aa
"(3,1,0,0)","(3,1,0,0):iso-00020",4796f59fb4040e8b8d6b4116202be3b805938ea1f629063dfc2bc2f33d3b67aa,25,434179cb6113418b28d6d8ca81ff34ab8ed27ca04fe96ffc1bb18796ae99293a
"(3,1,0,0)","(3,1,0,0):iso-00020",4796f59fb4040e8b8d6b4116202be3b805938ea1f629063dfc2bc2f33d3b67aa,25,93119ed22e63577cc52a4e77ca2ef33dbfef8972ff64bc99efcba58ccb034256
"(3,1,0,0)","(3,1,0,0):iso-00020",4796f59fb4040e8b8d6b4116202be3b805938ea1f629063dfc2bc2f33d3b67aa,25,aa6f6fd5e50d44e6114a599c37ec67182fcbeae45a1cc9ec695aa220ccc85736
"(3,1,0,0)","(3,1,0,0):iso-00020",4796f59fb4040e8b8d6b4116202be3b805938ea1f629063dfc2bc2f33d3b67aa,25,f5679a5f4114dd200211125fb7cbf4986f06c5127a38a326c3479ac35052b77a
"(3,1,0,0)","(3,1,0,0):iso-00020",4796f59fb4040e8b8d6b4116202be3b805938ea1f629063dfc2bc2f33d3b67aa,25,e1eabb7e5b7fc62c16f324df96556982d30050cad68997c1361d9730295f182e
"(3,1,0,0)","(3,1,0,0):iso-00020",4796f59fb4040e8b8d6b4116202be3b805938ea1f629063dfc2bc2f33d3b67aa,25,59e8a9c682b6361301de2f7072864844bc9c0794137149ecd04e937b49dccbe5
"(3,1,0,0)","(3,1,0,0):iso-00020",4796f59fb4040e8b8d6b4116202be3b805938ea1f629063dfc2bc2f33d3b67aa,25,d28b4c8ad5af86f910ede85ddd75e6a759c363afef1755d0874d76ea906996de
"(3,1,0,0)","(3,1,0,0):iso-00020",4796f59fb4040e8b8d6b4116202be3b805938ea1f629063dfc2bc2f33d3b67aa,25,c2513ab0b59c3306f6cc2c8ce0b31c601f5c8a90e64d71742c8e7c14e6d20d64
"(3,1,0,0)","(3,1,0,0):iso-00020",4796f59fb4040e8b8d6b4116202be3b805938ea1f629063dfc2bc2f33d3b67aa,25,7318f9744efaf26aaad0c0d760df1e9f2a1dddf1efce7f30b8ad85f431ff1dba
"(3,1,0,0)","(3,1,0,0):iso-00020",4796f59fb4040e8b8d6b4116202be3b805938ea1f629063dfc2bc2f33d3b67aa,25,3ad283c68811610e0bfed95d8e03986da7a4c68e8fe7169d1f9aed816d3579fd
"(3,1,0,0)","(3,1,0,0):iso-00020",4796f59fb4040e8b8d6b4116202be3b805938ea1f629063dfc2bc2f33d3b67aa,25,f248e9d1e598b9c103b7eddd7dde1c3d8d958f8a43472880ab07fd7c4363b7c0
"(3,1,0,0)","(3,1,0,0):iso-00020",4796f59fb4040e8b8d6b4116202be3b805938ea1f629063dfc2bc2f33d3b67aa,25,08e8904b059c801598da9f4e5b6124cbb75040543f731afd7a9761a51ca2ad28
"(3,1,0,0)","(3,1,0,0):iso-00020",4796f59fb4040e8b8d6b4116202be3b805938ea1f629063dfc2bc2f33d3b67aa,25,e1930f5a0313e7bc130f6f8a019afc1e24152420d574a235e11a0446c8034e11
"(3,1,0,0)","(3,1,0,0):iso-00020",4796f59fb4040e8b8d6b4116202be3b805938ea1f629063dfc2bc2f33d3b67aa,25,f05f514f2f1fc43d32b3e67665ec76b229d4decfe6203089a4369ae1a5882b52
"(3,1,0,0)","(3,1,0,0):iso-00020",4796f59fb4040e8b8d6b4116202be3b805938ea1f629063dfc2bc2f33d3b67aa,25,a439f6830179ee59686554dccf6f0c6664fb1a42b1374a2e3d5bf0be7befe869
"(3,1,0,0)","(3,1,0,0):iso-00020",4796f59fb4040e8b8d6b4116202be3b805938ea1f629063dfc2bc2f33d3b67aa,25,fac725e69cf0c89bf34e9c5da575027bbbee770790e7d15b20095b3f12824d4b
"(3,1,0,0)","(3,1,0,0):iso-00020",4796f59fb4040e8b8d6b4116202be3b805938ea1f629063dfc2bc2f33d3b67aa,25,25486f711cd26c2973aaf36ea08fea3878ca7d62d8da4207d23fde9fcfccda12
"(3,1,0,0)","(3,1,0,0):iso-00020",4796f59fb4040e8b8d6b4116202be3b805938ea1f629063dfc2bc2f33d3b67aa,25,bf30634a5729122cfbf76ae81226a79d859faaa6c46160150feba418dfd670ab
"(3,1,0,0)","(3,1,0,0):iso-00020",4796f59fb4040e8b8d6b4116202be3b805938ea1f629063dfc2bc2f33d3b67aa,25,d124ca0692c618045eca38bf6b8f4bd82addbbd5956fb8a92ee382a46534f86c
"(3,1,0,0)","(3,1,0,0):iso-00020",4796f59fb4040e8b8d6b4116202be3b805938ea1f629063dfc2bc2f33d3b67aa,25,9bf645659a7d1a28083e6a60c3fb4d99dfa16e24518aea0e22770f0ccbbc7de6
"(3,1,0,0)","(3,1,0,0):iso-00020",4796f59fb4040e8b8d6b4116202be3b805938ea1f629063dfc2bc2f33d3b67aa,25,75bff64185ed90b84ca165f45d0be1448533094a34d228bc1ebaab7158615f81
"(3,1,0,0)","(3,1,0,0):iso-00020",4796f59fb4040e8b8d6b4116202be3b805938ea1f629063dfc2bc2f33d3b67aa,25,bc622bba0a7dbea96a6e9e1a01e1d645ae017a41ccf58c5ac4d9d687ea617642
"(3,1,0,0)","(3,1,0,0):iso-00020",4796f59fb4040e8b8d6b4116202be3b805938ea1f629063dfc2bc2f33d3b67aa,25,52525c9f47c69f1b1b0771c147d58909976a6a703727bae60e7c1efceacac598
"(3,1,0,0)","(3,1,0,0):iso-00020",4796f59fb4040e8b8d6b4116202be3b805938ea1f629063dfc2bc2f33d3b67aa,25,a51897bb0ddde60f813eaf8a0e1c3ff553442ffb95c77fe910149cdad3f8e1d9
"(3,1,0,0)","(3,1,0,0):iso-00021",1cb25b9e115bb33d978221e01835e64fc2b304d82facbc2e255d6a5769af8278,80,1cb25b9e115bb33d978221e01835e64fc2b304d82facbc2e255d6a5769af8278
"(3,1,0,0)","(3,1,0,0):iso-00021",1cb25b9e115bb33d978221e01835e64fc2b304d82facbc2e255d6a5769af8278,80,17b98b485cf6c2e481ffe63c858d818ee8a2f77150a4f7952b69d60c2c263642
"(3,1,0,0)","(3,1,0,0):iso-00021",1cb25b9e115bb33d978221e01835e64fc2b304d82facbc2e255d6a5769af8278,80,de9bc376c231902f61ce93e9167ba64abfcd72e788032de32ae515def9f0a333
"(3,1,0,0)","(3,1,0,0):iso-00021",1cb25b9e115bb33d978221e01835e64fc2b304d82facbc2e255d6a5769af8278,80,bf2cafcab8c3eea3c252f0b6a9b98b6e6c1fc44208472f9a9983b1efc67254a7
"(3,1,0,0)","(3,1,0,0):iso-00021",1cb25b9e115bb33d978221e01835e64fc2b304d82facbc2e255d6a5769af8278,80,f8f5805646c6bea5958fa1891af58a375aac60f339634b90fa68e2ff832f4e12
"(3,1,0,0)","(3,1,0,0):iso-00021",1cb25b9e115bb33d978221e01835e64fc2b304d82facbc2e255d6a5769af8278,80,065828701de05e56cd594f3bf10028b9ea6936e141a2802ec2648abe5e9cd5fb
"(3,1,0,0)","(3,1,0,0):iso-00021",1cb25b9e115bb33d978221e01835e64fc2b304d82facbc2e255d6a5769af8278,80,bd6670160f8ec5da2bcc4c5b12c00c491d1e4963f9ecacf3058fcf655f37e31e
"(3,1,0,0)","(3,1,0,0):iso-00021",1cb25b9e115bb33d978221e01835e64fc2b304d82facbc2e255d6a5769af8278,80,cfa9002e18fd5cc3d65204400e731290d8d2471006f38f78e63edccf48cb7d33
"(3,1,0,0)","(3,1,0,0):iso-00021",1cb25b9e115bb33d978221e01835e64fc2b304d82facbc2e255d6a5769af8278,80,ea83ec50823f77c0d4d194943451dd852539a9947f2f1dc27c7b4406bcb9203e
"(3,1,0,0)","(3,1,0,0):iso-00021",1cb25b9e115bb33d978221e01835e64fc2b304d82facbc2e255d6a5769af8278,80,f442d3cd130e15d157dd43e1e9f2247a18c5d1b2daca43834fc2b26d7eeefe5c
"(3,1,0,0)","(3,1,0,0):iso-00021",1cb25b9e115bb33d978221e01835e64fc2b304d82facbc2e255d6a5769af8278,80,682e2c8b1782b140d475a716cd2e6975f1912d00202efed84f60a70ffa120d9e
"(3,1,0,0)","(3,1,0,0):iso-00021",1cb25b9e115bb33d978221e01835e64fc2b304d82facbc2e255d6a5769af8278,80,d4fa037fe010ec086ad24a53816949bac435252ac16f9e71a2f32b1974346436
"(3,1,0,0)","(3,1,0,0):iso-00021",1cb25b9e115bb33d978221e01835e64fc2b304d82facbc2e255d6a5769af8278,80,63a30d35d2d8499cae2cdcdb7a0ded8093f6bb46bd77ce7518689d4b27cb6fff
"(3,1,0,0)","(3,1,0,0):iso-00021",1cb25b9e115bb33d978221e01835e64fc2b304d82facbc2e255d6a5769af8278,80,fceb73396cf14e24fc8ca05607f7991ae20a6e294ebac810701c776bf7a804a6
"(3,1,0,0)","(3,1,0,0):iso-00021",1cb25b9e115bb33d978221e01835e64fc2b304d82facbc2e255d6a5769af8278,80,8b941f7ee0ae37ab3b04b0611189d76641d42ce74b0c4cea337d25dbb43e715a
"(3,1,0,0)","(3,1,0,0):iso-00021",1cb25b9e115bb33d978221e01835e64fc2b304d82facbc2e255d6a5769af8278,80,58d1e36f8cab129038f4598dcd32e0129a992544c21b9e4a7a8d2fbcb193773f
"(3,1,0,0)","(3,1,0,0):iso-00021",1cb25b9e115bb33d978221e01835e64fc2b304d82facbc2e255d6a5769af8278,80,13a4f92f3ea1ec0fff38a149b925f9039bfaa4bcc59ab5a524f2aefde03f19ea
"(3,1,0,0)","(3,1,0,0):iso-00021",1cb25b9e115bb33d978221e01835e64fc2b304d82facbc2e255d6a5769af8278,80,71cb5a5cfd797b2068611f876529e53827e155d11ff062e32aa53efbf4bb3903
"(3,1,0,0)","(3,1,0,0):iso-00021",1cb25b9e115bb33d978221e01835e64fc2b304d82facbc2e255d6a5769af8278,80,9fb6e9e42f8b56f86779f630851367a6a6f25c3382c9b77e326464057d41d5c1
"(3,1,0,0)","(3,1,0,0):iso-00021",1cb25b9e115bb33d978221e01835e64fc2b304d82facbc2e255d6a5769af8278,80,d27e82d5aaeddaf07a6f474e8ca5480b72b8b06ca29a3ee610bdd0c4c294d3cf
"(3,1,0,0)","(3,1,0,0):iso-00021",1cb25b9e115bb33d978221e01835e64fc2b304d82facbc2e255d6a5769af8278,80,5ba8a0834bffa9e78acd658cac0939db1eff9a4ed095d5265f390b8eb50a3133
"(3,1,0,0)","(3,1,0,0):iso-00021",1cb25b9e115bb33d978221e01835e64fc2b304d82facbc2e255d6a5769af8278,80,ff9bfdf0121d665c7710d7339e172ee6ffdd99e859c89a0ba10aabdd299a241e
"(3,1,0,0)","(3,1,0,0):iso-00021",1cb25b9e115bb33d978221e01835e64fc2b304d82facbc2e255d6a5769af8278,80,b5291c98ae3dd064f236b65a90a4fa5ffd35f2cdd8af83fe86155a489f6207de
"(3,1,0,0)","(3,1,0,0):iso-00021",1cb25b9e115bb33d978221e01835e64fc2b304d82facbc2e255d6a5769af8278,80,b207b9602fa5f0fa1e9e0a639d996006ffd8a755881da8f97990090a17aee56d
"(3,1,0,0)","(3,1,0,0):iso-00021",1cb25b9e115bb33d978221e01835e64fc2b304d82facbc2e255d6a5769af8278,80,6de46bae604dcee0abe60bca26c16b5ac7ab21e727a7fa87b94ff74218a9dd2f
"(3,1,0,0)","(3,1,0,0):iso-00021",1cb25b9e115bb33d978221e01835e64fc2b304d82facbc2e255d6a5769af8278,80,689523f2acc44aa032a0854777e4d7614bf90f1c14fffd42a37a3baba886a46d
"(3,1,0,0)","(3,1,0,0):iso-00021",1cb25b9e115bb33d978221e01835e64fc2b304d82facbc2e255d6a5769af8278,80,6fd948da0cfe30d4c4344a497a148a137004d02dec7e0ac75b21b7616ca808c8
"(3,1,0,0)","(3,1,0,0):iso-00021",1cb25b9e115bb33d978221e01835e64fc2b304d82facbc2e255d6a5769af8278,80,2ad1604eaa97c10416a253157dbb11cb6f8273bea5c6bb76e618c40ee85ca131
"(3,1,0,0)","(3,1,0,0):iso-00021",1cb25b9e115bb33d978221e01835e64fc2b304d82facbc2e255d6a5769af8278,80,1e58eec2f545718373387a376ad5110dd66377ab74d7342f918a1b3d61e21e23
"(3,1,0,0)","(3,1,0,0):iso-00021",1cb25b9e115bb33d978221e01835e64fc2b304d82facbc2e255d6a5769af8278,80,41f98d9d087c6a6443cf07b4b6270e6712e706fecf24e2b11e978c88e563b528
"(3,1,0,0)","(3,1,0,0):iso-00021",1cb25b9e115bb33d978221e01835e64fc2b304d82facbc2e255d6a5769af8278,80,9c15fa59424ca3faf2e01f9fbfbbed273a1012ce30adb1a8c0e270a7198e96fd
"(3,1,0,0)","(3,1,0,0):iso-00021",1cb25b9e115bb33d978221e01835e64fc2b304d82facbc2e255d6a5769af8278,80,a35e2ba8048e01292680d1d8ee76552d05a16d8113a14544fe4b30510b3b0fb6
"(3,1,0,0)","(3,1,0,0):iso-00021",1cb25b9e115bb33d978221e01835e64fc2b304d82facbc2e255d6a5769af8278,80,4294c502bac76d0f3f7292b8cf46df1aea42f9c76b6e5bcd85e0a34578c08afb
"(3,1,0,0)","(3,1,0,0):iso-00021",1cb25b9e115bb33d978221e01835e64fc2b304d82facbc2e255d6a5769af8278,80,a39d82359e164d382b19054dc9e94404caddb0b0af06cef61e758179d33456e3
"(3,1,0,0)","(3,1,0,0):iso-00021",1cb25b9e115bb33d978221e01835e64fc2b304d82facbc2e255d6a5769af8278,80,e7e98f594b766e7b69dc083d63ab12f25833e62ee9d9527373f3ecb47ccd4b27
"(3,1,0,0)","(3,1,0,0):iso-00021",1cb25b9e115bb33d978221e01835e64fc2b304d82facbc2e255d6a5769af8278,80,16efb1d2cf31cc13291dd72136a1952e2a1cac2bd0de054430c9c5742bd3a64a
"(3,1,0,0)","(3,1,0,0):iso-00021",1cb25b9e115bb33d978221e01835e64fc2b304d82facbc2e255d6a5769af8278,80,8090cc3159811fa59546e8af87b860c2c96171631cc303812118d2ad128c34b3
"(3,1,0,0)","(3,1,0,0):iso-00021",1cb25b9e115bb33d978221e01835e64fc2b304d82facbc2e255d6a5769af8278,80,f65708545688d79aae50c098df7a6d6238caf339ea6c1cb66f11400365e37083
"(3,1,0,0)","(3,1,0,0):iso-00021",1cb25b9e115bb33d978221e01835e64fc2b304d82facbc2e255d6a5769af8278,80,355cc81c8e870eebbba3dafc37b798feafaab52635b0591c3d3596f8cdcad500
"(3,1,0,0)","(3,1,0,0):iso-00021",1cb25b9e115bb33d978221e01835e64fc2b304d82facbc2e255d6a5769af8278,80,13b33c0ad876cbb5f804544ad37ce65993678462c84a3c67834c0134c9d44da5
"(3,1,0,0)","(3,1,0,0):iso-00021",1cb25b9e115bb33d978221e01835e64fc2b304d82facbc2e255d6a5769af8278,80,b04f1433f6434b219b98d0339df2e156beb5bd28c492e7542e686a16202efeab
"(3,1,0,0)","(3,1,0,0):iso-00021",1cb25b9e115bb33d978221e01835e64fc2b304d82facbc2e255d6a5769af8278,80,b09d8a5c4784e5208a8b50020144634a885589065cc9e6ce5278ece37aa50a19
"(3,1,0,0)","(3,1,0,0):iso-00021",1cb25b9e115bb33d978221e01835e64fc2b304d82facbc2e255d6a5769af8278,80,610a35f6b8cc1f780947d3de2d3c11245663704cbeba9ec1ef720b6c6b4d9f54
"(3,1,0,0)","(3,1,0,0):iso-00021",1cb25b9e115bb33d978221e01835e64fc2b304d82facbc2e255d6a5769af8278,80,979b28a85355fe47e83bee76913cc1eb95176f3308b119b16fc07ca6148619bb
"(3,1,0,0)","(3,1,0,0):iso-00021",1cb25b9e115bb33d978221e01835e64fc2b304d82facbc2e255d6a5769af8278,80,08b4df6dc4907e390772d5a0c2162c03b084cbc1b05e07afabb9e554113efee7
"(3,1,0,0)","(3,1,0,0):iso-00021",1cb25b9e115bb33d978221e01835e64fc2b304d82facbc2e255d6a5769af8278,80,3fdb5032d8a895989c4df1d1091910e0d74a6383e87732b4607b08a061c0ced1
"(3,1,0,0)","(3,1,0,0):iso-00021",1cb25b9e115bb33d978221e01835e64fc2b304d82facbc2e255d6a5769af8278,80,9dbc00131a049722f5828ba720293d088f1fa469b17cf60da39f06d2160b92ba
"(3,1,0,0)","(3,1,0,0):iso-00021",1cb25b9e115bb33d978221e01835e64fc2b304d82facbc2e255d6a5769af8278,80,318529e43969c60e79cf29934fc11cbaa2a2b5e74cc45d3b8f3e08775caacb50
"(3,1,0,0)","(3,1,0,0):iso-00021",1cb25b9e115bb33d978221e01835e64fc2b304d82facbc2e255d6a5769af8278,80,59115dd89f8bc4fc35f863c67778a77c17b597d273206b9abbf7a7dedf5df40f
"(3,1,0,0)","(3,1,0,0):iso-00021",1cb25b9e115bb33d978221e01835e64fc2b304d82facbc2e255d6a5769af8278,80,3a6cbee01892f4493402e160fa891db210147101b5ae488620c463f1e85cc5c7
"(3,1,0,0)","(3,1,0,0):iso-00021",1cb25b9e115bb33d978221e01835e64fc2b304d82facbc2e255d6a5769af8278,80,c9de8e69bdebe7ef30e40e7b4a24461bc98c5d76ef7c313f60f6c44537770282
"(3,1,0,0)","(3,1,0,0):iso-00021",1cb25b9e115bb33d978221e01835e64fc2b304d82facbc2e255d6a5769af8278,80,78d68b2b3faf4a550be1d66dfd866b0cc82df463394175ab7ce75bbc806f873c
"(3,1,0,0)","(3,1,0,0):iso-00021",1cb25b9e115bb33d978221e01835e64fc2b304d82facbc2e255d6a5769af8278,80,9170bbad3b763aead3d43f13becba7b642731cce1570f17e557c6d64f332545f
"(3,1,0,0)","(3,1,0,0):iso-00021",1cb25b9e115bb33d978221e01835e64fc2b304d82facbc2e255d6a5769af8278,80,3bf96850b004abf19dd564f4abfd2ecd951da9e9ea1ddebed67bef711e7be262
"(3,1,0,0)","(3,1,0,0):iso-00021",1cb25b9e115bb33d978221e01835e64fc2b304d82facbc2e255d6a5769af8278,80,33d19fb80a87573778209a9c619872c46385c7dce5b602ae6ca84b0c7f4c5ce4
"(3,1,0,0)","(3,1,0,0):iso-00021",1cb25b9e115bb33d978221e01835e64fc2b304d82facbc2e255d6a5769af8278,80,3515b71a1d1c858a47d450c16ba2e7ed86338a3877f74bbefefcf24b441b2dab
"(3,1,0,0)","(3,1,0,0):iso-00021",1cb25b9e115bb33d978221e01835e64fc2b304d82facbc2e255d6a5769af8278,80,05da59e69ef43ce235e04732ccdc7d963a3be4a8ccc45bfd98965663f2a085c2
"(3,1,0,0)","(3,1,0,0):iso-00021",1cb25b9e115bb33d978221e01835e64fc2b304d82facbc2e255d6a5769af8278,80,a66df1288b81960c802e1b51598ecb36c579e8bb22bcd552d4a2ffa349bae3cf
"(3,1,0,0)","(3,1,0,0):iso-00021",1cb25b9e115bb33d978221e01835e64fc2b304d82facbc2e255d6a5769af8278,80,42521b63baa7f2a984750d5ecbf6773ce8b928275b8f2e11102f7d66a0276977
"(3,1,0,0)","(3,1,0,0):iso-00021",1cb25b9e115bb33d978221e01835e64fc2b304d82facbc2e255d6a5769af8278,80,5107e33f0fb9b27fceb53c3ac8f3027071f70356b2ad84f45d5d38fb5796042a
"(3,1,0,0)","(3,1,0,0):iso-00021",1cb25b9e115bb33d978221e01835e64fc2b304d82facbc2e255d6a5769af8278,80,fc9fb1e10a614ecee5478d469f57e2a3835d60b9733a7cdbd5409052c9ab6ea2
"(3,1,0,0)","(3,1,0,0):iso-00021",1cb25b9e115bb33d978221e01835e64fc2b304d82facbc2e255d6a5769af8278,80,428effd282143020f443a72977aa416f44cdf286ff36c89ed68de8d3aebba31d
"(3,1,0,0)","(3,1,0,0):iso-00021",1cb25b9e115bb33d978221e01835e64fc2b304d82facbc2e255d6a5769af8278,80,1f90d739b23ee0fce25a8dc34a658f620d360b6b855e2f0e76bab4c7313ed2b9
"(3,1,0,0)","(3,1,0,0):iso-00021",1cb25b9e115bb33d978221e01835e64fc2b304d82facbc2e255d6a5769af8278,80,05b94b638deed6abfcbfd16a937681cb177fe68e8e513fe5ab2e81016a6a85a9
"(3,1,0,0)","(3,1,0,0):iso-00021",1cb25b9e115bb33d978221e01835e64fc2b304d82facbc2e255d6a5769af8278,80,5d3923f5b2d82ce6d39fb9439a7be2d04ab86a04dba91a99b004e6b5a420b4e8
"(3,1,0,0)","(3,1,0,0):iso-00021",1cb25b9e115bb33d978221e01835e64fc2b304d82facbc2e255d6a5769af8278,80,1b8319af8ec8cdecc2acba7f67dcbafc00f9813baee1a9fd269a1442c9438fb7
"(3,1,0,0)","(3,1,0,0):iso-00021",1cb25b9e115bb33d978221e01835e64fc2b304d82facbc2e255d6a5769af8278,80,7bb1b84b8e5852daf43a3f287cdd48bd33836d1fa395cba5d3a7a18ce506f0b0
"(3,1,0,0)","(3,1,0,0):iso-00021",1cb25b9e115bb33d978221e01835e64fc2b304d82facbc2e255d6a5769af8278,80,bbeec4e2d0b8d8f825eef59e69fd08746cc38e3283e4da17be4547d20124f356
"(3,1,0,0)","(3,1,0,0):iso-00021",1cb25b9e115bb33d978221e01835e64fc2b304d82facbc2e255d6a5769af8278,80,b2d6f03de8d1220fff3e8c8a361292adb0b843a1fd65e2f350d4e2a0280d391a
"(3,1,0,0)","(3,1,0,0):iso-00021",1cb25b9e115bb33d978221e01835e64fc2b304d82facbc2e255d6a5769af8278,80,4e30c5cdc37982d449dc359f91d33aa856a096feb9fdc68e0bd78dc7060c156c
"(3,1,0,0)","(3,1,0,0):iso-00021",1cb25b9e115bb33d978221e01835e64fc2b304d82facbc2e255d6a5769af8278,80,55c2a0c5b94484719e4919237b3ab3d5a2aa1d854ed67cdee76b4b16a7dc4af9
"(3,1,0,0)","(3,1,0,0):iso-00021",1cb25b9e115bb33d978221e01835e64fc2b304d82facbc2e255d6a5769af8278,80,c9b3e466fb14d892eed3d0c12e9330d65fe1ab180577079f838160cf0344dbb3
"(3,1,0,0)","(3,1,0,0):iso-00021",1cb25b9e115bb33d978221e01835e64fc2b304d82facbc2e255d6a5769af8278,80,ce0abab6a1706605427f4e016ecd5ecf3ff2c9da6434ece7846a00644adbbde0
"(3,1,0,0)","(3,1,0,0):iso-00021",1cb25b9e115bb33d978221e01835e64fc2b304d82facbc2e255d6a5769af8278,80,868e2db0e4eb1e98ca5dd3e0d2e65814cb9bc0bedc9daadb5805847f70639f4c
"(3,1,0,0)","(3,1,0,0):iso-00021",1cb25b9e115bb33d978221e01835e64fc2b304d82facbc2e255d6a5769af8278,80,1159443a8d466599db969249c23eabdc5e7493f213eb50a3a8e554b24654b255
"(3,1,0,0)","(3,1,0,0):iso-00021",1cb25b9e115bb33d978221e01835e64fc2b304d82facbc2e255d6a5769af8278,80,f67ea7099293f50bec02ba27602c56280c912b33e242ae62fe158aa10379f803
"(3,1,0,0)","(3,1,0,0):iso-00021",1cb25b9e115bb33d978221e01835e64fc2b304d82facbc2e255d6a5769af8278,80,a6a5e3618dc87f1f86c3a109eade93b73c5d1d31269d244cfede00e1820ba512
"(3,1,0,0)","(3,1,0,0):iso-00021",1cb25b9e115bb33d978221e01835e64fc2b304d82facbc2e255d6a5769af8278,80,fd578775be660833a94f6aa2457d4f6364fefdc94e408dbe6a3ae82417d10922
"(3,1,0,0)","(3,1,0,0):iso-00021",1cb25b9e115bb33d978221e01835e64fc2b304d82facbc2e255d6a5769af8278,80,63cc239cb79d6ea47d6fd3e18de89a0db2d795345f613f22bbbc4b4235ee8ca5
"(3,1,0,0)","(3,1,0,0):iso-00021",1cb25b9e115bb33d978221e01835e64fc2b304d82facbc2e255d6a5769af8278,80,bce3a530f0a3fd30c8ce929a6d094201aee54e27022bb00e8d3f1a0fa078b1e9
"(3,1,0,0)","(3,1,0,0):iso-00022",7d78fc71f0091067bf800e79fca996a21d9e49ccc9fec163e5344285c26d9519,2,7d78fc71f0091067bf800e79fca996a21d9e49ccc9fec163e5344285c26d9519
"(3,1,0,0)","(3,1,0,0):iso-00022",7d78fc71f0091067bf800e79fca996a21d9e49ccc9fec163e5344285c26d9519,2,c37e960ee09123fbca042c955cb87539ef7f423a9aa244e6ef292099bcc2bfab
"(3,1,0,0)","(3,1,0,0):iso-00023",ebba8c4bf5185d1c58f4be7b185b7ec0e669082a19475c4c1983c09f2324d14b,50,ebba8c4bf5185d1c58f4be7b185b7ec0e669082a19475c4c1983c09f2324d14b
"(3,1,0,0)","(3,1,0,0):iso-00023",ebba8c4bf5185d1c58f4be7b185b7ec0e669082a19475c4c1983c09f2324d14b,50,58193d84fe36f67acef365d016cec98d3a7c7381e00c2f052f4d1d762e8af94a
"(3,1,0,0)","(3,1,0,0):iso-00023",ebba8c4bf5185d1c58f4be7b185b7ec0e669082a19475c4c1983c09f2324d14b,50,abadaf8b415429f2411aa28515658e761d573952e6e8f6e960fb213d0140f98d
"(3,1,0,0)","(3,1,0,0):iso-00023",ebba8c4bf5185d1c58f4be7b185b7ec0e669082a19475c4c1983c09f2324d14b,50,95686281a9e941755be4a90a06693b38b32d5b08147da14e95d825ca82b2bee4
"(3,1,0,0)","(3,1,0,0):iso-00023",ebba8c4bf5185d1c58f4be7b185b7ec0e669082a19475c4c1983c09f2324d14b,50,893d71bebb7e9810a3e9452fd77d8445032d33f81954d61b30a2c1db169de752
"(3,1,0,0)","(3,1,0,0):iso-00023",ebba8c4bf5185d1c58f4be7b185b7ec0e669082a19475c4c1983c09f2324d14b,50,1c73d4e15e4b6f9851298ab5cb0e60c15043d7065a01e2b13abf4ca28ba3f619
"(3,1,0,0)","(3,1,0,0):iso-00023",ebba8c4bf5185d1c58f4be7b185b7ec0e669082a19475c4c1983c09f2324d14b,50,8dcfaf0c334f40436cb06a43ad16bd0f4ac92816a4361713c033afd5cc0f383c
"(3,1,0,0)","(3,1,0,0):iso-00023",ebba8c4bf5185d1c58f4be7b185b7ec0e669082a19475c4c1983c09f2324d14b,50,77001130aa487a4fcd4f8a4c60624207f7938828927d89b87c97ad03169b5429
"(3,1,0,0)","(3,1,0,0):iso-00023",ebba8c4bf5185d1c58f4be7b185b7ec0e669082a19475c4c1983c09f2324d14b,50,4ff1baee70d3284624bf51ed7e573fa1d661e65253ebea9090f1d2b0e841afe2
"(3,1,0,0)","(3,1,0,0):iso-00023",ebba8c4bf5185d1c58f4be7b185b7ec0e669082a19475c4c1983c09f2324d14b,50,7f5ed634261c3979fbad76b8b77340bc527cf4081c6e3c8ebfd543c34b275533
"(3,1,0,0)","(3,1,0,0):iso-00023",ebba8c4bf5185d1c58f4be7b185b7ec0e669082a19475c4c1983c09f2324d14b,50,56ccd6c29d0cc027e6baf3003ac8a670673013df701ae73f391aee4bd193c9f3
"(3,1,0,0)","(3,1,0,0):iso-00023",ebba8c4bf5185d1c58f4be7b185b7ec0e669082a19475c4c1983c09f2324d14b,50,17aad07612dd7ac3885045ac348dfd605e79c13602a27f998e855603281d6c7c
"(3,1,0,0)","(3,1,0,0):iso-00023",ebba8c4bf5185d1c58f4be7b185b7ec0e669082a19475c4c1983c09f2324d14b,50,c1980ecadfd9386144f6b1de91e7e1c0118d5074b01353e623e1e76c18475c10
"(3,1,0,0)","(3,1,0,0):iso-00023",ebba8c4bf5185d1c58f4be7b185b7ec0e669082a19475c4c1983c09f2324d14b,50,f11dad6aeca9e5eaa7c8196fcaa362aee926ea366eadf497476dd90e6afea043
"(3,1,0,0)","(3,1,0,0):iso-00023",ebba8c4bf5185d1c58f4be7b185b7ec0e669082a19475c4c1983c09f2324d14b,50,85b4ef8547c3f563ef94e10320ae0f0a2dcad2717b38437af63bd99dee37d7f0
"(3,1,0,0)","(3,1,0,0):iso-00023",ebba8c4bf5185d1c58f4be7b185b7ec0e669082a19475c4c1983c09f2324d14b,50,628fae415d46f97345c574974a135ccb715e66d3b803a4c2a7ce8dafe8f440b2
"(3,1,0,0)","(3,1,0,0):iso-00023",ebba8c4bf5185d1c58f4be7b185b7ec0e669082a19475c4c1983c09f2324d14b,50,95de203861c918ce4e6211c257339d5897895730ea9f167ee638373dc8c4eb5e
"(3,1,0,0)","(3,1,0,0):iso-00023",ebba8c4bf5185d1c58f4be7b185b7ec0e669082a19475c4c1983c09f2324d14b,50,5e6b2668f54ff4bea0a1c5e57f982c968e078df9e35a5350540157999861cf2b
"(3,1,0,0)","(3,1,0,0):iso-00023",ebba8c4bf5185d1c58f4be7b185b7ec0e669082a19475c4c1983c09f2324d14b,50,6e9903d7b6a36cb28bc4249ab8d99ee9b6703a121c9041523e467b6e06900c03
"(3,1,0,0)","(3,1,0,0):iso-00023",ebba8c4bf5185d1c58f4be7b185b7ec0e669082a19475c4c1983c09f2324d14b,50,0db118990057dded2dd11c1db029d447b77fc1b66d32b11e00a86b80070e3b02
"(3,1,0,0)","(3,1,0,0):iso-00023",ebba8c4bf5185d1c58f4be7b185b7ec0e669082a19475c4c1983c09f2324d14b,50,4abc388f964d170736519ab0b71d326fb6b709f5dfb82f6362fbba21735b16fd
"(3,1,0,0)","(3,1,0,0):iso-00023",ebba8c4bf5185d1c58f4be7b185b7ec0e669082a19475c4c1983c09f2324d14b,50,e181f91a706ce92e890a1bdf8187a4114fc3ef2c3db4029bdcc67595f8cee661
"(3,1,0,0)","(3,1,0,0):iso-00023",ebba8c4bf5185d1c58f4be7b185b7ec0e669082a19475c4c1983c09f2324d14b,50,d955bfddc140edb8811301d35b325166b797d898701d27bce943affd1ac70b38
"(3,1,0,0)","(3,1,0,0):iso-00023",ebba8c4bf5185d1c58f4be7b185b7ec0e669082a19475c4c1983c09f2324d14b,50,263770bc6e33740c2294fb69bb01ebdd213eb4f28491def3766857fcfb7f8991
"(3,1,0,0)","(3,1,0,0):iso-00023",ebba8c4bf5185d1c58f4be7b185b7ec0e669082a19475c4c1983c09f2324d14b,50,52bb1f5b67910275596ceb2af5aaae344f243231bb8b9818c1c4a69af732c7bd
"(3,1,0,0)","(3,1,0,0):iso-00023",ebba8c4bf5185d1c58f4be7b185b7ec0e669082a19475c4c1983c09f2324d14b,50,8d59ead1ad2b166cf275caec36c96a009de5574cbefbea8b715ab462fbd1598b
"(3,1,0,0)","(3,1,0,0):iso-00023",ebba8c4bf5185d1c58f4be7b185b7ec0e669082a19475c4c1983c09f2324d14b,50,b1ac754c21c90d4f77e5fee2b0ed48b094e56bb0f8ab962b2e87ea75b25f3f09
"(3,1,0,0)","(3,1,0,0):iso-00023",ebba8c4bf5185d1c58f4be7b185b7ec0e669082a19475c4c1983c09f2324d14b,50,8207debf2aab9fb3cd545d6c273bf9425e51efd50e0efffe378a8243edb62298
"(3,1,0,0)","(3,1,0,0):iso-00023",ebba8c4bf5185d1c58f4be7b185b7ec0e669082a19475c4c1983c09f2324d14b,50,6d76dafe89a57aade48453313d1c8de1f27b48bef67ca5c6c4bae6af3833ce47
"(3,1,0,0)","(3,1,0,0):iso-00023",ebba8c4bf5185d1c58f4be7b185b7ec0e669082a19475c4c1983c09f2324d14b,50,223bf529a6775485de4d8ebcb27a84768fc7473c9424028aa023826d3bd7ec42
"(3,1,0,0)","(3,1,0,0):iso-00023",ebba8c4bf5185d1c58f4be7b185b7ec0e669082a19475c4c1983c09f2324d14b,50,f35fbe43da7b69657c0766c52872132dcebdea366ba87b4a812b8a14591ee250
"(3,1,0,0)","(3,1,0,0):iso-00023",ebba8c4bf5185d1c58f4be7b185b7ec0e669082a19475c4c1983c09f2324d14b,50,8676d7c7c808b6fca4359191d6b2f99e7d0e277f8bdcb73d4a49a924dd99321d
"(3,1,0,0)","(3,1,0,0):iso-00023",ebba8c4bf5185d1c58f4be7b185b7ec0e669082a19475c4c1983c09f2324d14b,50,6d5b379d9542e00eb44f76eb32d991a46361571b44d32b108501688dcf43f204
"(3,1,0,0)","(3,1,0,0):iso-00023",ebba8c4bf5185d1c58f4be7b185b7ec0e669082a19475c4c1983c09f2324d14b,50,eb111e8346cfbd64914eb65c5652b1cd9a911c93c388a453b580cb090977a52c
"(3,1,0,0)","(3,1,0,0):iso-00023",ebba8c4bf5185d1c58f4be7b185b7ec0e669082a19475c4c1983c09f2324d14b,50,fc85823ab34f73af7adb5460f0d2637633ddcb29eb5214fb2b36e9cca2e4991f
"(3,1,0,0)","(3,1,0,0):iso-00023",ebba8c4bf5185d1c58f4be7b185b7ec0e669082a19475c4c1983c09f2324d14b,50,e9ff0b4b2a2c43f201bc6b335b6b9e9fb237af2f0ef1ef8c0d6dd01d8ed0f9a0
"(3,1,0,0)","(3,1,0,0):iso-00023",ebba8c4bf5185d1c58f4be7b185b7ec0e669082a19475c4c1983c09f2324d14b,50,4427dbb455d35c4159bb8fbe5b7d253c282bf45e718d84d9a0fe58f92f175d4e
"(3,1,0,0)","(3,1,0,0):iso-00023",ebba8c4bf5185d1c58f4be7b185b7ec0e669082a19475c4c1983c09f2324d14b,50,4197e7795a6efcffd6403c4f2da67dc220c44b1380d0460981350b2b1e4b636a
"(3,1,0,0)","(3,1,0,0):iso-00023",ebba8c4bf5185d1c58f4be7b185b7ec0e669082a19475c4c1983c09f2324d14b,50,4ee82f81fad67058b5edd43bd660b5470730864ec43498a405403b6c26d2a0c4
"(3,1,0,0)","(3,1,0,0):iso-00023",ebba8c4bf5185d1c58f4be7b185b7ec0e669082a19475c4c1983c09f2324d14b,50,dedce03d55a8eb3e1333477c376533a41f99f997c9282b86c5b1f5ba6bf570d4
"(3,1,0,0)","(3,1,0,0):iso-00023",ebba8c4bf5185d1c58f4be7b185b7ec0e669082a19475c4c1983c09f2324d14b,50,609031bab3d35196ec1fe198e7469ea18a4ad45d101450610a7c57852f9d182f
"(3,1,0,0)","(3,1,0,0):iso-00023",ebba8c4bf5185d1c58f4be7b185b7ec0e669082a19475c4c1983c09f2324d14b,50,2a1517945c4b097c6579ee2c81dcf7af62486e5662aeb0f5fdcd0c45e3895b2d
"(3,1,0,0)","(3,1,0,0):iso-00023",ebba8c4bf5185d1c58f4be7b185b7ec0e669082a19475c4c1983c09f2324d14b,50,8b3fcddba60929340bd84d5c1ff601bcda5589e812f986cedcae4248e6378fb5
"(3,1,0,0)","(3,1,0,0):iso-00023",ebba8c4bf5185d1c58f4be7b185b7ec0e669082a19475c4c1983c09f2324d14b,50,092b3f3dfb8b75cbd03ae64659388d4ac277567860dd25cc8073f25f507ee3a0
"(3,1,0,0)","(3,1,0,0):iso-00023",ebba8c4bf5185d1c58f4be7b185b7ec0e669082a19475c4c1983c09f2324d14b,50,14346c0bfaa4ef5017c345bdeca42137317e980b2233757bb39564ec69ed7cdf
"(3,1,0,0)","(3,1,0,0):iso-00023",ebba8c4bf5185d1c58f4be7b185b7ec0e669082a19475c4c1983c09f2324d14b,50,7653e674b94da0312c2f3ba8b9188acbefde521c24e13c1aee4ade72c128fe1b
"(3,1,0,0)","(3,1,0,0):iso-00023",ebba8c4bf5185d1c58f4be7b185b7ec0e669082a19475c4c1983c09f2324d14b,50,ce3afe1134c1a7c5466c7bda8b54be4bbb416adcd80dab5eec07cfdfae505a9d
"(3,1,0,0)","(3,1,0,0):iso-00023",ebba8c4bf5185d1c58f4be7b185b7ec0e669082a19475c4c1983c09f2324d14b,50,feeff310b90a76d05e95d20167ee2e94392a7f60ad9bfe761a50edea0e60abaa
"(3,1,0,0)","(3,1,0,0):iso-00023",ebba8c4bf5185d1c58f4be7b185b7ec0e669082a19475c4c1983c09f2324d14b,50,cc26315bea4ea30d51571de9bb63ba06f4bbfe81e114c091eff0459b6456de3b
"(3,1,0,0)","(3,1,0,0):iso-00023",ebba8c4bf5185d1c58f4be7b185b7ec0e669082a19475c4c1983c09f2324d14b,50,f4ce1b58ba2b766087c88f654e061a0ac291506b5282a57d54c0c313121c79d7
"(3,1,0,0)","(3,1,0,0):iso-00024",07945d0bde4024f39785b0b9fb3152d6872b1949fbf327fc27281970b6e5727e,15,07945d0bde4024f39785b0b9fb3152d6872b1949fbf327fc27281970b6e5727e
"(3,1,0,0)","(3,1,0,0):iso-00024",07945d0bde4024f39785b0b9fb3152d6872b1949fbf327fc27281970b6e5727e,15,73cb0c3b0edd7bf9991220a03f5422ca56574a89a93280a9439f55811357982a
"(3,1,0,0)","(3,1,0,0):iso-00024",07945d0bde4024f39785b0b9fb3152d6872b1949fbf327fc27281970b6e5727e,15,e0be8cc3d854162081d3b20bfe4a05c13734bd4fe6587cf29b21cb332210ace6
"(3,1,0,0)","(3,1,0,0):iso-00024",07945d0bde4024f39785b0b9fb3152d6872b1949fbf327fc27281970b6e5727e,15,c0f54fa294e25f91f76d8a3c4a1b7c2c2368b22db3c37054be2bcf958d4fc4b0
"(3,1,0,0)","(3,1,0,0):iso-00024",07945d0bde4024f39785b0b9fb3152d6872b1949fbf327fc27281970b6e5727e,15,7ecc8e874dd5177d8a64c14df58b3c04b48c6344aeec4aaa717516a70473c544
"(3,1,0,0)","(3,1,0,0):iso-00024",07945d0bde4024f39785b0b9fb3152d6872b1949fbf327fc27281970b6e5727e,15,4a1335fa05514d21ccb8c51dd4773be018675743a1edbf3a4148e4404ba394d4
"(3,1,0,0)","(3,1,0,0):iso-00024",07945d0bde4024f39785b0b9fb3152d6872b1949fbf327fc27281970b6e5727e,15,530d715e3b7803a50d313db31da9579c341b61963c6affe8938d3a07c8e29d00
"(3,1,0,0)","(3,1,0,0):iso-00024",07945d0bde4024f39785b0b9fb3152d6872b1949fbf327fc27281970b6e5727e,15,3bd343f6651eddfa36f4c9429a376ee914155f37915b600aba00052d26a92fba
"(3,1,0,0)","(3,1,0,0):iso-00024",07945d0bde4024f39785b0b9fb3152d6872b1949fbf327fc27281970b6e5727e,15,07283f9d6a33c95407f166cbc64a6ca848da80511db70f2d503dae3f6c1b87de
"(3,1,0,0)","(3,1,0,0):iso-00024",07945d0bde4024f39785b0b9fb3152d6872b1949fbf327fc27281970b6e5727e,15,5d1a0b4bc696c7b0574510d56cfbdfbf82d97c424f385a5310c5d2c4253a96a5
"(3,1,0,0)","(3,1,0,0):iso-00024",07945d0bde4024f39785b0b9fb3152d6872b1949fbf327fc27281970b6e5727e,15,76b4d05837f7cbd3878cc5afaa74b1f9c865113190531b6ddca4eddccdacbef0
"(3,1,0,0)","(3,1,0,0):iso-00024",07945d0bde4024f39785b0b9fb3152d6872b1949fbf327fc27281970b6e5727e,15,2eb6c5f9e48096b880080b7ba07dec660a05ec6b8cef687e394c28a9cc2ed4b4
"(3,1,0,0)","(3,1,0,0):iso-00024",07945d0bde4024f39785b0b9fb3152d6872b1949fbf327fc27281970b6e5727e,15,9d1a625ccdd9afe3b549c38aa79eae82dde33eb7632665aaf8194c45e7ce776e
"(3,1,0,0)","(3,1,0,0):iso-00024",07945d0bde4024f39785b0b9fb3152d6872b1949fbf327fc27281970b6e5727e,15,9e992a8efa50ae328ece44e695a133bf5e52ea4563244f094b57fde4111dc946
"(3,1,0,0)","(3,1,0,0):iso-00024",07945d0bde4024f39785b0b9fb3152d6872b1949fbf327fc27281970b6e5727e,15,1218ec0cd90e7ecef472539e07dfb0bd3c7a71310eb038cdbb28e52fea8ffc58
"(3,1,0,0)","(3,1,0,0):iso-00025",2a2108cfe9086c09297451724ae8d09586293a3334c40b4852032137a287c8f9,51,2a2108cfe9086c09297451724ae8d09586293a3334c40b4852032137a287c8f9
"(3,1,0,0)","(3,1,0,0):iso-00025",2a2108cfe9086c09297451724ae8d09586293a3334c40b4852032137a287c8f9,51,4b8162023f0eb49c077162b38c80cc9a0fb581de3405f7157223d3d7b6303b1a
"(3,1,0,0)","(3,1,0,0):iso-00025",2a2108cfe9086c09297451724ae8d09586293a3334c40b4852032137a287c8f9,51,59bdc6e1efd56ee56736d9b37ed30c8d4e2fedd04db9d1f182045b87bbd17854
"(3,1,0,0)","(3,1,0,0):iso-00025",2a2108cfe9086c09297451724ae8d09586293a3334c40b4852032137a287c8f9,51,cab903a93ea9077d27071387ee346574d78e740968684c2e737bd720593bbbfa
"(3,1,0,0)","(3,1,0,0):iso-00025",2a2108cfe9086c09297451724ae8d09586293a3334c40b4852032137a287c8f9,51,c4d1b593cf8eb75092671b73546c1593f9c374fa6cb80945d242539c36cd96ad
"(3,1,0,0)","(3,1,0,0):iso-00025",2a2108cfe9086c09297451724ae8d09586293a3334c40b4852032137a287c8f9,51,4e5374ba24bfb1032c668016cf6accae258191c00f9c972ca57cad935bfcb3f0
"(3,1,0,0)","(3,1,0,0):iso-00025",2a2108cfe9086c09297451724ae8d09586293a3334c40b4852032137a287c8f9,51,1df109078d12eddd1f0d590c3a6fc0b0c53c0ccfe1f389f795893485c1d57302
"(3,1,0,0)","(3,1,0,0):iso-00025",2a2108cfe9086c09297451724ae8d09586293a3334c40b4852032137a287c8f9,51,a151095ae6bf625d3bbb7a23ac298c2c74b8efdac7eb6eadb1fa70ed5088c8de
"(3,1,0,0)","(3,1,0,0):iso-00025",2a2108cfe9086c09297451724ae8d09586293a3334c40b4852032137a287c8f9,51,f2298328c2aa569c474c960ebfc589a6e66f89e93c327c400fd30f88a13e5423
"(3,1,0,0)","(3,1,0,0):iso-00025",2a2108cfe9086c09297451724ae8d09586293a3334c40b4852032137a287c8f9,51,1614eb441d0dab24de9412ace806e908d7a201673a58530967bf406080069174
"(3,1,0,0)","(3,1,0,0):iso-00025",2a2108cfe9086c09297451724ae8d09586293a3334c40b4852032137a287c8f9,51,0e2c4808f3f0dca407590ade4c79e2ad9320d75691f7b92d2fc573410d48229d
"(3,1,0,0)","(3,1,0,0):iso-00025",2a2108cfe9086c09297451724ae8d09586293a3334c40b4852032137a287c8f9,51,7454e204ecadcf3000f3fd93ff8fe01edeb18bde3f453a9551a9f22b138eedaa
"(3,1,0,0)","(3,1,0,0):iso-00025",2a2108cfe9086c09297451724ae8d09586293a3334c40b4852032137a287c8f9,51,57ca394531f171366e32a0ff383055b22816a1be04f56f36a6defb2c29d64851
"(3,1,0,0)","(3,1,0,0):iso-00025",2a2108cfe9086c09297451724ae8d09586293a3334c40b4852032137a287c8f9,51,f83036a5797ed0acd56269634944b7f57548ce9155c1e1674ed8703dc4f282fa
"(3,1,0,0)","(3,1,0,0):iso-00025",2a2108cfe9086c09297451724ae8d09586293a3334c40b4852032137a287c8f9,51,b642eb9d4fbe0788b8aca31826368eaf4a19c8c654812d4e4dde1922f6fc79cf
"(3,1,0,0)","(3,1,0,0):iso-00025",2a2108cfe9086c09297451724ae8d09586293a3334c40b4852032137a287c8f9,51,11b1c70689b2e84db1addce6e1d8367f3fa74f9b750e7c982a3ccd7a89a4fd2f
"(3,1,0,0)","(3,1,0,0):iso-00025",2a2108cfe9086c09297451724ae8d09586293a3334c40b4852032137a287c8f9,51,3df5f48f6715751ebfc1653cf3e9375ee2ec58e4450e6fd40c7779746c3686e9
"(3,1,0,0)","(3,1,0,0):iso-00025",2a2108cfe9086c09297451724ae8d09586293a3334c40b4852032137a287c8f9,51,80e6ec663900126074ba13b1d65d8255b2b4594e0b58be4bb8e7d46d95b2f9b0
"(3,1,0,0)","(3,1,0,0):iso-00025",2a2108cfe9086c09297451724ae8d09586293a3334c40b4852032137a287c8f9,51,d3fdd7ea20469043355579cb43944017766d0d3d56a44735a0c2c07f816a827f
"(3,1,0,0)","(3,1,0,0):iso-00025",2a2108cfe9086c09297451724ae8d09586293a3334c40b4852032137a287c8f9,51,c30be15732b830604bbab999bda1f04de7ba5fb2d5176a424a7635b29a2fc902
"(3,1,0,0)","(3,1,0,0):iso-00025",2a2108cfe9086c09297451724ae8d09586293a3334c40b4852032137a287c8f9,51,22760f686c6eee61e72d0159229434de7796a3b7b54bee8273f7a14020cca84d
"(3,1,0,0)","(3,1,0,0):iso-00025",2a2108cfe9086c09297451724ae8d09586293a3334c40b4852032137a287c8f9,51,ceeda05a432fa47976d6e07611e9b7331c4a7b565312a85a85b365f46b9170c5
"(3,1,0,0)","(3,1,0,0):iso-00025",2a2108cfe9086c09297451724ae8d09586293a3334c40b4852032137a287c8f9,51,8febb5bb44a887c12cbddbbf70a35b17938635fe1cbc924dead53fb3586909d7
"(3,1,0,0)","(3,1,0,0):iso-00025",2a2108cfe9086c09297451724ae8d09586293a3334c40b4852032137a287c8f9,51,72058d837a125e82e68bcd871a4fab11e049db4930f1a64f85b9a0bf216edeea
"(3,1,0,0)","(3,1,0,0):iso-00025",2a2108cfe9086c09297451724ae8d09586293a3334c40b4852032137a287c8f9,51,f644ac9916db3168b2a6b64fc5668e8d52387967ac4baf471a870e34576b14ec
"(3,1,0,0)","(3,1,0,0):iso-00025",2a2108cfe9086c09297451724ae8d09586293a3334c40b4852032137a287c8f9,51,053581997a4b682506769f1f0e62ca1f961f63aa3228f8de4721d580ee7e7f33
"(3,1,0,0)","(3,1,0,0):iso-00025",2a2108cfe9086c09297451724ae8d09586293a3334c40b4852032137a287c8f9,51,e8493e7f01968b0a8950054fc6cfcf9ef141b313e4b49393de68bdd9bf0acd57
"(3,1,0,0)","(3,1,0,0):iso-00025",2a2108cfe9086c09297451724ae8d09586293a3334c40b4852032137a287c8f9,51,889beb07647c7bb030193ea7cab5e0c374ca51c979534de1ea8a45c594e12552
"(3,1,0,0)","(3,1,0,0):iso-00025",2a2108cfe9086c09297451724ae8d09586293a3334c40b4852032137a287c8f9,51,f1a7e9ba15d2f1754839606fb6aa14992204208def91fa869380bc0629d2817b
"(3,1,0,0)","(3,1,0,0):iso-00025",2a2108cfe9086c09297451724ae8d09586293a3334c40b4852032137a287c8f9,51,513d62cb842cea8ea84481b44281b299d3341453e867c58f1f715d24fbf6e057
"(3,1,0,0)","(3,1,0,0):iso-00025",2a2108cfe9086c09297451724ae8d09586293a3334c40b4852032137a287c8f9,51,958a871c8bafe341a8377b531369b2b4c70326cf2028a6c7508ed1c450bca56b
"(3,1,0,0)","(3,1,0,0):iso-00025",2a2108cfe9086c09297451724ae8d09586293a3334c40b4852032137a287c8f9,51,d6bac70e1354917a560f93278f03d36d96331c5409051444157024c3b3ba5600
"(3,1,0,0)","(3,1,0,0):iso-00025",2a2108cfe9086c09297451724ae8d09586293a3334c40b4852032137a287c8f9,51,b02e8cb7577b25b57a0ab1969d94cb06f88886e5476045e4626f180ef3b5a5c2
"(3,1,0,0)","(3,1,0,0):iso-00025",2a2108cfe9086c09297451724ae8d09586293a3334c40b4852032137a287c8f9,51,21cc3ab0d60ab1de204313fce6743d7fbc351657a9e6efb743bdbc584e96ccd0
"(3,1,0,0)","(3,1,0,0):iso-00025",2a2108cfe9086c09297451724ae8d09586293a3334c40b4852032137a287c8f9,51,8a1fffa961024793c618e589f93d843298638bc78a6947846034a96446f02664
"(3,1,0,0)","(3,1,0,0):iso-00025",2a2108cfe9086c09297451724ae8d09586293a3334c40b4852032137a287c8f9,51,00bd7e7d81828c0ec3a9553348332bb017e584f6cd3fe3432de8673cea8039d6
"(3,1,0,0)","(3,1,0,0):iso-00025",2a2108cfe9086c09297451724ae8d09586293a3334c40b4852032137a287c8f9,51,6753835e2d96be716bbf24570173477a87aa4e038bf455f821a17818045b3fd3
"(3,1,0,0)","(3,1,0,0):iso-00025",2a2108cfe9086c09297451724ae8d09586293a3334c40b4852032137a287c8f9,51,308bc2c3e4e1da6acdd30614479ad62d5b08ad87eca3bc04391024a071641e3b
"(3,1,0,0)","(3,1,0,0):iso-00025",2a2108cfe9086c09297451724ae8d09586293a3334c40b4852032137a287c8f9,51,db4816e5b6de7459b343a15c97b41a92d52475a33fe287980f255d33ced19fb9
"(3,1,0,0)","(3,1,0,0):iso-00025",2a2108cfe9086c09297451724ae8d09586293a3334c40b4852032137a287c8f9,51,5b98293425e0213239172a81c66ff764f6fd821eac73b994356d513a905f1bb2
"(3,1,0,0)","(3,1,0,0):iso-00025",2a2108cfe9086c09297451724ae8d09586293a3334c40b4852032137a287c8f9,51,b1099956fbb417ffc5532665ad6478a04b2b9928b6771b356b88f710a978870c
"(3,1,0,0)","(3,1,0,0):iso-00025",2a2108cfe9086c09297451724ae8d09586293a3334c40b4852032137a287c8f9,51,2d5c60f68631285f1e1ed646a441852df27ae8977d6e8bf0a6741ea1c4044ddb
"(3,1,0,0)","(3,1,0,0):iso-00025",2a2108cfe9086c09297451724ae8d09586293a3334c40b4852032137a287c8f9,51,2d72aacf725ebdea14c3ff375a3291e5cbb3503a194570fabe5f13452923de2c
"(3,1,0,0)","(3,1,0,0):iso-00025",2a2108cfe9086c09297451724ae8d09586293a3334c40b4852032137a287c8f9,51,ebee234d82f1ec5f9d4ec582f31a19de143b0a1212136ee4a2b682d808145c71
"(3,1,0,0)","(3,1,0,0):iso-00025",2a2108cfe9086c09297451724ae8d09586293a3334c40b4852032137a287c8f9,51,12d6b44ee38f479af4443fd3fb4238fc974a0f75ee5feb070183e9d545fda031
"(3,1,0,0)","(3,1,0,0):iso-00025",2a2108cfe9086c09297451724ae8d09586293a3334c40b4852032137a287c8f9,51,b0bc45a48b042f6e7269b82bbb20d001f55855e5ed7541bf684064b51866a661
"(3,1,0,0)","(3,1,0,0):iso-00025",2a2108cfe9086c09297451724ae8d09586293a3334c40b4852032137a287c8f9,51,4740a4a021a198a2552b8d45d0271b0211c86c38fdb4983a4a8229d5f366bf12
"(3,1,0,0)","(3,1,0,0):iso-00025",2a2108cfe9086c09297451724ae8d09586293a3334c40b4852032137a287c8f9,51,52d46827235fdb59b23be6187ad44c96092cde7a92596e4f7b25641e9edcd535
"(3,1,0,0)","(3,1,0,0):iso-00025",2a2108cfe9086c09297451724ae8d09586293a3334c40b4852032137a287c8f9,51,2dd5500c11a821629c88fc4f7ab8363f0a160dfc1fea3bf0138ce407ef8cf725
"(3,1,0,0)","(3,1,0,0):iso-00025",2a2108cfe9086c09297451724ae8d09586293a3334c40b4852032137a287c8f9,51,178ae9a9c54d35b773b73daa9e1fded428779744ebefca9492dac6dbe317ce29
"(3,1,0,0)","(3,1,0,0):iso-00025",2a2108cfe9086c09297451724ae8d09586293a3334c40b4852032137a287c8f9,51,39390138d95cfb71374e965fe747a8cdfdb50ba1977475d36696a926bdcc69db
"(3,1,0,0)","(3,1,0,0):iso-00026",c84c5c13fd535ef1ce7be0983243fb1211676f323dc154adb70842eaeac7c217,3,c84c5c13fd535ef1ce7be0983243fb1211676f323dc154adb70842eaeac7c217
"(3,1,0,0)","(3,1,0,0):iso-00026",c84c5c13fd535ef1ce7be0983243fb1211676f323dc154adb70842eaeac7c217,3,1cf32e0b927a02a5f076e3b5e7682f7f399cfbc41738e2838bffc0cbeface15f
"(3,1,0,0)","(3,1,0,0):iso-00026",c84c5c13fd535ef1ce7be0983243fb1211676f323dc154adb70842eaeac7c217,3,e25cae83a924c6bf975ddbe062db18ff1bee9939555aebd21ac99fa6b276145d
"(3,1,0,0)","(3,1,0,0):iso-00027",8943b6f53230894170be7d3e9d515428864d62b7d93e073ae5bb9f36504b5b4a,29,8943b6f53230894170be7d3e9d515428864d62b7d93e073ae5bb9f36504b5b4a
"(3,1,0,0)","(3,1,0,0):iso-00027",8943b6f53230894170be7d3e9d515428864d62b7d93e073ae5bb9f36504b5b4a,29,b94700381abf2ac14aa0711ce2ad79fadcb87474fb7eaeff7075d2dfd3916c2a
"(3,1,0,0)","(3,1,0,0):iso-00027",8943b6f53230894170be7d3e9d515428864d62b7d93e073ae5bb9f36504b5b4a,29,6763d2e0638d590277afb5b22077313739a0ea8c2b754bcd86368b328d72aa50
"(3,1,0,0)","(3,1,0,0):iso-00027",8943b6f53230894170be7d3e9d515428864d62b7d93e073ae5bb9f36504b5b4a,29,424d54b83f5f5debe95c4011166a5c8a9fd1ca4fc62f50f676067767bd2fa372
"(3,1,0,0)","(3,1,0,0):iso-00027",8943b6f53230894170be7d3e9d515428864d62b7d93e073ae5bb9f36504b5b4a,29,31460bba2ff013f860c407e43b114d93937052ad928b8ab0472db51af6dd98f4
"(3,1,0,0)","(3,1,0,0):iso-00027",8943b6f53230894170be7d3e9d515428864d62b7d93e073ae5bb9f36504b5b4a,29,da0360a1ca94f54c8df53973b71dbc2401ebe035352c375d036eb144bd492807
"(3,1,0,0)","(3,1,0,0):iso-00027",8943b6f53230894170be7d3e9d515428864d62b7d93e073ae5bb9f36504b5b4a,29,6377ca0d44470a020bdc0df65447f2ee15a9a39b50578e8168bdf791c40fd12d
"(3,1,0,0)","(3,1,0,0):iso-00027",8943b6f53230894170be7d3e9d515428864d62b7d93e073ae5bb9f36504b5b4a,29,071cc93e5cd76396146ca08b59e37655f518a5c8c329cc890f5a7a550d122f9b
"(3,1,0,0)","(3,1,0,0):iso-00027",8943b6f53230894170be7d3e9d515428864d62b7d93e073ae5bb9f36504b5b4a,29,c1b458c7dd70af2727571448c757d3dfb4677555fefd482f977342545a45142e
"(3,1,0,0)","(3,1,0,0):iso-00027",8943b6f53230894170be7d3e9d515428864d62b7d93e073ae5bb9f36504b5b4a,29,e2928c43aa682f6103c425d7d1c113318aed19fcc10a8f3024983e93af427dab
"(3,1,0,0)","(3,1,0,0):iso-00027",8943b6f53230894170be7d3e9d515428864d62b7d93e073ae5bb9f36504b5b4a,29,6af89aecb7082be738591db94d51c292a1aa6cab130988a3abe4f10759b60428
"(3,1,0,0)","(3,1,0,0):iso-00027",8943b6f53230894170be7d3e9d515428864d62b7d93e073ae5bb9f36504b5b4a,29,03f1bc30b9fccac7bed175b2510e537576b11b5f76234ffbee27029ffc76bf6f
"(3,1,0,0)","(3,1,0,0):iso-00027",8943b6f53230894170be7d3e9d515428864d62b7d93e073ae5bb9f36504b5b4a,29,16e7ecbc4bf96ba3532512da16646dfcb5a38156845ead5e7eb806981bbd1ea0
"(3,1,0,0)","(3,1,0,0):iso-00027",8943b6f53230894170be7d3e9d515428864d62b7d93e073ae5bb9f36504b5b4a,29,fbb7c40f4179aef342b7922da57d1c092e3291b6eb9a5b7cf90d824223946faa
"(3,1,0,0)","(3,1,0,0):iso-00027",8943b6f53230894170be7d3e9d515428864d62b7d93e073ae5bb9f36504b5b4a,29,60882cfd3fc2a9909611d7fa929bc02e331f80021a7cd1e6e1fa9d2687d0d334
"(3,1,0,0)","(3,1,0,0):iso-00027",8943b6f53230894170be7d3e9d515428864d62b7d93e073ae5bb9f36504b5b4a,29,e1dfd4b7f1a5a4bae0881ff7cd90bdc81fab7ed109a06d6816f59acbef12093d
"(3,1,0,0)","(3,1,0,0):iso-00027",8943b6f53230894170be7d3e9d515428864d62b7d93e073ae5bb9f36504b5b4a,29,300ed3acd3cc971413309d6053fde81709de1aa24e04832ba9eb5f3b9abead7f
"(3,1,0,0)","(3,1,0,0):iso-00027",8943b6f53230894170be7d3e9d515428864d62b7d93e073ae5bb9f36504b5b4a,29,d1e939fe721fb663759309a70764be48efa2eab1fa5d1f355964dc96f48a179d
"(3,1,0,0)","(3,1,0,0):iso-00027",8943b6f53230894170be7d3e9d515428864d62b7d93e073ae5bb9f36504b5b4a,29,20be0a230638aa54e259a6a18221cd35790c9024dbd78197e956d95996ce0712
"(3,1,0,0)","(3,1,0,0):iso-00027",8943b6f53230894170be7d3e9d515428864d62b7d93e073ae5bb9f36504b5b4a,29,01931c1119bf3eb7fd09ffd9aeb79ae7467a8b866d831588c37abe5a168bc8a3
"(3,1,0,0)","(3,1,0,0):iso-00027",8943b6f53230894170be7d3e9d515428864d62b7d93e073ae5bb9f36504b5b4a,29,ae70e635e939ec8dd77dcb040d67d1cf0d08418321a4923ca18e489c6dc7c3ea
"(3,1,0,0)","(3,1,0,0):iso-00027",8943b6f53230894170be7d3e9d515428864d62b7d93e073ae5bb9f36504b5b4a,29,99ea5d587b2958df273cf870151b13bb1235eff8da7e49fed1b65d6a1ee9126d
"(3,1,0,0)","(3,1,0,0):iso-00027",8943b6f53230894170be7d3e9d515428864d62b7d93e073ae5bb9f36504b5b4a,29,b771986cceffd04a7c96dcb0751dc6c003b7cae22a334ab3b9e1df148841ea20
"(3,1,0,0)","(3,1,0,0):iso-00027",8943b6f53230894170be7d3e9d515428864d62b7d93e073ae5bb9f36504b5b4a,29,22367eaa6365b4b9aa645d678ded473402f9b01216c2563c1556a2103793b8b9
"(3,1,0,0)","(3,1,0,0):iso-00027",8943b6f53230894170be7d3e9d515428864d62b7d93e073ae5bb9f36504b5b4a,29,8123c97144f61f279a1d9361d6a2bbd6f30c434173e6dc74682f2423e30b13ab
"(3,1,0,0)","(3,1,0,0):iso-00027",8943b6f53230894170be7d3e9d515428864d62b7d93e073ae5bb9f36504b5b4a,29,af7c5056d32d6e12cb0d78fa72beebbe6ee9e6124873568a8e7827d42ce50112
"(3,1,0,0)","(3,1,0,0):iso-00027",8943b6f53230894170be7d3e9d515428864d62b7d93e073ae5bb9f36504b5b4a,29,36eb09d9b5febb8432f012d2ca2a500cce0138561fde1540fda225b2343cf6be
"(3,1,0,0)","(3,1,0,0):iso-00027",8943b6f53230894170be7d3e9d515428864d62b7d93e073ae5bb9f36504b5b4a,29,62ddac532bf9c3590b69e332eac3d3a8c0904229835284a0f478e8431e8fb19e
"(3,1,0,0)","(3,1,0,0):iso-00027",8943b6f53230894170be7d3e9d515428864d62b7d93e073ae5bb9f36504b5b4a,29,50e916a94595bb1fe48f599b92e06108bf4b3952bd66bda3fceac00928cfec96
"(3,1,0,0)","(3,1,0,0):iso-00028",4e4dd5e0fe7b2834f77a19719281c208c09f3892470c898a4f5ade40b021028d,94,4e4dd5e0fe7b2834f77a19719281c208c09f3892470c898a4f5ade40b021028d
"(3,1,0,0)","(3,1,0,0):iso-00028",4e4dd5e0fe7b2834f77a19719281c208c09f3892470c898a4f5ade40b021028d,94,f9786643cd743a1da763692a2babcd01525829c480bd15c17fcfcafb1a33a46f
"(3,1,0,0)","(3,1,0,0):iso-00028",4e4dd5e0fe7b2834f77a19719281c208c09f3892470c898a4f5ade40b021028d,94,49e5deee5b83fe8782e46678b81749b1c4696142d994dcc45c248bd8f64ae11d
"(3,1,0,0)","(3,1,0,0):iso-00028",4e4dd5e0fe7b2834f77a19719281c208c09f3892470c898a4f5ade40b021028d,94,e7213b8545ae456e3f871f65edf83d49952d9ca2bce39e65b6a62c77c61bf31b
"(3,1,0,0)","(3,1,0,0):iso-00028",4e4dd5e0fe7b2834f77a19719281c208c09f3892470c898a4f5ade40b021028d,94,25d83d455cdf8cd6f507f2b3f0d648372de2168e813ca321e9a5dbccbda8acf7
"(3,1,0,0)","(3,1,0,0):iso-00028",4e4dd5e0fe7b2834f77a19719281c208c09f3892470c898a4f5ade40b021028d,94,f2718bb864a86cebef32ef47097f176f5d0f0e7e6a3d9d0c2e2094594cde4d3b
"(3,1,0,0)","(3,1,0,0):iso-00028",4e4dd5e0fe7b2834f77a19719281c208c09f3892470c898a4f5ade40b021028d,94,741f74b40f6ae8bf003cf0cce4ae644e191c33dab57d907b88274bbb333c75b8
"(3,1,0,0)","(3,1,0,0):iso-00028",4e4dd5e0fe7b2834f77a19719281c208c09f3892470c898a4f5ade40b021028d,94,ccdc2f2b32f4ad8a1807db836b89ad46a9e24527205340772a6f96046cb2c0d6
"(3,1,0,0)","(3,1,0,0):iso-00028",4e4dd5e0fe7b2834f77a19719281c208c09f3892470c898a4f5ade40b021028d,94,3f5694d1046899b739c9d9c0263c73f3fd08b17a8f8c56b7eef32759a6fe7303
"(3,1,0,0)","(3,1,0,0):iso-00028",4e4dd5e0fe7b2834f77a19719281c208c09f3892470c898a4f5ade40b021028d,94,852dbf8f78149cb935bd72ebcca758fe1d9548257a3e7f55f41f179dee236142
"(3,1,0,0)","(3,1,0,0):iso-00028",4e4dd5e0fe7b2834f77a19719281c208c09f3892470c898a4f5ade40b021028d,94,7fd801af62d8ac8e365641cb291afc637c43554233f93d78b3b18dd666339150
"(3,1,0,0)","(3,1,0,0):iso-00028",4e4dd5e0fe7b2834f77a19719281c208c09f3892470c898a4f5ade40b021028d,94,1c1e3b98dc75305ec6f18ddbd90b088dd880e7ad21d462ff49e9040fea52cc86
"(3,1,0,0)","(3,1,0,0):iso-00028",4e4dd5e0fe7b2834f77a19719281c208c09f3892470c898a4f5ade40b021028d,94,1096cf6c63922e52605c77d9d5a060d6acde86f26276487f7c151334a0aa1902
"(3,1,0,0)","(3,1,0,0):iso-00028",4e4dd5e0fe7b2834f77a19719281c208c09f3892470c898a4f5ade40b021028d,94,f8ec72603d243562502027910f706de1df77420f4e5980681479ecc8f25066bf
"(3,1,0,0)","(3,1,0,0):iso-00028",4e4dd5e0fe7b2834f77a19719281c208c09f3892470c898a4f5ade40b021028d,94,0635286387130d5d99059885fd045cc7f4fae0ebd51533177442f6ca5c0be15b
"(3,1,0,0)","(3,1,0,0):iso-00028",4e4dd5e0fe7b2834f77a19719281c208c09f3892470c898a4f5ade40b021028d,94,388cc3ede28bda7479a16493820ca0ea4d78d6f8f99c2fbb17e251709ed3744a
"(3,1,0,0)","(3,1,0,0):iso-00028",4e4dd5e0fe7b2834f77a19719281c208c09f3892470c898a4f5ade40b021028d,94,9204c1c13aaf117f0ec23cf1c22dc15adc5423fd205e65ee6c5d404ff5ef72da
"(3,1,0,0)","(3,1,0,0):iso-00028",4e4dd5e0fe7b2834f77a19719281c208c09f3892470c898a4f5ade40b021028d,94,15591b28b2374836efaae46d3af1532c38e7d4d9f629b74de7daae822dfbb65a
"(3,1,0,0)","(3,1,0,0):iso-00028",4e4dd5e0fe7b2834f77a19719281c208c09f3892470c898a4f5ade40b021028d,94,9d07b6ea61ddac793c3801a7e9013b019fb9c8928a458679de68312b861df9e8
"(3,1,0,0)","(3,1,0,0):iso-00028",4e4dd5e0fe7b2834f77a19719281c208c09f3892470c898a4f5ade40b021028d,94,750e544bcbed02470118c9a65ef8e064c2457845e9b501a64b0c2eac8dd83278
"(3,1,0,0)","(3,1,0,0):iso-00028",4e4dd5e0fe7b2834f77a19719281c208c09f3892470c898a4f5ade40b021028d,94,66a6d8af8efb64c09be69c48abeff217fab6f2afc1f0a4dd5039c96a50d8d3f1
"(3,1,0,0)","(3,1,0,0):iso-00028",4e4dd5e0fe7b2834f77a19719281c208c09f3892470c898a4f5ade40b021028d,94,9abe3a38b8093c28cad331d248b373ca3d367d9d0c0552989f361ffa34a83919
"(3,1,0,0)","(3,1,0,0):iso-00028",4e4dd5e0fe7b2834f77a19719281c208c09f3892470c898a4f5ade40b021028d,94,2641c45855ec93f4263767202508e5ec3c483814c3c7e22d99aca0c8f8b21b2a
"(3,1,0,0)","(3,1,0,0):iso-00028",4e4dd5e0fe7b2834f77a19719281c208c09f3892470c898a4f5ade40b021028d,94,eec788a9b111838fb1c4887034cc036c914bd7882eb3206273aaaf2256af8fd3
"(3,1,0,0)","(3,1,0,0):iso-00028",4e4dd5e0fe7b2834f77a19719281c208c09f3892470c898a4f5ade40b021028d,94,4683ec949123807954f3acb354ecbc06e0ec8a1cbc0f1e2126016284645cb924
"(3,1,0,0)","(3,1,0,0):iso-00028",4e4dd5e0fe7b2834f77a19719281c208c09f3892470c898a4f5ade40b021028d,94,41c8fef77e641d76e93492c5f7d49929a21a81a72828a3ed8eb3e3bd3814ce08
"(3,1,0,0)","(3,1,0,0):iso-00028",4e4dd5e0fe7b2834f77a19719281c208c09f3892470c898a4f5ade40b021028d,94,aa90dbe17a2618c6eb3b7f000cdcc60d47e24e87ec5c9708fa195ff3f217609b
"(3,1,0,0)","(3,1,0,0):iso-00028",4e4dd5e0fe7b2834f77a19719281c208c09f3892470c898a4f5ade40b021028d,94,bbcc41c3d220591c7b1efa1da632b4854382cb640f7cd01f91f4a4a4eeb956ee
"(3,1,0,0)","(3,1,0,0):iso-00028",4e4dd5e0fe7b2834f77a19719281c208c09f3892470c898a4f5ade40b021028d,94,834565ebefbcf850b879de428b39b1138782e13d93452fb4945518d679235df7
"(3,1,0,0)","(3,1,0,0):iso-00028",4e4dd5e0fe7b2834f77a19719281c208c09f3892470c898a4f5ade40b021028d,94,4a9273ff9e45de43b9226e70603227820c610a90c0ba0fc0e635f32d470de266
"(3,1,0,0)","(3,1,0,0):iso-00028",4e4dd5e0fe7b2834f77a19719281c208c09f3892470c898a4f5ade40b021028d,94,8a0a1a09552b14b5e7887a235761b652e2e43661421d9fe1391d638605e5cfc9
"(3,1,0,0)","(3,1,0,0):iso-00028",4e4dd5e0fe7b2834f77a19719281c208c09f3892470c898a4f5ade40b021028d,94,ceceaa33a3a8152ec9327bb2494160d9e2fffc7ad7e1c1d00fcde98c862690d1
"(3,1,0,0)","(3,1,0,0):iso-00028",4e4dd5e0fe7b2834f77a19719281c208c09f3892470c898a4f5ade40b021028d,94,10f92063199bfdf1e140e318a5e7716a0bd5d3e281f9ba8ae17c99dea0ba6443
"(3,1,0,0)","(3,1,0,0):iso-00028",4e4dd5e0fe7b2834f77a19719281c208c09f3892470c898a4f5ade40b021028d,94,b200dbc9854691b7b69c21abb9da9d681bf8b7bfad55a7ef24924a70346af721
"(3,1,0,0)","(3,1,0,0):iso-00028",4e4dd5e0fe7b2834f77a19719281c208c09f3892470c898a4f5ade40b021028d,94,b9eff447632566fa93b1ce876d26468699210aca8d1555f767915ba15814ef65
"(3,1,0,0)","(3,1,0,0):iso-00028",4e4dd5e0fe7b2834f77a19719281c208c09f3892470c898a4f5ade40b021028d,94,7351028c102a528f88128739104c49385d151570eb2bd420b658bbefb6bd2755
"(3,1,0,0)","(3,1,0,0):iso-00028",4e4dd5e0fe7b2834f77a19719281c208c09f3892470c898a4f5ade40b021028d,94,1ef371b5d4f6c3eb2189eb3ad865ed8586a5d614b31266cf35c0f51814b7a31d
"(3,1,0,0)","(3,1,0,0):iso-00028",4e4dd5e0fe7b2834f77a19719281c208c09f3892470c898a4f5ade40b021028d,94,d1f0641807d90afac18723fd79a8c61d436b6eabca3f17e437349cc7cabaf6ac
"(3,1,0,0)","(3,1,0,0):iso-00028",4e4dd5e0fe7b2834f77a19719281c208c09f3892470c898a4f5ade40b021028d,94,5dca618b146222be0df605c406a2bdab43b0d724dbcdabdce3262ebd51b7e9b7
"(3,1,0,0)","(3,1,0,0):iso-00028",4e4dd5e0fe7b2834f77a19719281c208c09f3892470c898a4f5ade40b021028d,94,02cefc6d5cafb62890a0538d010a44b50955654fbe335ec84e4262d1c7566a65
"(3,1,0,0)","(3,1,0,0):iso-00028",4e4dd5e0fe7b2834f77a19719281c208c09f3892470c898a4f5ade40b021028d,94,903bc0e60ebc5927c3c1c39cdb307193ed94477600d1d7cea61fcac3edae564b
"(3,1,0,0)","(3,1,0,0):iso-00028",4e4dd5e0fe7b2834f77a19719281c208c09f3892470c898a4f5ade40b021028d,94,a7dd06208d94021e957d88edf42035b34337a4b7b9bca768df4832c2eff9be33
"(3,1,0,0)","(3,1,0,0):iso-00028",4e4dd5e0fe7b2834f77a19719281c208c09f3892470c898a4f5ade40b021028d,94,8b2faf496035314284ea06e4edaa544ab43a0c53ac530f4eff07a8299b2ab127
"(3,1,0,0)","(3,1,0,0):iso-00028",4e4dd5e0fe7b2834f77a19719281c208c09f3892470c898a4f5ade40b021028d,94,58731c6366779ffbf3b67b26177ea7e4b8165cc1340b743450efd056b05e445b
"(3,1,0,0)","(3,1,0,0):iso-00028",4e4dd5e0fe7b2834f77a19719281c208c09f3892470c898a4f5ade40b021028d,94,abe780421f6831735f29ef05e0db7bab3ea58ddf1ba5ab6e6133ffc968f2d8b2
"(3,1,0,0)","(3,1,0,0):iso-00028",4e4dd5e0fe7b2834f77a19719281c208c09f3892470c898a4f5ade40b021028d,94,d7642c23a9163a758ee4e200d10020169b1db13b07185f7c64891bcd51b7a1ed
"(3,1,0,0)","(3,1,0,0):iso-00028",4e4dd5e0fe7b2834f77a19719281c208c09f3892470c898a4f5ade40b021028d,94,cecb1e317451705d4d7dbb9d035516f3a2648ae627fc6382e36105ef6b5336a9
"(3,1,0,0)","(3,1,0,0):iso-00028",4e4dd5e0fe7b2834f77a19719281c208c09f3892470c898a4f5ade40b021028d,94,8b8f26317850d6a6c7ebf9c0094fa85b17cdc76bdc1176cefdef4fea804846b2
"(3,1,0,0)","(3,1,0,0):iso-00028",4e4dd5e0fe7b2834f77a19719281c208c09f3892470c898a4f5ade40b021028d,94,71345a5b1c1409aeadd8b99b7f29defd91b26c9d4d49e3e7e05e88378d7a6bb1
"(3,1,0,0)","(3,1,0,0):iso-00028",4e4dd5e0fe7b2834f77a19719281c208c09f3892470c898a4f5ade40b021028d,94,e2de1ec652a37a6c51336b72177526479787808a7b65942bb94b96f9c1dda523
"(3,1,0,0)","(3,1,0,0):iso-00028",4e4dd5e0fe7b2834f77a19719281c208c09f3892470c898a4f5ade40b021028d,94,fb08d872f0ec71a9956b73a61ecbabaf64076947e260c8ee539787413fea004e
"(3,1,0,0)","(3,1,0,0):iso-00028",4e4dd5e0fe7b2834f77a19719281c208c09f3892470c898a4f5ade40b021028d,94,ba68e7a5c0fc6ef2ccfd3666f864c02c65cecb7484be7362d12f9eeee627cea2
"(3,1,0,0)","(3,1,0,0):iso-00028",4e4dd5e0fe7b2834f77a19719281c208c09f3892470c898a4f5ade40b021028d,94,9dd9094897ae9c6fb5ebc5500686fc66a4e81f640dd67d734f90a599a2eb5368
"(3,1,0,0)","(3,1,0,0):iso-00028",4e4dd5e0fe7b2834f77a19719281c208c09f3892470c898a4f5ade40b021028d,94,657a0744a0cdf01a2fdb0ebbe45bffcf9c6f4c3f9196e048a6402d1270f04b59
"(3,1,0,0)","(3,1,0,0):iso-00028",4e4dd5e0fe7b2834f77a19719281c208c09f3892470c898a4f5ade40b021028d,94,fa41a4f9d5148ddc941195654ef9ba977cc33d63f0487b69f916a63e2e6464f3
"(3,1,0,0)","(3,1,0,0):iso-00028",4e4dd5e0fe7b2834f77a19719281c208c09f3892470c898a4f5ade40b021028d,94,c4d854214d870488dc8a99dbb5fe13c01000bf480e6ae68c3f3e137339a1af8b
"(3,1,0,0)","(3,1,0,0):iso-00028",4e4dd5e0fe7b2834f77a19719281c208c09f3892470c898a4f5ade40b021028d,94,9b808dc99f19b829cc8b98ba95ac4961fdb2bda160a1fbf89329913c31929c15
"(3,1,0,0)","(3,1,0,0):iso-00028",4e4dd5e0fe7b2834f77a19719281c208c09f3892470c898a4f5ade40b021028d,94,fd4ed2ee22cde7ecd1a17f016a45bb9f3b273de0c313401b92722d9ece893174
"(3,1,0,0)","(3,1,0,0):iso-00028",4e4dd5e0fe7b2834f77a19719281c208c09f3892470c898a4f5ade40b021028d,94,d06a94f5d1de06954ab28a146297b33b1ca07316735c74b1ec590df782d1ff37
"(3,1,0,0)","(3,1,0,0):iso-00028",4e4dd5e0fe7b2834f77a19719281c208c09f3892470c898a4f5ade40b021028d,94,fd9124ec7a12db3cc63149ff3c060be0024ddbd950e8f5ec21bab17bf441d2e1
"(3,1,0,0)","(3,1,0,0):iso-00028",4e4dd5e0fe7b2834f77a19719281c208c09f3892470c898a4f5ade40b021028d,94,9bbfa8b7760f9c49233f189d6389e4fb41b84d2353f503f0c364cb4683ffba2d
"(3,1,0,0)","(3,1,0,0):iso-00028",4e4dd5e0fe7b2834f77a19719281c208c09f3892470c898a4f5ade40b021028d,94,610c27c626c7c8e01a5829819155e08f31a009834e90ad6d5a3061d8591d5687
"(3,1,0,0)","(3,1,0,0):iso-00028",4e4dd5e0fe7b2834f77a19719281c208c09f3892470c898a4f5ade40b021028d,94,5d77da26fe79bf538b180dd7ac916cb57106130bff581348032d5c0280b1cced
"(3,1,0,0)","(3,1,0,0):iso-00028",4e4dd5e0fe7b2834f77a19719281c208c09f3892470c898a4f5ade40b021028d,94,da44acb1df19f96baf8a898841fcdfd95738d81ea1cdd12da764274c16e3aab9
"(3,1,0,0)","(3,1,0,0):iso-00028",4e4dd5e0fe7b2834f77a19719281c208c09f3892470c898a4f5ade40b021028d,94,c5c1fec4abd3f424c7497d11b43715e32e27f3195d5dc30b04f6ae72efd4c0a7
"(3,1,0,0)","(3,1,0,0):iso-00028",4e4dd5e0fe7b2834f77a19719281c208c09f3892470c898a4f5ade40b021028d,94,cd803d4e77d3f07fe0d15c363c0e82c22bc27ad5553397067f21489212fbb954
"(3,1,0,0)","(3,1,0,0):iso-00028",4e4dd5e0fe7b2834f77a19719281c208c09f3892470c898a4f5ade40b021028d,94,028b0ba70f8f58a124a260450e39e54ecccd7cc6d04c0d57a0433835127d71c5
"(3,1,0,0)","(3,1,0,0):iso-00028",4e4dd5e0fe7b2834f77a19719281c208c09f3892470c898a4f5ade40b021028d,94,f08372947e14273e285d69e7c35366553a269852d1cac2d9ad81dc39864f7b15
"(3,1,0,0)","(3,1,0,0):iso-00028",4e4dd5e0fe7b2834f77a19719281c208c09f3892470c898a4f5ade40b021028d,94,cbb05ea3430a4af3b760b6138612256034fd6e3b8b07467bbe450318acae3468
"(3,1,0,0)","(3,1,0,0):iso-00028",4e4dd5e0fe7b2834f77a19719281c208c09f3892470c898a4f5ade40b021028d,94,d7f41de174295cae72e4e83673ae6f618349d545c97a6af48baa7de2343003c8
"(3,1,0,0)","(3,1,0,0):iso-00028",4e4dd5e0fe7b2834f77a19719281c208c09f3892470c898a4f5ade40b021028d,94,ca9bb3978ebf2c825ea5ba43ca9468a4f0d8b255de011b9a1a83df94b30cd067
"(3,1,0,0)","(3,1,0,0):iso-00028",4e4dd5e0fe7b2834f77a19719281c208c09f3892470c898a4f5ade40b021028d,94,91e262f6311f5c521e9f05843f2f79a15df1fb256f7e7ecb0bd6a1d8b954ae7e
"(3,1,0,0)","(3,1,0,0):iso-00028",4e4dd5e0fe7b2834f77a19719281c208c09f3892470c898a4f5ade40b021028d,94,f74d3a3167206de26314abfd0d8aac137440c426218276d1e0231efca297df01
"(3,1,0,0)","(3,1,0,0):iso-00028",4e4dd5e0fe7b2834f77a19719281c208c09f3892470c898a4f5ade40b021028d,94,bb6b81a80c2cbfd14894829a3e3bcee21363a3baa64766d77ce709e8bfc71c02
"(3,1,0,0)","(3,1,0,0):iso-00028",4e4dd5e0fe7b2834f77a19719281c208c09f3892470c898a4f5ade40b021028d,94,01b8e85c0112e9f8d6c4fe7fc262ff259410df176e834ce9263d33885aeea44e
"(3,1,0,0)","(3,1,0,0):iso-00028",4e4dd5e0fe7b2834f77a19719281c208c09f3892470c898a4f5ade40b021028d,94,f5c93aa9088cdbbb10c35bdf0417ee38ff1adc711fca2d47de35f6fc6b036e3e
"(3,1,0,0)","(3,1,0,0):iso-00028",4e4dd5e0fe7b2834f77a19719281c208c09f3892470c898a4f5ade40b021028d,94,eb928572472985d8b5e0964b7992c111b6778810e8143e2a0cc160447fa07704
"(3,1,0,0)","(3,1,0,0):iso-00028",4e4dd5e0fe7b2834f77a19719281c208c09f3892470c898a4f5ade40b021028d,94,bb0a8358a5658152557f5049a297dcd106ecf2c4f56c108e4eeb8bb2d82107e2
"(3,1,0,0)","(3,1,0,0):iso-00028",4e4dd5e0fe7b2834f77a19719281c208c09f3892470c898a4f5ade40b021028d,94,fc822f57dc8a70ac0861f9baee5af086d83d2edb6bafd595f75ebadd02ad3eb4
"(3,1,0,0)","(3,1,0,0):iso-00028",4e4dd5e0fe7b2834f77a19719281c208c09f3892470c898a4f5ade40b021028d,94,8cfdbf52c2e19a3be4c5a1b993f988df139b3340165fc8c3e6f986fc492fd1ad
"(3,1,0,0)","(3,1,0,0):iso-00028",4e4dd5e0fe7b2834f77a19719281c208c09f3892470c898a4f5ade40b021028d,94,b1c756fa48a58e40bb252726a8ae2c687832b7545e7a6c34b089c18dc696d22a
"(3,1,0,0)","(3,1,0,0):iso-00028",4e4dd5e0fe7b2834f77a19719281c208c09f3892470c898a4f5ade40b021028d,94,67fc0ab0a7f63fd73a7ea380152e3e03f749f6c86e47e19004c33fbc3823bb8e
"(3,1,0,0)","(3,1,0,0):iso-00028",4e4dd5e0fe7b2834f77a19719281c208c09f3892470c898a4f5ade40b021028d,94,c3f2310f20ff53cc47e26419df5c1388d663cb5c952a165f1d5d001628a2fe6e
"(3,1,0,0)","(3,1,0,0):iso-00028",4e4dd5e0fe7b2834f77a19719281c208c09f3892470c898a4f5ade40b021028d,94,7153236f8c1fe3736069bc7b035395a42a6ec4b60aad348613733a9fb71dd4a2
"(3,1,0,0)","(3,1,0,0):iso-00028",4e4dd5e0fe7b2834f77a19719281c208c09f3892470c898a4f5ade40b021028d,94,78a0d0d1e82dc4d5fed478687f4ed5493e624fceeea7e49cc29deb5acd180764
"(3,1,0,0)","(3,1,0,0):iso-00028",4e4dd5e0fe7b2834f77a19719281c208c09f3892470c898a4f5ade40b021028d,94,ee03e7cb15f4cb7c708dae4aa85adcff7a2daf0961c815cea35cb6e10ccaf86e
"(3,1,0,0)","(3,1,0,0):iso-00028",4e4dd5e0fe7b2834f77a19719281c208c09f3892470c898a4f5ade40b021028d,94,7cb8ebfc7dea2fc9a85d33b4cbd9f466ce4d028571f863ed62ad8818acdb9880
"(3,1,0,0)","(3,1,0,0):iso-00028",4e4dd5e0fe7b2834f77a19719281c208c09f3892470c898a4f5ade40b021028d,94,85984ac69355b5c02d4d232eb004508c60a89d1b7d1b96ecb23bb843f30f7159
"(3,1,0,0)","(3,1,0,0):iso-00028",4e4dd5e0fe7b2834f77a19719281c208c09f3892470c898a4f5ade40b021028d,94,752571b4b9f1292bc48c065cd33918f73a12a23f3b7ef6f0638bd8e6b23b2a2d
"(3,1,0,0)","(3,1,0,0):iso-00028",4e4dd5e0fe7b2834f77a19719281c208c09f3892470c898a4f5ade40b021028d,94,f331d88141cfdbd8c7eab2ee0dcbac9ba06442b7033989af6a902a96f7013537
"(3,1,0,0)","(3,1,0,0):iso-00028",4e4dd5e0fe7b2834f77a19719281c208c09f3892470c898a4f5ade40b021028d,94,71b34fd51caa088a5046fac34156cfccb414b763ee402230c5d0ed8cdc45d851
"(3,1,0,0)","(3,1,0,0):iso-00028",4e4dd5e0fe7b2834f77a19719281c208c09f3892470c898a4f5ade40b021028d,94,cbb41a68650ac03b484c181ec215763cc44e32e103542023f6b2b0355639bf83
"(3,1,0,0)","(3,1,0,0):iso-00028",4e4dd5e0fe7b2834f77a19719281c208c09f3892470c898a4f5ade40b021028d,94,a19dcaae36c5ae481be102f203814f713d6f1160098e6810b7ff204c32aadfdd
"(3,1,0,0)","(3,1,0,0):iso-00028",4e4dd5e0fe7b2834f77a19719281c208c09f3892470c898a4f5ade40b021028d,94,7dc0bf7313c4f192a3708d2b2e20dd023b05c52cd9e65c81c9fbdb112d71f64c
"(3,1,0,0)","(3,1,0,0):iso-00029",86eb0024f83a947af3ef365372ebe1f648491308271eb96a21e4bea4a52bb749,65,86eb0024f83a947af3ef365372ebe1f648491308271eb96a21e4bea4a52bb749
"(3,1,0,0)","(3,1,0,0):iso-00029",86eb0024f83a947af3ef365372ebe1f648491308271eb96a21e4bea4a52bb749,65,6660b942b8462e0761a0092c06ebf8f75af29d775869d90fff0bc20b72c69280
"(3,1,0,0)","(3,1,0,0):iso-00029",86eb0024f83a947af3ef365372ebe1f648491308271eb96a21e4bea4a52bb749,65,e0ddb2736a2dfd9a81dd2f3113dee3be7f3cfb2d5890363713e44272f382a606
"(3,1,0,0)","(3,1,0,0):iso-00029",86eb0024f83a947af3ef365372ebe1f648491308271eb96a21e4bea4a52bb749,65,0015c2fbb38ab18e8ec9a1f977ee59f628f57cade271ef85717bda8e0ddcada1
"(3,1,0,0)","(3,1,0,0):iso-00029",86eb0024f83a947af3ef365372ebe1f648491308271eb96a21e4bea4a52bb749,65,7f8b9b428e8265e6373e5af11d58892b8c32060fb6d75d4b55bc90b597b4c192
"(3,1,0,0)","(3,1,0,0):iso-00029",86eb0024f83a947af3ef365372ebe1f648491308271eb96a21e4bea4a52bb749,65,a5eb90fd08b42e2135f66890bf370df15ead677a32b7955c9ff7a2d20245b270
"(3,1,0,0)","(3,1,0,0):iso-00029",86eb0024f83a947af3ef365372ebe1f648491308271eb96a21e4bea4a52bb749,65,7d1cfef1c446d5c6ceb4f14aaf76db4d336543f77c6822bca28ace13b60c854f
"(3,1,0,0)","(3,1,0,0):iso-00029",86eb0024f83a947af3ef365372ebe1f648491308271eb96a21e4bea4a52bb749,65,ebabffa8758590c4dc161e06193940b710e6c95573bd1b5fe65e331a54ce56e3
"(3,1,0,0)","(3,1,0,0):iso-00029",86eb0024f83a947af3ef365372ebe1f648491308271eb96a21e4bea4a52bb749,65,132e495d7bbad69d467110bd6ac7a7637201b785d6c8a27fd86fe95a5e09a024
"(3,1,0,0)","(3,1,0,0):iso-00029",86eb0024f83a947af3ef365372ebe1f648491308271eb96a21e4bea4a52bb749,65,d6f08e42939d5854166712f411bc412d1830921a373caca10aeb646a67404bb2
"(3,1,0,0)","(3,1,0,0):iso-00029",86eb0024f83a947af3ef365372ebe1f648491308271eb96a21e4bea4a52bb749,65,795c3291b84fd3895a80d04637ef2e1e04a8aad32c04dd5f7d80432834bcd9f8
"(3,1,0,0)","(3,1,0,0):iso-00029",86eb0024f83a947af3ef365372ebe1f648491308271eb96a21e4bea4a52bb749,65,cf5e61744bd0cdbddc9c15c9e8044bee3be3dcb13a4e5db1220ae5c30578ae09
"(3,1,0,0)","(3,1,0,0):iso-00029",86eb0024f83a947af3ef365372ebe1f648491308271eb96a21e4bea4a52bb749,65,713ffec32dd08ed7608ac568912a009acd7e64c605f26bd603ca90effcab0feb
"(3,1,0,0)","(3,1,0,0):iso-00029",86eb0024f83a947af3ef365372ebe1f648491308271eb96a21e4bea4a52bb749,65,5ec141b583b69199f748de428e7fe8d16c4ae7d3928b4e8fb4ad89e9f7a174ec
"(3,1,0,0)","(3,1,0,0):iso-00029",86eb0024f83a947af3ef365372ebe1f648491308271eb96a21e4bea4a52bb749,65,800e4f4de25c4ba82a35fc25668b444de543f14016ebd3564a9baf0d14ecafec
"(3,1,0,0)","(3,1,0,0):iso-00029",86eb0024f83a947af3ef365372ebe1f648491308271eb96a21e4bea4a52bb749,65,38beac6113b4d9a9e9cb09ae1cf834bd7634e68e0dfa020ffa8ee39d580bd960
"(3,1,0,0)","(3,1,0,0):iso-00029",86eb0024f83a947af3ef365372ebe1f648491308271eb96a21e4bea4a52bb749,65,180d668230398ad8632c892a8711fefcfbabae21231d8accceb0af6b3a52a709
"(3,1,0,0)","(3,1,0,0):iso-00029",86eb0024f83a947af3ef365372ebe1f648491308271eb96a21e4bea4a52bb749,65,1047b702a99b20e0c2f4cd9c03a4f8ed9ae1f1c052e2a659a6d75c394dea0512
"(3,1,0,0)","(3,1,0,0):iso-00029",86eb0024f83a947af3ef365372ebe1f648491308271eb96a21e4bea4a52bb749,65,6fd672caf550b1900c96281543cbfc07a98b65a0050db55dbcaf8d864a3b0826
"(3,1,0,0)","(3,1,0,0):iso-00029",86eb0024f83a947af3ef365372ebe1f648491308271eb96a21e4bea4a52bb749,65,a535ee14743a11876526b9208ca19139cec3a19b476c31e3eff9f004a1c548fa
"(3,1,0,0)","(3,1,0,0):iso-00029",86eb0024f83a947af3ef365372ebe1f648491308271eb96a21e4bea4a52bb749,65,ea3a8045fffb771e0bc17a19acc46f51711b48280b88d765de1a5d27f0423fbc
"(3,1,0,0)","(3,1,0,0):iso-00029",86eb0024f83a947af3ef365372ebe1f648491308271eb96a21e4bea4a52bb749,65,eace53ea982a965c7ee0d80237b9a960b818486ec0718621cdb012f7c65d2bd4
"(3,1,0,0)","(3,1,0,0):iso-00029",86eb0024f83a947af3ef365372ebe1f648491308271eb96a21e4bea4a52bb749,65,67042ceda72fa95b8883e36597a14be56f6dadc1adb53193d46ee6e876850783
"(3,1,0,0)","(3,1,0,0):iso-00029",86eb0024f83a947af3ef365372ebe1f648491308271eb96a21e4bea4a52bb749,65,d46e1c1537f7124ce2fef4732ef6acc5dacc9927c580658076b6c6bfe711c377
"(3,1,0,0)","(3,1,0,0):iso-00029",86eb0024f83a947af3ef365372ebe1f648491308271eb96a21e4bea4a52bb749,65,f54eadc5eb518fcdda1ed355116aa359304106552aaa35963821e98753f7151e
"(3,1,0,0)","(3,1,0,0):iso-00029",86eb0024f83a947af3ef365372ebe1f648491308271eb96a21e4bea4a52bb749,65,d29dfd99789f044efb2732a70c0a58938c105b64ecb95c79a9edffb8e24a7c2b
"(3,1,0,0)","(3,1,0,0):iso-00029",86eb0024f83a947af3ef365372ebe1f648491308271eb96a21e4bea4a52bb749,65,e431b0b7dc1d717228df0833ed73651d6540700b1790f4ee76a5538bd1a433e2
"(3,1,0,0)","(3,1,0,0):iso-00029",86eb0024f83a947af3ef365372ebe1f648491308271eb96a21e4bea4a52bb749,65,19195664f1c8aeb09328dad7a763df2340822860e54c381dacd1239af9786437
"(3,1,0,0)","(3,1,0,0):iso-00029",86eb0024f83a947af3ef365372ebe1f648491308271eb96a21e4bea4a52bb749,65,ef9f1b6f431376d0cddca57db01e986607ceaef940b373709f32f6963e9d3c93
"(3,1,0,0)","(3,1,0,0):iso-00029",86eb0024f83a947af3ef365372ebe1f648491308271eb96a21e4bea4a52bb749,65,4c0f4be79b6a241fc3b86f86def0f1f39f41d51399a5f13e0633ef5d92638888
"(3,1,0,0)","(3,1,0,0):iso-00029",86eb0024f83a947af3ef365372ebe1f648491308271eb96a21e4bea4a52bb749,65,2202b83b32eac9d8b4b037f075f5c3a6465a944b9f9fb19d18357962bd2066e9
"(3,1,0,0)","(3,1,0,0):iso-00029",86eb0024f83a947af3ef365372ebe1f648491308271eb96a21e4bea4a52bb749,65,8efee91a905bce9d5b8b034cb83b56bbae2c0abfd4c3b4b41ed95000b436812a
"(3,1,0,0)","(3,1,0,0):iso-00029",86eb0024f83a947af3ef365372ebe1f648491308271eb96a21e4bea4a52bb749,65,1ba76e1ee9e575919a9d1417bbe85373db29ee6784b4d4bc55f38b2e3290f3ce
"(3,1,0,0)","(3,1,0,0):iso-00029",86eb0024f83a947af3ef365372ebe1f648491308271eb96a21e4bea4a52bb749,65,715876b49d1dc0e5bda8feae7512ce57e9c73c8ca890a083524ac4864668aa99
"(3,1,0,0)","(3,1,0,0):iso-00029",86eb0024f83a947af3ef365372ebe1f648491308271eb96a21e4bea4a52bb749,65,e2ea45503b1beb4fe0338637bd162e0394d1f311e9892fd05bf4c2a976fd495e
"(3,1,0,0)","(3,1,0,0):iso-00029",86eb0024f83a947af3ef365372ebe1f648491308271eb96a21e4bea4a52bb749,65,07142644796ad4ec41cb7f2177d97deb00a10bc27c9cf5722bc27089ed718694
"(3,1,0,0)","(3,1,0,0):iso-00029",86eb0024f83a947af3ef365372ebe1f648491308271eb96a21e4bea4a52bb749,65,659bb16e1210407574d35bad56121e0243cbf14047cabf7493a418b629c80134
"(3,1,0,0)","(3,1,0,0):iso-00029",86eb0024f83a947af3ef365372ebe1f648491308271eb96a21e4bea4a52bb749,65,468247b396cbf89a4e68b2356ba87175b2872cea141b65cb840c774d2b592da7
"(3,1,0,0)","(3,1,0,0):iso-00029",86eb0024f83a947af3ef365372ebe1f648491308271eb96a21e4bea4a52bb749,65,7957853715362d4c8111c441aa244241bca6b2571b1de0737afda5d2cc3d66cc
"(3,1,0,0)","(3,1,0,0):iso-00029",86eb0024f83a947af3ef365372ebe1f648491308271eb96a21e4bea4a52bb749,65,6b19279803046d544a36fade8c241e6e4944519f84e27a6f96dd5f149acde6a4
"(3,1,0,0)","(3,1,0,0):iso-00029",86eb0024f83a947af3ef365372ebe1f648491308271eb96a21e4bea4a52bb749,65,e60dbea32c6152d92b1eccf809b2634bb963127cb652efb98b17a991bbec8a40
"(3,1,0,0)","(3,1,0,0):iso-00029",86eb0024f83a947af3ef365372ebe1f648491308271eb96a21e4bea4a52bb749,65,a18328abf61a76bc5d87a1d0393227e641d358b98f5e23f65327adb606587efc
"(3,1,0,0)","(3,1,0,0):iso-00029",86eb0024f83a947af3ef365372ebe1f648491308271eb96a21e4bea4a52bb749,65,04eb980f91ca6fa39df506e47921a422b4c237c58e18f40f7e04995c4f999bdc
"(3,1,0,0)","(3,1,0,0):iso-00029",86eb0024f83a947af3ef365372ebe1f648491308271eb96a21e4bea4a52bb749,65,8afe8717e4fed0a99350f08ac7c4636ea7dbd49dfdcb2bcd762172a4f5dd5b24
"(3,1,0,0)","(3,1,0,0):iso-00029",86eb0024f83a947af3ef365372ebe1f648491308271eb96a21e4bea4a52bb749,65,24974faf358c67d094cb2ebe30353801d757ba6ba3e59fc390caa7b7fae86d02
"(3,1,0,0)","(3,1,0,0):iso-00029",86eb0024f83a947af3ef365372ebe1f648491308271eb96a21e4bea4a52bb749,65,bfb35e4db5c3edb8ae5b767c8470e936fb9aa268be86a228b23adf07eed3ddea
"(3,1,0,0)","(3,1,0,0):iso-00029",86eb0024f83a947af3ef365372ebe1f648491308271eb96a21e4bea4a52bb749,65,5f899535858567b5aae36e5386aa91500fc44560fa9c4fe609b1d5311dcda234
"(3,1,0,0)","(3,1,0,0):iso-00029",86eb0024f83a947af3ef365372ebe1f648491308271eb96a21e4bea4a52bb749,65,21b1b54ff5cd98610d83093a3acc6d3b450a69d879f6687a5e10780378767e6b
"(3,1,0,0)","(3,1,0,0):iso-00029",86eb0024f83a947af3ef365372ebe1f648491308271eb96a21e4bea4a52bb749,65,92e4d08f0bcee501b5be1e1e81b6b31238af5d1bc28644180fa5a65e7a980cf3
"(3,1,0,0)","(3,1,0,0):iso-00029",86eb0024f83a947af3ef365372ebe1f648491308271eb96a21e4bea4a52bb749,65,a12dc8390d44d3383d4016a49b1d83d33d12a1fc65a1cf4d90559f65161501d4
"(3,1,0,0)","(3,1,0,0):iso-00029",86eb0024f83a947af3ef365372ebe1f648491308271eb96a21e4bea4a52bb749,65,72ad3616689025d8156d73fdaad6f5b9b1b47e3da7d955120583f6b09225319a
"(3,1,0,0)","(3,1,0,0):iso-00029",86eb0024f83a947af3ef365372ebe1f648491308271eb96a21e4bea4a52bb749,65,18c12a5b64d8ba568c63530f7447c66128cffc6c7a8c1df3f5e631ba0a43dc02
"(3,1,0,0)","(3,1,0,0):iso-00029",86eb0024f83a947af3ef365372ebe1f648491308271eb96a21e4bea4a52bb749,65,35ad3920356d5348c60c074250cb1283cd30ade0478b8e947a206b52ef17ed67
"(3,1,0,0)","(3,1,0,0):iso-00029",86eb0024f83a947af3ef365372ebe1f648491308271eb96a21e4bea4a52bb749,65,367d215d41e15f59ea828ee815ebd74acdb273e94a6f87a9b72c7c3ac64d9062
"(3,1,0,0)","(3,1,0,0):iso-00029",86eb0024f83a947af3ef365372ebe1f648491308271eb96a21e4bea4a52bb749,65,41e6820589f22c82ac1dc6807b81b32beccdf8bbced1c07aad133f7c10bb185e
"(3,1,0,0)","(3,1,0,0):iso-00029",86eb0024f83a947af3ef365372ebe1f648491308271eb96a21e4bea4a52bb749,65,559a065078bfa9f8ce5b760d267d900eab21a70fb9608b5bc2a498dd255bff52
"(3,1,0,0)","(3,1,0,0):iso-00029",86eb0024f83a947af3ef365372ebe1f648491308271eb96a21e4bea4a52bb749,65,9c30dc0ac4c001b1509ac0efceb1b2197d444281709147e36f579e6db4f61660
"(3,1,0,0)","(3,1,0,0):iso-00029",86eb0024f83a947af3ef365372ebe1f648491308271eb96a21e4bea4a52bb749,65,47e56fcb78e9d1866c4b5ecfb392d186e0bc69a70cbfebed46573df045e7d399
"(3,1,0,0)","(3,1,0,0):iso-00029",86eb0024f83a947af3ef365372ebe1f648491308271eb96a21e4bea4a52bb749,65,bb1edc22cd7108b7c60113486345f05498394e60e80c5018ba7b1ec81f01e977
"(3,1,0,0)","(3,1,0,0):iso-00029",86eb0024f83a947af3ef365372ebe1f648491308271eb96a21e4bea4a52bb749,65,f8637943f9104c3c057bb39629c841091759b80cb8c71d196db5e53fc6798884
"(3,1,0,0)","(3,1,0,0):iso-00029",86eb0024f83a947af3ef365372ebe1f648491308271eb96a21e4bea4a52bb749,65,a5e8eb096edb1ccbdd3a3ef5750d4a238bc1c000d0033e0d34fd887439e174d9
"(3,1,0,0)","(3,1,0,0):iso-00029",86eb0024f83a947af3ef365372ebe1f648491308271eb96a21e4bea4a52bb749,65,401c61fdb71d550930171b02c7aebebae4f2700a9f779286d8f5bc612117f6ed
"(3,1,0,0)","(3,1,0,0):iso-00029",86eb0024f83a947af3ef365372ebe1f648491308271eb96a21e4bea4a52bb749,65,5abadca52e00b91b0136fa2876f2c55db1f881ef3e110b7b96b1e250b490cc24
"(3,1,0,0)","(3,1,0,0):iso-00029",86eb0024f83a947af3ef365372ebe1f648491308271eb96a21e4bea4a52bb749,65,762de386be55eeb28fad4309b78a28f9a5e0c64ad480e0286d721d6391d3c86d
"(3,1,0,0)","(3,1,0,0):iso-00029",86eb0024f83a947af3ef365372ebe1f648491308271eb96a21e4bea4a52bb749,65,0843e2f5d239eab724a2b518dece309c829253d0bb62e71d883cff1f05e81544
"(3,1,0,0)","(3,1,0,0):iso-00030",9c67c4e38bd020329aa51679faad1f2d35d6dfe52541c450a97c6964ccd96dbe,2,9c67c4e38bd020329aa51679faad1f2d35d6dfe52541c450a97c6964ccd96dbe
"(3,1,0,0)","(3,1,0,0):iso-00030",9c67c4e38bd020329aa51679faad1f2d35d6dfe52541c450a97c6964ccd96dbe,2,0bc8e552ecef8db5f6cc7eed7312431209986adc34e3583a8627c81a81d92d17
"(3,1,0,0)","(3,1,0,0):iso-00031",7eafb4d6ddcde451897d07120f7f4e748cd68ef5df71b5e0372c76fb29bc5578,112,7eafb4d6ddcde451897d07120f7f4e748cd68ef5df71b5e0372c76fb29bc5578
"(3,1,0,0)","(3,1,0,0):iso-00031",7eafb4d6ddcde451897d07120f7f4e748cd68ef5df71b5e0372c76fb29bc5578,112,4d785c78f5ac002938c919af71738e706417e964610b0bcdc1146a232a2fbb8c
"(3,1,0,0)","(3,1,0,0):iso-00031",7eafb4d6ddcde451897d07120f7f4e748cd68ef5df71b5e0372c76fb29bc5578,112,11afafe5b4c4c0cef6b718b3e1da0e39538ae60ed05b2ffaff122d6798e3b04e
"(3,1,0,0)","(3,1,0,0):iso-00031",7eafb4d6ddcde451897d07120f7f4e748cd68ef5df71b5e0372c76fb29bc5578,112,cb889c6e060efb6f700830778d3ca26bec67e4a49b505b7241c34b44142f90ca
"(3,1,0,0)","(3,1,0,0):iso-00031",7eafb4d6ddcde451897d07120f7f4e748cd68ef5df71b5e0372c76fb29bc5578,112,9424cff0b58ac28d9c3b83eab3ad99f90e7a7b6f91882fa1813610fb22ee1089
"(3,1,0,0)","(3,1,0,0):iso-00031",7eafb4d6ddcde451897d07120f7f4e748cd68ef5df71b5e0372c76fb29bc5578,112,fc0ac63a9f8218c8d6e4c40fe45d842503157b6a63ac33fc45d78ba24133f8a2
"(3,1,0,0)","(3,1,0,0):iso-00031",7eafb4d6ddcde451897d07120f7f4e748cd68ef5df71b5e0372c76fb29bc5578,112,a745ae157c3a510d46fff187ce6affa77e10a25ee6fba876450ded64fc41ea26
"(3,1,0,0)","(3,1,0,0):iso-00031",7eafb4d6ddcde451897d07120f7f4e748cd68ef5df71b5e0372c76fb29bc5578,112,248279fe63190a016791983edeccdbd16958d7496c7872dc6f13d95040017dfc
"(3,1,0,0)","(3,1,0,0):iso-00031",7eafb4d6ddcde451897d07120f7f4e748cd68ef5df71b5e0372c76fb29bc5578,112,cb9a3f762d0a34fbbc799f46d5ecd24a297ee8daf772bda2053ef528a5ca6e70
"(3,1,0,0)","(3,1,0,0):iso-00031",7eafb4d6ddcde451897d07120f7f4e748cd68ef5df71b5e0372c76fb29bc5578,112,fcdf780db43d6379d095612ffecfa3128245beaad8fba7582b8bce5c02cd7433
"(3,1,0,0)","(3,1,0,0):iso-00031",7eafb4d6ddcde451897d07120f7f4e748cd68ef5df71b5e0372c76fb29bc5578,112,c0f9d750976a7b8d8d529328db9f745be7e9c8430cc0271c34bd62934f484296
"(3,1,0,0)","(3,1,0,0):iso-00031",7eafb4d6ddcde451897d07120f7f4e748cd68ef5df71b5e0372c76fb29bc5578,112,c850726b1e968f367f82a40ab9345609826cb22476a5ca884b440ce630301b62
"(3,1,0,0)","(3,1,0,0):iso-00031",7eafb4d6ddcde451897d07120f7f4e748cd68ef5df71b5e0372c76fb29bc5578,112,7b574e36c5b134f9c9297c22ee07f4326fee32f678ce5b816681a3f794fd9c33
"(3,1,0,0)","(3,1,0,0):iso-00031",7eafb4d6ddcde451897d07120f7f4e748cd68ef5df71b5e0372c76fb29bc5578,112,158d7ddcc06c5d60080ebae4fc4ad56185c178e333efc803e4ecd105e7cace55
"(3,1,0,0)","(3,1,0,0):iso-00031",7eafb4d6ddcde451897d07120f7f4e748cd68ef5df71b5e0372c76fb29bc5578,112,79941958d0f4dc5b092797be4ded375444e3ab003abe400d3a072ade7c1d07b6
"(3,1,0,0)","(3,1,0,0):iso-00031",7eafb4d6ddcde451897d07120f7f4e748cd68ef5df71b5e0372c76fb29bc5578,112,fd42b8d0bcbe6a6dcdfac4caaa6906a0a6434551471a2450f09375721b45074a
"(3,1,0,0)","(3,1,0,0):iso-00031",7eafb4d6ddcde451897d07120f7f4e748cd68ef5df71b5e0372c76fb29bc5578,112,34a5b7733198e31c48a1df2b00436054e4b0381087e657bb69189f4704aab2b9
"(3,1,0,0)","(3,1,0,0):iso-00031",7eafb4d6ddcde451897d07120f7f4e748cd68ef5df71b5e0372c76fb29bc5578,112,acc3206378b5f51eaa2bbeb7b1a9509ed6202d57c85ec9eb8a3f994ff5506a32
"(3,1,0,0)","(3,1,0,0):iso-00031",7eafb4d6ddcde451897d07120f7f4e748cd68ef5df71b5e0372c76fb29bc5578,112,de59a5365b0b079a07518d77616504d90af3738bae41f1fdc4383889bbf4721b
"(3,1,0,0)","(3,1,0,0):iso-00031",7eafb4d6ddcde451897d07120f7f4e748cd68ef5df71b5e0372c76fb29bc5578,112,d4c61a52c18b1edbd8cf11a9d4d8731af686d2201795848ae42644e4f7e2cbe9
"(3,1,0,0)","(3,1,0,0):iso-00031",7eafb4d6ddcde451897d07120f7f4e748cd68ef5df71b5e0372c76fb29bc5578,112,32d677877c49d94577360cf649d02288bd8894b849c75a9f06ce4343a5b7baaf
"(3,1,0,0)","(3,1,0,0):iso-00031",7eafb4d6ddcde451897d07120f7f4e748cd68ef5df71b5e0372c76fb29bc5578,112,062a50169b3439cfad7145b160772d0d12166692f804f3e8a65e8e56ca532eb3
"(3,1,0,0)","(3,1,0,0):iso-00031",7eafb4d6ddcde451897d07120f7f4e748cd68ef5df71b5e0372c76fb29bc5578,112,b2bf3d633874aebd132cfdec9529548adcc649b3e09f2ec26819390c55ad2b13
"(3,1,0,0)","(3,1,0,0):iso-00031",7eafb4d6ddcde451897d07120f7f4e748cd68ef5df71b5e0372c76fb29bc5578,112,08bea584a9e0f5cf535b6b5aab6da4de8d9a28f2e69799e83466933bd2d38334
"(3,1,0,0)","(3,1,0,0):iso-00031",7eafb4d6ddcde451897d07120f7f4e748cd68ef5df71b5e0372c76fb29bc5578,112,15c72d1fefa54487953688a569089037970edbfb468ed296bb5a8a0c9fd3e9d6
"(3,1,0,0)","(3,1,0,0):iso-00031",7eafb4d6ddcde451897d07120f7f4e748cd68ef5df71b5e0372c76fb29bc5578,112,714172f87fb669853fe808a73bb3b165b26de434a76706206c8127d12a238d3d
"(3,1,0,0)","(3,1,0,0):iso-00031",7eafb4d6ddcde451897d07120f7f4e748cd68ef5df71b5e0372c76fb29bc5578,112,fdacf28cb94717f23226e45d7f2b56d8f9a17c7d7d0a10edb6ec5c8b690adc92
"(3,1,0,0)","(3,1,0,0):iso-00031",7eafb4d6ddcde451897d07120f7f4e748cd68ef5df71b5e0372c76fb29bc5578,112,4f5aebf35310ef2ebd20c8b4e1cf4134d070f6fe4e10e3527f9c62001b1f4172
"(3,1,0,0)","(3,1,0,0):iso-00031",7eafb4d6ddcde451897d07120f7f4e748cd68ef5df71b5e0372c76fb29bc5578,112,3261876a506bba5a41e1d5c35bf0ae5b398b48b9a4e025db5c0676da77e8f6ba
"(3,1,0,0)","(3,1,0,0):iso-00031",7eafb4d6ddcde451897d07120f7f4e748cd68ef5df71b5e0372c76fb29bc5578,112,28450eb6102612deb9d0221671e6adbcedd2586cd8e85d599330f45d3fd1d9be
"(3,1,0,0)","(3,1,0,0):iso-00031",7eafb4d6ddcde451897d07120f7f4e748cd68ef5df71b5e0372c76fb29bc5578,112,021adf4a3ea7081789b05640e3e868aab2d7d566645fa54e10a253df4c700f6e
"(3,1,0,0)","(3,1,0,0):iso-00031",7eafb4d6ddcde451897d07120f7f4e748cd68ef5df71b5e0372c76fb29bc5578,112,90ae8e24d65b6c7d54eb87f8d816f26d93e984570f78cdb6667fff1eca03f74b
"(3,1,0,0)","(3,1,0,0):iso-00031",7eafb4d6ddcde451897d07120f7f4e748cd68ef5df71b5e0372c76fb29bc5578,112,aae2dd5aeef4adaa8590eb7a840fdd237305804b297a41986a27444b8c7684b3
"(3,1,0,0)","(3,1,0,0):iso-00031",7eafb4d6ddcde451897d07120f7f4e748cd68ef5df71b5e0372c76fb29bc5578,112,97c4b80fa0d3082a374ae77f6481616f4e1b72f8f34311b2baac235e3133e5d1
"(3,1,0,0)","(3,1,0,0):iso-00031",7eafb4d6ddcde451897d07120f7f4e748cd68ef5df71b5e0372c76fb29bc5578,112,91f4a9dc46722b76f09904b339fe7dd55fea608304167c4ad39d5871de82718d
"(3,1,0,0)","(3,1,0,0):iso-00031",7eafb4d6ddcde451897d07120f7f4e748cd68ef5df71b5e0372c76fb29bc5578,112,849eb871e4e0e1e473fb2563a72be6947e6a0a55681cc0e975e21b2209d09ebb
"(3,1,0,0)","(3,1,0,0):iso-00031",7eafb4d6ddcde451897d07120f7f4e748cd68ef5df71b5e0372c76fb29bc5578,112,96dfee10e94184629e10415c165fb9263e505102e72f07dd8803720eb817b7bc
"(3,1,0,0)","(3,1,0,0):iso-00031",7eafb4d6ddcde451897d07120f7f4e748cd68ef5df71b5e0372c76fb29bc5578,112,709c68540078b3f499689d56a461ce9549d0b37726622da002827b1e730cd112
"(3,1,0,0)","(3,1,0,0):iso-00031",7eafb4d6ddcde451897d07120f7f4e748cd68ef5df71b5e0372c76fb29bc5578,112,f0e799287bef3cf43bb905603a4115db9a891b99018c22ef7366f434cdbbb173
"(3,1,0,0)","(3,1,0,0):iso-00031",7eafb4d6ddcde451897d07120f7f4e748cd68ef5df71b5e0372c76fb29bc5578,112,822a15778a40d35b7680ad1e76a199e36884263a1ef5c729d2a681c6e4343ca5
"(3,1,0,0)","(3,1,0,0):iso-00031",7eafb4d6ddcde451897d07120f7f4e748cd68ef5df71b5e0372c76fb29bc5578,112,e3ef8108f0732e734b1bcfa49542de53e820ca445c47e753a840da35ecc1bc26
"(3,1,0,0)","(3,1,0,0):iso-00031",7eafb4d6ddcde451897d07120f7f4e748cd68ef5df71b5e0372c76fb29bc5578,112,72dd7a43785eb8ebe658c9426fc5ffcbdfb1085f35ead1c352f9e29d821f9a75
"(3,1,0,0)","(3,1,0,0):iso-00031",7eafb4d6ddcde451897d07120f7f4e748cd68ef5df71b5e0372c76fb29bc5578,112,7e7036e1a4e001397ced9e227d6b5a0bd6dd92730471c7889118fb487e7b5a66
"(3,1,0,0)","(3,1,0,0):iso-00031",7eafb4d6ddcde451897d07120f7f4e748cd68ef5df71b5e0372c76fb29bc5578,112,a61cdc2790e27fc500478c11804c6af98dfc140cfa86516b980ddd15c869be9f
"(3,1,0,0)","(3,1,0,0):iso-00031",7eafb4d6ddcde451897d07120f7f4e748cd68ef5df71b5e0372c76fb29bc5578,112,37e23f7fc55cb07f289202ae0fb981424ffea23ba62fb242a84c4b20a7fc5966
"(3,1,0,0)","(3,1,0,0):iso-00031",7eafb4d6ddcde451897d07120f7f4e748cd68ef5df71b5e0372c76fb29bc5578,112,b8c6becb12bedeaa57c688fe60070dfd3b06f851cc234d846a5fdad3e9a1274f
"(3,1,0,0)","(3,1,0,0):iso-00031",7eafb4d6ddcde451897d07120f7f4e748cd68ef5df71b5e0372c76fb29bc5578,112,118c06153d96ed9718291df14b7317bef1821c754d092bc434ac56a8bd5c1e52
"(3,1,0,0)","(3,1,0,0):iso-00031",7eafb4d6ddcde451897d07120f7f4e748cd68ef5df71b5e0372c76fb29bc5578,112,78630de8320a080f1380383a3162b7857bbdd6aca3ef897f45bc3eb2ce0f27e6
"(3,1,0,0)","(3,1,0,0):iso-00031",7eafb4d6ddcde451897d07120f7f4e748cd68ef5df71b5e0372c76fb29bc5578,112,ab7e7bb67d8e472bbcb61e9b1286fe39978b566c66addb4cab92aa55cbb21f72
"(3,1,0,0)","(3,1,0,0):iso-00031",7eafb4d6ddcde451897d07120f7f4e748cd68ef5df71b5e0372c76fb29bc5578,112,e14e53e03ebfc309be44813be1e9d3a38facbccaf617f689ab259095169ccc42
"(3,1,0,0)","(3,1,0,0):iso-00031",7eafb4d6ddcde451897d07120f7f4e748cd68ef5df71b5e0372c76fb29bc5578,112,b166b4153bc5f6ff172c2007ecf0fd3960303c98ef989a9b18d2a0d1cc337560
"(3,1,0,0)","(3,1,0,0):iso-00031",7eafb4d6ddcde451897d07120f7f4e748cd68ef5df71b5e0372c76fb29bc5578,112,821624d0eedc72d916ed4395415e1fe1777f41d01c77ad24e2e020706b8f77a7
"(3,1,0,0)","(3,1,0,0):iso-00031",7eafb4d6ddcde451897d07120f7f4e748cd68ef5df71b5e0372c76fb29bc5578,112,01b192cfe059c77e50d33eedfab1b34f8b4d303c8d83df07baa9e00afc5f41da
"(3,1,0,0)","(3,1,0,0):iso-00031",7eafb4d6ddcde451897d07120f7f4e748cd68ef5df71b5e0372c76fb29bc5578,112,ffe49ba1638a6ffad392ed53474d6060b16f72e965d503844016b88b8a8fc5b1
"(3,1,0,0)","(3,1,0,0):iso-00031",7eafb4d6ddcde451897d07120f7f4e748cd68ef5df71b5e0372c76fb29bc5578,112,674816f2c73e610684663d418d9290d76d62dd7ad808a01023add18e8d4bd9b4
"(3,1,0,0)","(3,1,0,0):iso-00031",7eafb4d6ddcde451897d07120f7f4e748cd68ef5df71b5e0372c76fb29bc5578,112,7a6d8feea579d856ebfa695fe1e8f1a0ce4fb3afa681891738afda9d835917c5
"(3,1,0,0)","(3,1,0,0):iso-00031",7eafb4d6ddcde451897d07120f7f4e748cd68ef5df71b5e0372c76fb29bc5578,112,b9195913a026b293055681db771d9843957b985fb7870b4f0ea26f37bb08ad87
"(3,1,0,0)","(3,1,0,0):iso-00031",7eafb4d6ddcde451897d07120f7f4e748cd68ef5df71b5e0372c76fb29bc5578,112,2662fc50ebcea7278ad8df9850ba5d9263b8ff94832e9e4f743943f9627e620d
"(3,1,0,0)","(3,1,0,0):iso-00031",7eafb4d6ddcde451897d07120f7f4e748cd68ef5df71b5e0372c76fb29bc5578,112,8314170ae80ea059c5ced346ebd6be6988d60282e787220f6713261c000728e7
"(3,1,0,0)","(3,1,0,0):iso-00031",7eafb4d6ddcde451897d07120f7f4e748cd68ef5df71b5e0372c76fb29bc5578,112,8ff193a03849be8355ad620926afa4ea3fdc8ead8b9e6511d7ad62e85e732a5d
"(3,1,0,0)","(3,1,0,0):iso-00031",7eafb4d6ddcde451897d07120f7f4e748cd68ef5df71b5e0372c76fb29bc5578,112,13db9c30156270b7d5a2f704b0f6a37ff8961c8ce6ecad268b3c964a903605f3
"(3,1,0,0)","(3,1,0,0):iso-00031",7eafb4d6ddcde451897d07120f7f4e748cd68ef5df71b5e0372c76fb29bc5578,112,d394f32e8d90a47b4ce51ab216b5a53100b3b1c1046b55f2d8cbdd4b65226272
"(3,1,0,0)","(3,1,0,0):iso-00031",7eafb4d6ddcde451897d07120f7f4e748cd68ef5df71b5e0372c76fb29bc5578,112,3ce72e20a87cb2ff8b9807406c6dd7e1a26fd179a4a43c3514b94c70ec125d5f
"(3,1,0,0)","(3,1,0,0):iso-00031",7eafb4d6ddcde451897d07120f7f4e748cd68ef5df71b5e0372c76fb29bc5578,112,d95865be2d371ecacf74ebdabbebbdcd1ce9aa434641ea269b6d3ddf5b30e32b
"(3,1,0,0)","(3,1,0,0):iso-00031",7eafb4d6ddcde451897d07120f7f4e748cd68ef5df71b5e0372c76fb29bc5578,112,c746eba9eb8d5d18222efdb86ea7850a2c2610428ed314a266f943b2e71f02d7
"(3,1,0,0)","(3,1,0,0):iso-00031",7eafb4d6ddcde451897d07120f7f4e748cd68ef5df71b5e0372c76fb29bc5578,112,d1d972a1dc979a1b702437b5a853ae8d2b1179f523a37dd4cc8fe48f5da1f6ed
"(3,1,0,0)","(3,1,0,0):iso-00031",7eafb4d6ddcde451897d07120f7f4e748cd68ef5df71b5e0372c76fb29bc5578,112,1c45bdf062f9c95f0ba790fb4fe303250e4fa6423703d6dcfd1b98b1a74778bb
"(3,1,0,0)","(3,1,0,0):iso-00031",7eafb4d6ddcde451897d07120f7f4e748cd68ef5df71b5e0372c76fb29bc5578,112,a49db1d3aa594fdb335ed5d226f8d530fa6d88e8fef7503505c613721ceaf682
"(3,1,0,0)","(3,1,0,0):iso-00031",7eafb4d6ddcde451897d07120f7f4e748cd68ef5df71b5e0372c76fb29bc5578,112,bc61fbc742add4879bd39266655208f92baca86eb94cb0c9d0300a7307e91de5
"(3,1,0,0)","(3,1,0,0):iso-00031",7eafb4d6ddcde451897d07120f7f4e748cd68ef5df71b5e0372c76fb29bc5578,112,c1e1b2ec63df73a7d501e8a20694ccd3ea967e10e11eeacdaeb70a39c16ef6ea
"(3,1,0,0)","(3,1,0,0):iso-00031",7eafb4d6ddcde451897d07120f7f4e748cd68ef5df71b5e0372c76fb29bc5578,112,f55fe13407569de062ec7c16d20ff6ce13e7913203e4a9895d53c63138bf2725
"(3,1,0,0)","(3,1,0,0):iso-00031",7eafb4d6ddcde451897d07120f7f4e748cd68ef5df71b5e0372c76fb29bc5578,112,a4f587b27cd5e3f653cbd4f22b89dfb9088f947accf43c33f0294425bc92b782
"(3,1,0,0)","(3,1,0,0):iso-00031",7eafb4d6ddcde451897d07120f7f4e748cd68ef5df71b5e0372c76fb29bc5578,112,19988ba96eda0f4d1331b9550ce53f63c0171d3d145a03f149521a69a185f021
"(3,1,0,0)","(3,1,0,0):iso-00031",7eafb4d6ddcde451897d07120f7f4e748cd68ef5df71b5e0372c76fb29bc5578,112,cab3221711c966762305d82454cc77e5d6f5a54e2b40aa9b6405a5dcf336fac7
"(3,1,0,0)","(3,1,0,0):iso-00031",7eafb4d6ddcde451897d07120f7f4e748cd68ef5df71b5e0372c76fb29bc5578,112,92eb0dfd1edf5a5b53c71b1e7d52e70fecd468f150790d1afb524232f0a47e50
"(3,1,0,0)","(3,1,0,0):iso-00031",7eafb4d6ddcde451897d07120f7f4e748cd68ef5df71b5e0372c76fb29bc5578,112,a4b05c50de7ca978f85e657735f6ecefe97b518100242e77c4ac7e78d42f0347
"(3,1,0,0)","(3,1,0,0):iso-00031",7eafb4d6ddcde451897d07120f7f4e748cd68ef5df71b5e0372c76fb29bc5578,112,369966e2700d990725e7dab7c9c3f6c2505e4adf85f5d4283c5631aaf1fa7cac
"(3,1,0,0)","(3,1,0,0):iso-00031",7eafb4d6ddcde451897d07120f7f4e748cd68ef5df71b5e0372c76fb29bc5578,112,c87cecf94accd8640caf84ea087ad4c928c729d26a46d0b33a4c19cf05043a00
"(3,1,0,0)","(3,1,0,0):iso-00031",7eafb4d6ddcde451897d07120f7f4e748cd68ef5df71b5e0372c76fb29bc5578,112,859a2ca5104515faf214bef6cacb812432caa592c1a4d95eba97f0482504e5a3
"(3,1,0,0)","(3,1,0,0):iso-00031",7eafb4d6ddcde451897d07120f7f4e748cd68ef5df71b5e0372c76fb29bc5578,112,72c7e3fe4237996a8a26abcaeadbcf269af06f5265a9cf1acce66437ad0df8ba
"(3,1,0,0)","(3,1,0,0):iso-00031",7eafb4d6ddcde451897d07120f7f4e748cd68ef5df71b5e0372c76fb29bc5578,112,b3a141516cef973fe3a6f3ec9b51246901edd556c54de0ad7241cb6abf1305d4
"(3,1,0,0)","(3,1,0,0):iso-00031",7eafb4d6ddcde451897d07120f7f4e748cd68ef5df71b5e0372c76fb29bc5578,112,0f80cfe3a468287e3cd965466020029e25c920cebe4c1f732e9653ca60bbad02
"(3,1,0,0)","(3,1,0,0):iso-00031",7eafb4d6ddcde451897d07120f7f4e748cd68ef5df71b5e0372c76fb29bc5578,112,7dd3b2b3060d8cab96a99b1eff4f2cc872f585cb38ec2131dc255f76ec60c9e7
"(3,1,0,0)","(3,1,0,0):iso-00031",7eafb4d6ddcde451897d07120f7f4e748cd68ef5df71b5e0372c76fb29bc5578,112,a27e410427eaa6746f3e2558e0a374ad148e1aca07701a25e3c91e5b7e37cac3
"(3,1,0,0)","(3,1,0,0):iso-00031",7eafb4d6ddcde451897d07120f7f4e748cd68ef5df71b5e0372c76fb29bc5578,112,5471a54b3b6006c7662c463227bf19cdc79a3366a42d19416a7640e27601daaa
"(3,1,0,0)","(3,1,0,0):iso-00031",7eafb4d6ddcde451897d07120f7f4e748cd68ef5df71b5e0372c76fb29bc5578,112,8608612948f2f0b66f328a6fefe3f8a11d4a30183a530d8b291ff3b5f1a09a8c
"(3,1,0,0)","(3,1,0,0):iso-00031",7eafb4d6ddcde451897d07120f7f4e748cd68ef5df71b5e0372c76fb29bc5578,112,dce9345d5d88ceccfb35b86a9da903a3a0548bb57f6bb299c3426e4ebdd8ae15
"(3,1,0,0)","(3,1,0,0):iso-00031",7eafb4d6ddcde451897d07120f7f4e748cd68ef5df71b5e0372c76fb29bc5578,112,6d1d80f57c61633381c0b8c821dd83a49534b42dfc54fb6b6d90150f544a412a
"(3,1,0,0)","(3,1,0,0):iso-00031",7eafb4d6ddcde451897d07120f7f4e748cd68ef5df71b5e0372c76fb29bc5578,112,2b5beb2c950f9d2190a69a81a7a103600c23b49126d89fb7a0aabe2c0ac3594b
"(3,1,0,0)","(3,1,0,0):iso-00031",7eafb4d6ddcde451897d07120f7f4e748cd68ef5df71b5e0372c76fb29bc5578,112,18937c5433b80209f51c2280a824c08720a4220c5be7ec66639504dec3afaba1
"(3,1,0,0)","(3,1,0,0):iso-00031",7eafb4d6ddcde451897d07120f7f4e748cd68ef5df71b5e0372c76fb29bc5578,112,f3113a4202e09fab47ab7d6d8523736d9c24accb93b2cab54aca98e3f01fd658
"(3,1,0,0)","(3,1,0,0):iso-00031",7eafb4d6ddcde451897d07120f7f4e748cd68ef5df71b5e0372c76fb29bc5578,112,649b233c4e2e0d60ae7de68d94dcceb6cf2f17210492ab9fc1f1582d8727ad60
"(3,1,0,0)","(3,1,0,0):iso-00031",7eafb4d6ddcde451897d07120f7f4e748cd68ef5df71b5e0372c76fb29bc5578,112,7eddfa535ff79c7f3cd5abe96532ff3c9ac6f26c79ddf662ae092acb73148cc2
"(3,1,0,0)","(3,1,0,0):iso-00031",7eafb4d6ddcde451897d07120f7f4e748cd68ef5df71b5e0372c76fb29bc5578,112,1a26eda4d44e1faee8f7c8887566eb08831902cf63b78f50774c4fb0fa4fe3f4
"(3,1,0,0)","(3,1,0,0):iso-00031",7eafb4d6ddcde451897d07120f7f4e748cd68ef5df71b5e0372c76fb29bc5578,112,124595ddb9c753dfe35a63f913284e88029106d33ebb1178d2ec7a7bef4468b6
"(3,1,0,0)","(3,1,0,0):iso-00031",7eafb4d6ddcde451897d07120f7f4e748cd68ef5df71b5e0372c76fb29bc5578,112,167856c88ec48aa7e983f8c139b63c8c6c815243fed04af17a82d86f9aa43b49
"(3,1,0,0)","(3,1,0,0):iso-00031",7eafb4d6ddcde451897d07120f7f4e748cd68ef5df71b5e0372c76fb29bc5578,112,7ab673b6c391c783d145c2894b851c074e8dcf9f08016cea108511af5d815e79
"(3,1,0,0)","(3,1,0,0):iso-00031",7eafb4d6ddcde451897d07120f7f4e748cd68ef5df71b5e0372c76fb29bc5578,112,587df868178e9b7dcf92d065231a174994d805e8b8a42b8ffbaba11ea04dc9fb
"(3,1,0,0)","(3,1,0,0):iso-00031",7eafb4d6ddcde451897d07120f7f4e748cd68ef5df71b5e0372c76fb29bc5578,112,2476b9c38cd363c033343bd54f680fbd4496156d528259fbbb6e25aa03110ce2
"(3,1,0,0)","(3,1,0,0):iso-00031",7eafb4d6ddcde451897d07120f7f4e748cd68ef5df71b5e0372c76fb29bc5578,112,3a9428e7238ae70da3ba10540d7d838fce0e457a4dd641c882a3c7915db2e69c
"(3,1,0,0)","(3,1,0,0):iso-00031",7eafb4d6ddcde451897d07120f7f4e748cd68ef5df71b5e0372c76fb29bc5578,112,ca91ea0fbb37a5e1ea9e0e9f2a8e07d31821c67b7a3e5b8f81b6553944158ba4
"(3,1,0,0)","(3,1,0,0):iso-00031",7eafb4d6ddcde451897d07120f7f4e748cd68ef5df71b5e0372c76fb29bc5578,112,71240e685e82957293eac8ecd52b19b07edc56020fcecaee3ef8dca6ed513c5c
"(3,1,0,0)","(3,1,0,0):iso-00031",7eafb4d6ddcde451897d07120f7f4e748cd68ef5df71b5e0372c76fb29bc5578,112,8fc9c6f7762bbfb898e0348756d3d15fc0aacf8951d266c9ecae9bd2403c51cd
"(3,1,0,0)","(3,1,0,0):iso-00031",7eafb4d6ddcde451897d07120f7f4e748cd68ef5df71b5e0372c76fb29bc5578,112,54188ba581d5c72dfd712dc8bab4eccd0ea0dbc98fc2c9a617044b57b51eb430
"(3,1,0,0)","(3,1,0,0):iso-00031",7eafb4d6ddcde451897d07120f7f4e748cd68ef5df71b5e0372c76fb29bc5578,112,fccf36b6c97824d10b3f7a5162ed991cb7c000c439cba291c47c876e91c2d68e
"(3,1,0,0)","(3,1,0,0):iso-00031",7eafb4d6ddcde451897d07120f7f4e748cd68ef5df71b5e0372c76fb29bc5578,112,ef6abaf1342d125930d04f0fcbd51bc56a6f42b3f1fe9615e08402c8dd682a51
"(3,1,0,0)","(3,1,0,0):iso-00031",7eafb4d6ddcde451897d07120f7f4e748cd68ef5df71b5e0372c76fb29bc5578,112,0a8fca8ae8115a38c7e97d1f0a19d2b9a59aa180faa52018fd77eaa068660e1c
"(3,1,0,0)","(3,1,0,0):iso-00031",7eafb4d6ddcde451897d07120f7f4e748cd68ef5df71b5e0372c76fb29bc5578,112,1538fd30b86369e114d680f0157764b38c9149213bd2994f6065d8e70b2b66c6
"(3,1,0,0)","(3,1,0,0):iso-00031",7eafb4d6ddcde451897d07120f7f4e748cd68ef5df71b5e0372c76fb29bc5578,112,1cfe347f1eeb49320e88c54ab0fe326b36e62d6a650e1cabd1479187156448f6
"(3,1,0,0)","(3,1,0,0):iso-00031",7eafb4d6ddcde451897d07120f7f4e748cd68ef5df71b5e0372c76fb29bc5578,112,9ee56b93c826c74e505ce2f1b7f25b6530d7f90896761b119b3d9d51174b498a
"(3,1,0,0)","(3,1,0,0):iso-00031",7eafb4d6ddcde451897d07120f7f4e748cd68ef5df71b5e0372c76fb29bc5578,112,97881ab0829fdb3ca888354542699ef3a85d224ab3e2c388f2859f2561c57f8b
"(3,1,0,0)","(3,1,0,0):iso-00031",7eafb4d6ddcde451897d07120f7f4e748cd68ef5df71b5e0372c76fb29bc5578,112,99410f888e68339f209c084e3aca5006fcb76de8735091f97b33fd0c2fb1d19a
"(3,1,0,0)","(3,1,0,0):iso-00032",69218856a7e80aacf9de23498bef8d3a5a1e1bf51dcbc57a861866a6ceea89e3,52,69218856a7e80aacf9de23498bef8d3a5a1e1bf51dcbc57a861866a6ceea89e3
"(3,1,0,0)","(3,1,0,0):iso-00032",69218856a7e80aacf9de23498bef8d3a5a1e1bf51dcbc57a861866a6ceea89e3,52,372293ccc65c309fabccaa008cb12b2a14be1a00e9538d2bd1414d3e515d3a24
"(3,1,0,0)","(3,1,0,0):iso-00032",69218856a7e80aacf9de23498bef8d3a5a1e1bf51dcbc57a861866a6ceea89e3,52,d41b82c22e233ace95c659f7dc44c5b02d73fb1b4db0f26810e50c6e0aec9778
"(3,1,0,0)","(3,1,0,0):iso-00032",69218856a7e80aacf9de23498bef8d3a5a1e1bf51dcbc57a861866a6ceea89e3,52,ca6b7dbb73d507f7652735cfe3e7f89203b64c3df2a461cbf6c04acaa1916363
"(3,1,0,0)","(3,1,0,0):iso-00032",69218856a7e80aacf9de23498bef8d3a5a1e1bf51dcbc57a861866a6ceea89e3,52,0a9e34e8061750705fd3666b31c5c82601e83ca314ab3989ecba51a62b90cf9c
"(3,1,0,0)","(3,1,0,0):iso-00032",69218856a7e80aacf9de23498bef8d3a5a1e1bf51dcbc57a861866a6ceea89e3,52,3c65240c2d793f3e06b04de171dc56859243d53805f5af7c9a3563059fe23972
"(3,1,0,0)","(3,1,0,0):iso-00032",69218856a7e80aacf9de23498bef8d3a5a1e1bf51dcbc57a861866a6ceea89e3,52,4c8c5c75e105483b1ce4b8565d9d174f9b54982055976d16574956c97463ff4c
"(3,1,0,0)","(3,1,0,0):iso-00032",69218856a7e80aacf9de23498bef8d3a5a1e1bf51dcbc57a861866a6ceea89e3,52,f41ab18500d4a1394b74454e2af738d3bf4b07c41cf40ea3e5c017ea63223565
"(3,1,0,0)","(3,1,0,0):iso-00032",69218856a7e80aacf9de23498bef8d3a5a1e1bf51dcbc57a861866a6ceea89e3,52,2cf5051ba5b70de826b572903e6586c544272c3752e164fb09a84abd39942b3f
"(3,1,0,0)","(3,1,0,0):iso-00032",69218856a7e80aacf9de23498bef8d3a5a1e1bf51dcbc57a861866a6ceea89e3,52,e4131108c3b692c1f0ef5460f9afa93783faaf4b2b9f6433e2d01d452af11116
"(3,1,0,0)","(3,1,0,0):iso-00032",69218856a7e80aacf9de23498bef8d3a5a1e1bf51dcbc57a861866a6ceea89e3,52,af4aa372c1e554e91a8f0af6d2f36d9b0a68ac5aff34d815906bd56cd346f390
"(3,1,0,0)","(3,1,0,0):iso-00032",69218856a7e80aacf9de23498bef8d3a5a1e1bf51dcbc57a861866a6ceea89e3,52,98c3fa2af4a45e9285b9547a0d2df10c45421cdac341e6211eeffb8c95ba7f9a
"(3,1,0,0)","(3,1,0,0):iso-00032",69218856a7e80aacf9de23498bef8d3a5a1e1bf51dcbc57a861866a6ceea89e3,52,d0abf20887819c53d3c25f719c79adbc4256fa8b6b9edc5c908296ed4a672ad4
"(3,1,0,0)","(3,1,0,0):iso-00032",69218856a7e80aacf9de23498bef8d3a5a1e1bf51dcbc57a861866a6ceea89e3,52,e3c371ac3127c862b1ae765715cfabf39bb6f8f82bba6aec380b1bc7d6fc0efd
"(3,1,0,0)","(3,1,0,0):iso-00032",69218856a7e80aacf9de23498bef8d3a5a1e1bf51dcbc57a861866a6ceea89e3,52,426fc302bc15f933ca89a22b5df1ad4ca0825b2dbe2751b3faa71a51c1423c1a
"(3,1,0,0)","(3,1,0,0):iso-00032",69218856a7e80aacf9de23498bef8d3a5a1e1bf51dcbc57a861866a6ceea89e3,52,1fd3ab6463228fd33d68fe453efa85766b6708f1dcd6cd060fb12fe69fbf346f
"(3,1,0,0)","(3,1,0,0):iso-00032",69218856a7e80aacf9de23498bef8d3a5a1e1bf51dcbc57a861866a6ceea89e3,52,ab735c9f5b86866097ad3d3bdf0090531b50db5aff262bd9a0fbf5dec43ad518
"(3,1,0,0)","(3,1,0,0):iso-00032",69218856a7e80aacf9de23498bef8d3a5a1e1bf51dcbc57a861866a6ceea89e3,52,549b1273344ea6e47d2b5105ce570258d790a55eb0be8a2ddbe7e07d14691fc4
"(3,1,0,0)","(3,1,0,0):iso-00032",69218856a7e80aacf9de23498bef8d3a5a1e1bf51dcbc57a861866a6ceea89e3,52,c151aaa80e05dc748e34bd595f86e6096dcc92cd4e6b5118b362fab261594a9f
"(3,1,0,0)","(3,1,0,0):iso-00032",69218856a7e80aacf9de23498bef8d3a5a1e1bf51dcbc57a861866a6ceea89e3,52,f5115a7755fccdfaefd56603368c54cac3f378dbd3a47cd3f712abb0b7d40780
"(3,1,0,0)","(3,1,0,0):iso-00032",69218856a7e80aacf9de23498bef8d3a5a1e1bf51dcbc57a861866a6ceea89e3,52,ccb9aa1e223abe0ddd3b293abc4f721aff0e6104a8d7b71933583520d9faa2ff
"(3,1,0,0)","(3,1,0,0):iso-00032",69218856a7e80aacf9de23498bef8d3a5a1e1bf51dcbc57a861866a6ceea89e3,52,ad2fbb1a97b0acbda87d6725ab599ece23cd725b58e9373ba591ac26b1fcc7ff
"(3,1,0,0)","(3,1,0,0):iso-00032",69218856a7e80aacf9de23498bef8d3a5a1e1bf51dcbc57a861866a6ceea89e3,52,bd4e03966acb70a29d0d8cbf2809ec11abf343e87c4b85dfeb4a7308bba5a4c2
"(3,1,0,0)","(3,1,0,0):iso-00032",69218856a7e80aacf9de23498bef8d3a5a1e1bf51dcbc57a861866a6ceea89e3,52,dab641c94a3ac3d1047b61507bc5acea1debe91d1bc5d8dbe81c2268df3d064a
"(3,1,0,0)","(3,1,0,0):iso-00032",69218856a7e80aacf9de23498bef8d3a5a1e1bf51dcbc57a861866a6ceea89e3,52,b10ac1eaffe50b3b9842587ce1b592c933b124c099ef6e7968c41c899881e718
"(3,1,0,0)","(3,1,0,0):iso-00032",69218856a7e80aacf9de23498bef8d3a5a1e1bf51dcbc57a861866a6ceea89e3,52,8a77325a9d9cde6189d587b6825f53cf0eee238d349bed32fd6058051e886ccd
"(3,1,0,0)","(3,1,0,0):iso-00032",69218856a7e80aacf9de23498bef8d3a5a1e1bf51dcbc57a861866a6ceea89e3,52,1a27762ca604b4a8f2a23add5b57b32f7c8d3191b7d59e82b7984a45a14fb60f
"(3,1,0,0)","(3,1,0,0):iso-00032",69218856a7e80aacf9de23498bef8d3a5a1e1bf51dcbc57a861866a6ceea89e3,52,453a502dc3da2ade24ab23c5f29924940f3bf607374be1fce55a0a35cc299683
"(3,1,0,0)","(3,1,0,0):iso-00032",69218856a7e80aacf9de23498bef8d3a5a1e1bf51dcbc57a861866a6ceea89e3,52,9c73deba0abd8cb561bd88f21b7f33614206cd46bf4b28e5b4e491b564cbe8c5
"(3,1,0,0)","(3,1,0,0):iso-00032",69218856a7e80aacf9de23498bef8d3a5a1e1bf51dcbc57a861866a6ceea89e3,52,4e90ecad8276f0acf4343b781d635104078c9587c18b01aa604dcdc6fffac2fc
"(3,1,0,0)","(3,1,0,0):iso-00032",69218856a7e80aacf9de23498bef8d3a5a1e1bf51dcbc57a861866a6ceea89e3,52,6b28c451c088a1362a20f4c13c7282659f3d04e602c60736c426acb442a45064
"(3,1,0,0)","(3,1,0,0):iso-00032",69218856a7e80aacf9de23498bef8d3a5a1e1bf51dcbc57a861866a6ceea89e3,52,43a24e0109e0751e01830dd3fad93815f319fbdb80193e40381e85abb4115ddb
"(3,1,0,0)","(3,1,0,0):iso-00032",69218856a7e80aacf9de23498bef8d3a5a1e1bf51dcbc57a861866a6ceea89e3,52,56292f8b9d786d80e4cc968417eac2db7dd89b56160a24401486c78f98d39485
"(3,1,0,0)","(3,1,0,0):iso-00032",69218856a7e80aacf9de23498bef8d3a5a1e1bf51dcbc57a861866a6ceea89e3,52,d7810a1d8828cafe5e6640e46f0fd97bc01759495dd193c64879e1007d9f5db9
"(3,1,0,0)","(3,1,0,0):iso-00032",69218856a7e80aacf9de23498bef8d3a5a1e1bf51dcbc57a861866a6ceea89e3,52,82eb7b594177aa1fb706af2b440e555fed809f56fc03581d37410db94e02a6e8
"(3,1,0,0)","(3,1,0,0):iso-00032",69218856a7e80aacf9de23498bef8d3a5a1e1bf51dcbc57a861866a6ceea89e3,52,22120e23f0d5d8d7330ea80bd510b16a78302242b08d1590242c1db9f3331c85
"(3,1,0,0)","(3,1,0,0):iso-00032",69218856a7e80aacf9de23498bef8d3a5a1e1bf51dcbc57a861866a6ceea89e3,52,daac7cbd496081935090a49cda65e163600e89c3e8f06797b97c567b5d2a192e
"(3,1,0,0)","(3,1,0,0):iso-00032",69218856a7e80aacf9de23498bef8d3a5a1e1bf51dcbc57a861866a6ceea89e3,52,3961255805df9dcba7db8eaedb83b0c1411e6930a24cb6398d3df827b3e7b46b
"(3,1,0,0)","(3,1,0,0):iso-00032",69218856a7e80aacf9de23498bef8d3a5a1e1bf51dcbc57a861866a6ceea89e3,52,2c61d6c833c29e4b45e9ff5374b1a55fe1ef44105941d05e00e607e602b6f1dd
"(3,1,0,0)","(3,1,0,0):iso-00032",69218856a7e80aacf9de23498bef8d3a5a1e1bf51dcbc57a861866a6ceea89e3,52,984ea2c21ac5582b7a7376bab0ae4af563e33c17045e17be5b1b4cad648ccea2
"(3,1,0,0)","(3,1,0,0):iso-00032",69218856a7e80aacf9de23498bef8d3a5a1e1bf51dcbc57a861866a6ceea89e3,52,90cecf81fa378357ce21e25ce1d37526b13c2e6cbd3077b12b9b189c10078c79
"(3,1,0,0)","(3,1,0,0):iso-00032",69218856a7e80aacf9de23498bef8d3a5a1e1bf51dcbc57a861866a6ceea89e3,52,8308b3ddf9d8aaf45f5e5ee748e74a9612e1f2fd20a7dfc5eb32b818cefc60dd
"(3,1,0,0)","(3,1,0,0):iso-00032",69218856a7e80aacf9de23498bef8d3a5a1e1bf51dcbc57a861866a6ceea89e3,52,cb4a36defe022c11dba9d029da45933e47e4a5edef3c2cfe417ddee824c4eb6a
"(3,1,0,0)","(3,1,0,0):iso-00032",69218856a7e80aacf9de23498bef8d3a5a1e1bf51dcbc57a861866a6ceea89e3,52,adc961b30cf30c52b28af914bba327003ebe6bfad5fd12c9f08409d4d493c461
"(3,1,0,0)","(3,1,0,0):iso-00032",69218856a7e80aacf9de23498bef8d3a5a1e1bf51dcbc57a861866a6ceea89e3,52,3953044088fcb7044286b77f24b811c20da60b3b089a67d255ecd807e787fc86
"(3,1,0,0)","(3,1,0,0):iso-00032",69218856a7e80aacf9de23498bef8d3a5a1e1bf51dcbc57a861866a6ceea89e3,52,e14a9da77609ae6411e7b0e6b2525ddbd8fa8ccaf2bba51800c7b6036ce1818e
"(3,1,0,0)","(3,1,0,0):iso-00032",69218856a7e80aacf9de23498bef8d3a5a1e1bf51dcbc57a861866a6ceea89e3,52,08eda26afc3abc66d040201834f98d2741563d4034b1eb0191a78947711d5029
"(3,1,0,0)","(3,1,0,0):iso-00032",69218856a7e80aacf9de23498bef8d3a5a1e1bf51dcbc57a861866a6ceea89e3,52,04d5a131334f98e0459fa4530c18ea3eb0edec597b93dfc820220c3e0177889d
"(3,1,0,0)","(3,1,0,0):iso-00032",69218856a7e80aacf9de23498bef8d3a5a1e1bf51dcbc57a861866a6ceea89e3,52,e4903e6b6dde16829ae230eb1dd95a4f5230043b3d39176c6ac34700fffe6ff6
"(3,1,0,0)","(3,1,0,0):iso-00032",69218856a7e80aacf9de23498bef8d3a5a1e1bf51dcbc57a861866a6ceea89e3,52,8f0cfd9a527fe3cb437ae10aed51cbe7806437b33b48732bc66af48086a26094
"(3,1,0,0)","(3,1,0,0):iso-00032",69218856a7e80aacf9de23498bef8d3a5a1e1bf51dcbc57a861866a6ceea89e3,52,fa1f8fc2fa98207f7d7ee10ff79847aca0fe83dfaae728602709b47b67a153d8
"(3,1,0,0)","(3,1,0,0):iso-00032",69218856a7e80aacf9de23498bef8d3a5a1e1bf51dcbc57a861866a6ceea89e3,52,226781a7da24206aa0b4e88839cf9262da99208265e7c937cb335e670977809e
"(3,1,0,0)","(3,1,0,0):iso-00033",3d23a50bfd41353eafe8ae9793618c671794830d38ecab454ac93305c16ceb1b,1,3d23a50bfd41353eafe8ae9793618c671794830d38ecab454ac93305c16ceb1b
"(3,1,0,0)","(3,1,0,0):iso-00034",8f1cda2750f221420bd917ed982ebc2edc97ec45f019ac8edace6bda4056e249,47,8f1cda2750f221420bd917ed982ebc2edc97ec45f019ac8edace6bda4056e249
"(3,1,0,0)","(3,1,0,0):iso-00034",8f1cda2750f221420bd917ed982ebc2edc97ec45f019ac8edace6bda4056e249,47,86c285123a2942230d688e20e2d7bd3ec124f86beecaefebd5fc68666037f6f9
"(3,1,0,0)","(3,1,0,0):iso-00034",8f1cda2750f221420bd917ed982ebc2edc97ec45f019ac8edace6bda4056e249,47,24a20457764bf49025cddec8b7f8594484412ad67ba1ca8fc999307821592a20
"(3,1,0,0)","(3,1,0,0):iso-00034",8f1cda2750f221420bd917ed982ebc2edc97ec45f019ac8edace6bda4056e249,47,7d8b58f9701905ef3b6a868164dd683a92e03eebc0894b8e2e06f2590fa974c5
"(3,1,0,0)","(3,1,0,0):iso-00034",8f1cda2750f221420bd917ed982ebc2edc97ec45f019ac8edace6bda4056e249,47,882939d9bb9f20e22a79b3ffd33678183eafa739438435b3efaa0ca443c3196d
"(3,1,0,0)","(3,1,0,0):iso-00034",8f1cda2750f221420bd917ed982ebc2edc97ec45f019ac8edace6bda4056e249,47,fc30a6d557676dd01709522ae8f5709e8b950de958d6f793b0a0eaf0259e2de8
"(3,1,0,0)","(3,1,0,0):iso-00034",8f1cda2750f221420bd917ed982ebc2edc97ec45f019ac8edace6bda4056e249,47,7ba51d3746d12cc8604998a2ed549f86b4545e2d1391a68068c4a14717309b65
"(3,1,0,0)","(3,1,0,0):iso-00034",8f1cda2750f221420bd917ed982ebc2edc97ec45f019ac8edace6bda4056e249,47,86570d77ef1109f3963f0ad3d96b9f766667c060e5b5d9faf06c39de2b8d59a2
"(3,1,0,0)","(3,1,0,0):iso-00034",8f1cda2750f221420bd917ed982ebc2edc97ec45f019ac8edace6bda4056e249,47,4c5eed93dda27583ba623f999e4588ce0ea37c68b61130f33287df36275e2af7
"(3,1,0,0)","(3,1,0,0):iso-00034",8f1cda2750f221420bd917ed982ebc2edc97ec45f019ac8edace6bda4056e249,47,1dae4b945b9664e6f7c8fc6b177f2da2c6106399753a076f0fb4c1f182717b5b
"(3,1,0,0)","(3,1,0,0):iso-00034",8f1cda2750f221420bd917ed982ebc2edc97ec45f019ac8edace6bda4056e249,47,c99468d5f7b5b7d3113a76d08133e96b3e6e8f15e3e90cf5fc12c84df86c5d00
"(3,1,0,0)","(3,1,0,0):iso-00034",8f1cda2750f221420bd917ed982ebc2edc97ec45f019ac8edace6bda4056e249,47,8e89ecc502eebabe3fd61374099c743bd35251c40f4ce7e28016c0a22c0c2034
"(3,1,0,0)","(3,1,0,0):iso-00034",8f1cda2750f221420bd917ed982ebc2edc97ec45f019ac8edace6bda4056e249,47,15efa337f6d4d9d8dc6da58e648a09432c11bc6283e04c78ac28a0a35c7a19da
"(3,1,0,0)","(3,1,0,0):iso-00034",8f1cda2750f221420bd917ed982ebc2edc97ec45f019ac8edace6bda4056e249,47,00e71fd5af408cf152c214b56706af436b41a17d867a3e0188448e25a584b193
"(3,1,0,0)","(3,1,0,0):iso-00034",8f1cda2750f221420bd917ed982ebc2edc97ec45f019ac8edace6bda4056e249,47,efdf30e8ddfb515b3a8392f1e0b3d4cc7e7168e1897633ffe692d6f37036dcc9
"(3,1,0,0)","(3,1,0,0):iso-00034",8f1cda2750f221420bd917ed982ebc2edc97ec45f019ac8edace6bda4056e249,47,48d355a25e1ff678f69d644439a3f2b6ff52e3662e583b5316155d82814cd852
"(3,1,0,0)","(3,1,0,0):iso-00034",8f1cda2750f221420bd917ed982ebc2edc97ec45f019ac8edace6bda4056e249,47,0224e8fcd5af3d0f9a1f7c3cb65d04ae47914baeb18d7adb91588f40b33b6413
"(3,1,0,0)","(3,1,0,0):iso-00034",8f1cda2750f221420bd917ed982ebc2edc97ec45f019ac8edace6bda4056e249,47,08b5ae5abc5eae5806a590b400481cf84cd0a379befd8c60001e9698bc5f84a2
"(3,1,0,0)","(3,1,0,0):iso-00034",8f1cda2750f221420bd917ed982ebc2edc97ec45f019ac8edace6bda4056e249,47,88cb23654329aac35092c972399986b8822bcc35b636ca4a7a90920df2dd98b3
"(3,1,0,0)","(3,1,0,0):iso-00034",8f1cda2750f221420bd917ed982ebc2edc97ec45f019ac8edace6bda4056e249,47,a344f9ede857384b3a3278621757933b6ed4ccc9da013e7c48a884d0128e9aee
"(3,1,0,0)","(3,1,0,0):iso-00034",8f1cda2750f221420bd917ed982ebc2edc97ec45f019ac8edace6bda4056e249,47,fc502c5188efa5e97096a416aa16c303376e8872322e6019f422862d173f8e72
"(3,1,0,0)","(3,1,0,0):iso-00034",8f1cda2750f221420bd917ed982ebc2edc97ec45f019ac8edace6bda4056e249,47,aa2027c7afbf89b98c18fdb5c730f7197e8bae3d5c716e4e36e9026ae0342a0b
"(3,1,0,0)","(3,1,0,0):iso-00034",8f1cda2750f221420bd917ed982ebc2edc97ec45f019ac8edace6bda4056e249,47,0151b14c8fe8fd055b98020f8be33af49e29b9bd7bea007444e51f1a03ec6522
"(3,1,0,0)","(3,1,0,0):iso-00034",8f1cda2750f221420bd917ed982ebc2edc97ec45f019ac8edace6bda4056e249,47,107bcf8fee7c3252aa7559784bdd1cbc9ee113844c654efc39b54bf877a34de3
"(3,1,0,0)","(3,1,0,0):iso-00034",8f1cda2750f221420bd917ed982ebc2edc97ec45f019ac8edace6bda4056e249,47,380dcf8e740f8be2a915e7cf676659d2435934d6fe5af41cba26a7d36f532645
"(3,1,0,0)","(3,1,0,0):iso-00034",8f1cda2750f221420bd917ed982ebc2edc97ec45f019ac8edace6bda4056e249,47,8e508e20da57bec5160bbd3429e018fb3543f5f41d0fb4dd6164ae5fac5c19f2
"(3,1,0,0)","(3,1,0,0):iso-00034",8f1cda2750f221420bd917ed982ebc2edc97ec45f019ac8edace6bda4056e249,47,bdd1553e07219d7208b0e1a065ade5e31c1018add0affb917a8095682aac3405
"(3,1,0,0)","(3,1,0,0):iso-00034",8f1cda2750f221420bd917ed982ebc2edc97ec45f019ac8edace6bda4056e249,47,7e5f3328cbb629a42d33eae1a36e63e70ba21b7ea91eca3ce58cba972ec9354a
"(3,1,0,0)","(3,1,0,0):iso-00034",8f1cda2750f221420bd917ed982ebc2edc97ec45f019ac8edace6bda4056e249,47,f1adf413c619faafeaf294f67e7ea05401af2125d3b0be8eaa898700e7af063f
"(3,1,0,0)","(3,1,0,0):iso-00034",8f1cda2750f221420bd917ed982ebc2edc97ec45f019ac8edace6bda4056e249,47,a35c6d9dd29f2d221e98db55c186dd8236033a76c73e1251ed6fcf3464654ac2
"(3,1,0,0)","(3,1,0,0):iso-00034",8f1cda2750f221420bd917ed982ebc2edc97ec45f019ac8edace6bda4056e249,47,73b8d852dbc1131627b077a5c89a2f9f52a31b6a10337c9c6e211e05445301e4
"(3,1,0,0)","(3,1,0,0):iso-00034",8f1cda2750f221420bd917ed982ebc2edc97ec45f019ac8edace6bda4056e249,47,14f9299a475c0f0fe29dde52c65d3bb211102ff3d7b8b042d51711779403e844
"(3,1,0,0)","(3,1,0,0):iso-00034",8f1cda2750f221420bd917ed982ebc2edc97ec45f019ac8edace6bda4056e249,47,2d9f49390c6eccb723665e42408d0ec63c0c7cc09bc2520645a60e2c82a2d153
"(3,1,0,0)","(3,1,0,0):iso-00034",8f1cda2750f221420bd917ed982ebc2edc97ec45f019ac8edace6bda4056e249,47,d93eee0c12f2b831ce2362c5c93c7a3c98ef19d18016d7977086c4274159bfa9
"(3,1,0,0)","(3,1,0,0):iso-00034",8f1cda2750f221420bd917ed982ebc2edc97ec45f019ac8edace6bda4056e249,47,abd1acd2c947775a00f4f25c51a465f22a9434d1c225c1328da77de93133c28f
"(3,1,0,0)","(3,1,0,0):iso-00034",8f1cda2750f221420bd917ed982ebc2edc97ec45f019ac8edace6bda4056e249,47,cbcc35d45aaff369c7138336ad2d2d5ba405d083c072bbfde56ac7221e8b2a13
"(3,1,0,0)","(3,1,0,0):iso-00034",8f1cda2750f221420bd917ed982ebc2edc97ec45f019ac8edace6bda4056e249,47,601d63068b62b65bf082b289194c64000a48a147464fa6264c2f95691156966d
"(3,1,0,0)","(3,1,0,0):iso-00034",8f1cda2750f221420bd917ed982ebc2edc97ec45f019ac8edace6bda4056e249,47,e2773c25d3352b734752266242586a8590370946c6c052b5e90e7a93f5c81827
"(3,1,0,0)","(3,1,0,0):iso-00034",8f1cda2750f221420bd917ed982ebc2edc97ec45f019ac8edace6bda4056e249,47,0808016d838df25b1b97b659e7de0e8e04f9f1a241fae1ae0fa388d69987c27b
"(3,1,0,0)","(3,1,0,0):iso-00034",8f1cda2750f221420bd917ed982ebc2edc97ec45f019ac8edace6bda4056e249,47,af15e62e0a7500dec981c36d635f60f3a39b79d6a7e2f89d5ef89622b1f61a7e
"(3,1,0,0)","(3,1,0,0):iso-00034",8f1cda2750f221420bd917ed982ebc2edc97ec45f019ac8edace6bda4056e249,47,bf12482ee88b4b23039e9ee26e30dbe0429bbe7d97af6b2464ff792fcd64c3cf
"(3,1,0,0)","(3,1,0,0):iso-00034",8f1cda2750f221420bd917ed982ebc2edc97ec45f019ac8edace6bda4056e249,47,ce22428741097d62c0265346b5e9a24077269931e789f02176bda80d5d230433
"(3,1,0,0)","(3,1,0,0):iso-00034",8f1cda2750f221420bd917ed982ebc2edc97ec45f019ac8edace6bda4056e249,47,952426106e42de2318acba3990596a244b8ee9a401b92c195e146ff4951d8d6a
"(3,1,0,0)","(3,1,0,0):iso-00034",8f1cda2750f221420bd917ed982ebc2edc97ec45f019ac8edace6bda4056e249,47,7254471af15ad3bf5f2326e392f1b0b694ba5c48a272d7d7061cbd59333be3ae
"(3,1,0,0)","(3,1,0,0):iso-00034",8f1cda2750f221420bd917ed982ebc2edc97ec45f019ac8edace6bda4056e249,47,f0c654f98d59c73ad1621e8fb806e5166df5ae3b44ea51caa3e9c8a2617dd2e0
"(3,1,0,0)","(3,1,0,0):iso-00034",8f1cda2750f221420bd917ed982ebc2edc97ec45f019ac8edace6bda4056e249,47,0149c94973142563fb6505312bb13c370bc8112e08ae7e1061b3e1eb5404baed
"(3,1,0,0)","(3,1,0,0):iso-00034",8f1cda2750f221420bd917ed982ebc2edc97ec45f019ac8edace6bda4056e249,47,5deaef25db406dc08e628ecc7d4ccd606c28b2b90e01b83d25169abefbf03a96
"(3,1,0,0)","(3,1,0,0):iso-00035",72a6f0c84224b62eaaf4d4a1b4537cd69adab5f9ecea0b5d0a5aba9f93879626,37,72a6f0c84224b62eaaf4d4a1b4537cd69adab5f9ecea0b5d0a5aba9f93879626
"(3,1,0,0)","(3,1,0,0):iso-00035",72a6f0c84224b62eaaf4d4a1b4537cd69adab5f9ecea0b5d0a5aba9f93879626,37,17b50a1b8eaac8a597a43a9e7258cbe2cec362f50730ffb2f2d13a10d168d344
"(3,1,0,0)","(3,1,0,0):iso-00035",72a6f0c84224b62eaaf4d4a1b4537cd69adab5f9ecea0b5d0a5aba9f93879626,37,aad8219bd0cc254ac40091e0a8c10431fead09b590b1389f14f5fbeafb644769
"(3,1,0,0)","(3,1,0,0):iso-00035",72a6f0c84224b62eaaf4d4a1b4537cd69adab5f9ecea0b5d0a5aba9f93879626,37,b8a288bae5bab3923dddeec1ce2f649de35ed152441da98c67281680430bc443
"(3,1,0,0)","(3,1,0,0):iso-00035",72a6f0c84224b62eaaf4d4a1b4537cd69adab5f9ecea0b5d0a5aba9f93879626,37,99c74fcb17cd60bef8333a6a1151fa8b76debb7c377894cb7f73af7fada02bbb
"(3,1,0,0)","(3,1,0,0):iso-00035",72a6f0c84224b62eaaf4d4a1b4537cd69adab5f9ecea0b5d0a5aba9f93879626,37,79e318464aac435fae97375a41f72b61d33d802fec8f7d90662b037641a5ed2d
"(3,1,0,0)","(3,1,0,0):iso-00035",72a6f0c84224b62eaaf4d4a1b4537cd69adab5f9ecea0b5d0a5aba9f93879626,37,7b8340db799a7e16935683aa9da78b1462ba15c2a43bd205c0029b9cf76e8df5
"(3,1,0,0)","(3,1,0,0):iso-00035",72a6f0c84224b62eaaf4d4a1b4537cd69adab5f9ecea0b5d0a5aba9f93879626,37,5eaeb4419eebbfb1b9c2fa0eaeaed5532171729c6b313a078a289cd335e54b0b
"(3,1,0,0)","(3,1,0,0):iso-00035",72a6f0c84224b62eaaf4d4a1b4537cd69adab5f9ecea0b5d0a5aba9f93879626,37,3ff50fb72b2490ea4430f5e5b41108c4bb0e78347be5e05c627bd0a05d11ab48
"(3,1,0,0)","(3,1,0,0):iso-00035",72a6f0c84224b62eaaf4d4a1b4537cd69adab5f9ecea0b5d0a5aba9f93879626,37,1eba05b4d2e22a07a731af3fb05cca82abc8affd61ce97503deca54a10339ae7
"(3,1,0,0)","(3,1,0,0):iso-00035",72a6f0c84224b62eaaf4d4a1b4537cd69adab5f9ecea0b5d0a5aba9f93879626,37,c390449d316cac49af635dc5f9592fc8fcb5f37d110c038a23fd59af5cf0dc4b
"(3,1,0,0)","(3,1,0,0):iso-00035",72a6f0c84224b62eaaf4d4a1b4537cd69adab5f9ecea0b5d0a5aba9f93879626,37,2657608ac4d40cb42e58f8b3ea077421e1bfb5fb5aa942d96bf2378a0fd49943
"(3,1,0,0)","(3,1,0,0):iso-00035",72a6f0c84224b62eaaf4d4a1b4537cd69adab5f9ecea0b5d0a5aba9f93879626,37,2411f4dd4d1e162a359482aa9efafc4653796998319c7789dbad4f54f45aea3f
"(3,1,0,0)","(3,1,0,0):iso-00035",72a6f0c84224b62eaaf4d4a1b4537cd69adab5f9ecea0b5d0a5aba9f93879626,37,32a15a353135b03790ea00d0c807a33a57fedfb8ce6cdd3eceb34f0668a0bfe4
"(3,1,0,0)","(3,1,0,0):iso-00035",72a6f0c84224b62eaaf4d4a1b4537cd69adab5f9ecea0b5d0a5aba9f93879626,37,e331e00f356acf0940fdcaad2315952c112db4c001491d99e8675bd733ea9a3c
"(3,1,0,0)","(3,1,0,0):iso-00035",72a6f0c84224b62eaaf4d4a1b4537cd69adab5f9ecea0b5d0a5aba9f93879626,37,25993c2fe49b934b6bafb0feb9c3b8fd7f462c0ac1ffce480138b5607afb01f5
"(3,1,0,0)","(3,1,0,0):iso-00035",72a6f0c84224b62eaaf4d4a1b4537cd69adab5f9ecea0b5d0a5aba9f93879626,37,4438e1a95e1da23900bdbcece49db39437f6445f05250b9decbfe82f16fe74b3
"(3,1,0,0)","(3,1,0,0):iso-00035",72a6f0c84224b62eaaf4d4a1b4537cd69adab5f9ecea0b5d0a5aba9f93879626,37,1fc2b7979a9eca26e3b95ff67c2abf9f632d052eaed4ca3de0927e025af4d5f2
"(3,1,0,0)","(3,1,0,0):iso-00035",72a6f0c84224b62eaaf4d4a1b4537cd69adab5f9ecea0b5d0a5aba9f93879626,37,c4addaf68bfcb090d7ca769cb3606fedb9636ce2c35a6d5f856dc515f21283ee
"(3,1,0,0)","(3,1,0,0):iso-00035",72a6f0c84224b62eaaf4d4a1b4537cd69adab5f9ecea0b5d0a5aba9f93879626,37,f8faf5f6851f645fb1498ce346bd18a6d8c4ff8002a9b074545c77319aa27145
"(3,1,0,0)","(3,1,0,0):iso-00035",72a6f0c84224b62eaaf4d4a1b4537cd69adab5f9ecea0b5d0a5aba9f93879626,37,4fd0509da4b27dbe4b7510504bc43640ea6e2fdbb093007dbe00b918d8406ba4
"(3,1,0,0)","(3,1,0,0):iso-00035",72a6f0c84224b62eaaf4d4a1b4537cd69adab5f9ecea0b5d0a5aba9f93879626,37,8ac9840e7550c8ad0f9ccb813cdf618575b5e36bcef27539a8bbfceff9cf8107
"(3,1,0,0)","(3,1,0,0):iso-00035",72a6f0c84224b62eaaf4d4a1b4537cd69adab5f9ecea0b5d0a5aba9f93879626,37,3d28cf7319e3888e74acc91949704469498658a08731eb3c8413f7117bf714c8
"(3,1,0,0)","(3,1,0,0):iso-00035",72a6f0c84224b62eaaf4d4a1b4537cd69adab5f9ecea0b5d0a5aba9f93879626,37,aff445ec8c3f5cf1e8730b02ae20431137af08b5d33e623808041525b5271f4c
"(3,1,0,0)","(3,1,0,0):iso-00035",72a6f0c84224b62eaaf4d4a1b4537cd69adab5f9ecea0b5d0a5aba9f93879626,37,55181e4be3ba39c4ae769f5d10bbba4e4c3ee7877f099f5cb4bd6ccc62b73855
"(3,1,0,0)","(3,1,0,0):iso-00035",72a6f0c84224b62eaaf4d4a1b4537cd69adab5f9ecea0b5d0a5aba9f93879626,37,956f2d3c8bc3ce74b2eddfd977d93433144db213c7230473436aabd92ff09481
"(3,1,0,0)","(3,1,0,0):iso-00035",72a6f0c84224b62eaaf4d4a1b4537cd69adab5f9ecea0b5d0a5aba9f93879626,37,53a4ac855260a3aab73c5757bc62e8a4e0fc4f562c048cef794607f15d5e8358
"(3,1,0,0)","(3,1,0,0):iso-00035",72a6f0c84224b62eaaf4d4a1b4537cd69adab5f9ecea0b5d0a5aba9f93879626,37,f53bdd5aca84318a9b96e22b5f432664473fae31f4ed0895a5ef4207577d845c
"(3,1,0,0)","(3,1,0,0):iso-00035",72a6f0c84224b62eaaf4d4a1b4537cd69adab5f9ecea0b5d0a5aba9f93879626,37,08d5a572b3efb01cfbe036fe41d42e5bf9baa8c2702fb1d9e2adfee4c2e81f0b
"(3,1,0,0)","(3,1,0,0):iso-00035",72a6f0c84224b62eaaf4d4a1b4537cd69adab5f9ecea0b5d0a5aba9f93879626,37,4b349b619e5c52edd886e7f6da712aebacd73a86b6c2eac775a0d4a12d00ffeb
"(3,1,0,0)","(3,1,0,0):iso-00035",72a6f0c84224b62eaaf4d4a1b4537cd69adab5f9ecea0b5d0a5aba9f93879626,37,c71c2bfb866e3642034b9c274699d6c7c50258cf6b42bb728d75f031059ff8c3
"(3,1,0,0)","(3,1,0,0):iso-00035",72a6f0c84224b62eaaf4d4a1b4537cd69adab5f9ecea0b5d0a5aba9f93879626,37,bbdeaacd1061067cb719800f0a784c229f06f96658407372e7660d3051610c1b
"(3,1,0,0)","(3,1,0,0):iso-00035",72a6f0c84224b62eaaf4d4a1b4537cd69adab5f9ecea0b5d0a5aba9f93879626,37,0998da6d6bbd08c5a72662f512a3034e6be65d58b1d62ed28cbfdff9aa43b58d
"(3,1,0,0)","(3,1,0,0):iso-00035",72a6f0c84224b62eaaf4d4a1b4537cd69adab5f9ecea0b5d0a5aba9f93879626,37,1bb3fcb38ad6bacb7ec2ff66b79f12473a2c839b3eeb29a8a2459abfa6a8339c
"(3,1,0,0)","(3,1,0,0):iso-00035",72a6f0c84224b62eaaf4d4a1b4537cd69adab5f9ecea0b5d0a5aba9f93879626,37,a1ab693afcead2f31a53f64d3a0b7ff56d100a76ae7003a5f570638c9d9ec627
"(3,1,0,0)","(3,1,0,0):iso-00035",72a6f0c84224b62eaaf4d4a1b4537cd69adab5f9ecea0b5d0a5aba9f93879626,37,394ee78aaa2bf5c1b820b2a0bed6a1fc86cf5ebda790e1f92a8bfd830781d733
"(3,1,0,0)","(3,1,0,0):iso-00035",72a6f0c84224b62eaaf4d4a1b4537cd69adab5f9ecea0b5d0a5aba9f93879626,37,468278beb3620d14fc14290c594ff7624af2342b233eaac302276dce7da891de
"(3,1,0,0)","(3,1,0,0):iso-00036",e655c64c372754e064903c5db8106b8942c400e433833cc47ba69c0f583bf59a,37,e655c64c372754e064903c5db8106b8942c400e433833cc47ba69c0f583bf59a
"(3,1,0,0)","(3,1,0,0):iso-00036",e655c64c372754e064903c5db8106b8942c400e433833cc47ba69c0f583bf59a,37,d5ac0d75b97dae18d428612ebe61808c6c2857b3a06d202e1aff58bcb5d9fa72
"(3,1,0,0)","(3,1,0,0):iso-00036",e655c64c372754e064903c5db8106b8942c400e433833cc47ba69c0f583bf59a,37,0a24f5706d82b34dc0c3b5151c91f5c6ab0ee9d51aa5a619434c5487a37f55d0
"(3,1,0,0)","(3,1,0,0):iso-00036",e655c64c372754e064903c5db8106b8942c400e433833cc47ba69c0f583bf59a,37,c7c4e53c6e8f8ec8bf195165ac0b8423a9d61249a64014ba32d477159fff39e5
"(3,1,0,0)","(3,1,0,0):iso-00036",e655c64c372754e064903c5db8106b8942c400e433833cc47ba69c0f583bf59a,37,aa40dbb385ed395058387d35fb7f48872a0ac43a61bd4c2a9b5d9f5570375339
"(3,1,0,0)","(3,1,0,0):iso-00036",e655c64c372754e064903c5db8106b8942c400e433833cc47ba69c0f583bf59a,37,386711eb39d1d8edd1784df77eb53991c9746aa7e2bd9c0c9d99b5b206bdd026
"(3,1,0,0)","(3,1,0,0):iso-00036",e655c64c372754e064903c5db8106b8942c400e433833cc47ba69c0f583bf59a,37,bd3b1b06ea56325f9440dbe4e6208a571cd62dbe3502f1d680564b10d9b40be6
"(3,1,0,0)","(3,1,0,0):iso-00036",e655c64c372754e064903c5db8106b8942c400e433833cc47ba69c0f583bf59a,37,2049e5ed28663d77d5e061775ef6f580c0441fb1f0f66610768b036f36dc9607
"(3,1,0,0)","(3,1,0,0):iso-00036",e655c64c372754e064903c5db8106b8942c400e433833cc47ba69c0f583bf59a,37,bf0d7936f1608632a288646a848022ae6046b7caff16e8fcdcbc7e2554fddb57
"(3,1,0,0)","(3,1,0,0):iso-00036",e655c64c372754e064903c5db8106b8942c400e433833cc47ba69c0f583bf59a,37,ebddc39f13961aad58f001f7d16c2ea2e1e07d8c0dfe7c0aefc74606be6930d6
"(3,1,0,0)","(3,1,0,0):iso-00036",e655c64c372754e064903c5db8106b8942c400e433833cc47ba69c0f583bf59a,37,db38760016b3a3d45e2f264d6134e078be3da2942e08d2e8bdccf513df6a3f2a
"(3,1,0,0)","(3,1,0,0):iso-00036",e655c64c372754e064903c5db8106b8942c400e433833cc47ba69c0f583bf59a,37,40a1f9048c8e2a271cae1981bac3f17a1316435d5d68c85323156f468cbc6aca
"(3,1,0,0)","(3,1,0,0):iso-00036",e655c64c372754e064903c5db8106b8942c400e433833cc47ba69c0f583bf59a,37,461c113db81ddb6e2322cd084b4d3fbac7d7797d08c0e9ce8d8176753cceedc2
"(3,1,0,0)","(3,1,0,0):iso-00036",e655c64c372754e064903c5db8106b8942c400e433833cc47ba69c0f583bf59a,37,9a7a8d0c693cc885389dc0e63f8eefc11ecfa5e98a4b0bc1eac1c2be36a8aed2
"(3,1,0,0)","(3,1,0,0):iso-00036",e655c64c372754e064903c5db8106b8942c400e433833cc47ba69c0f583bf59a,37,5d221ce8c705e9efe1370a9b88a415b8d25a4001a34327cb92cd1e0a93dcf324
"(3,1,0,0)","(3,1,0,0):iso-00036",e655c64c372754e064903c5db8106b8942c400e433833cc47ba69c0f583bf59a,37,523922816292687eb326e89a003895796266837ced2ec60c74e5f923e2dbb17a
"(3,1,0,0)","(3,1,0,0):iso-00036",e655c64c372754e064903c5db8106b8942c400e433833cc47ba69c0f583bf59a,37,d9d23ba34b5388f77ccec17298b4fbb009b6e82e1fa9674e7a0123ecca4bbb4c
"(3,1,0,0)","(3,1,0,0):iso-00036",e655c64c372754e064903c5db8106b8942c400e433833cc47ba69c0f583bf59a,37,23f8690dbdfe6ef5fce136f1a099611e6ba91d4edd17906139561fad2e8c80b5
"(3,1,0,0)","(3,1,0,0):iso-00036",e655c64c372754e064903c5db8106b8942c400e433833cc47ba69c0f583bf59a,37,bbc540d203dbeadaedab95390d012ca9de6e669ec03f39f76e76b39340fae4da
"(3,1,0,0)","(3,1,0,0):iso-00036",e655c64c372754e064903c5db8106b8942c400e433833cc47ba69c0f583bf59a,37,8114e1d8c3e4e56abf58d0d8c4733c0f480de8be93d457ad622e7b0de319a177
"(3,1,0,0)","(3,1,0,0):iso-00036",e655c64c372754e064903c5db8106b8942c400e433833cc47ba69c0f583bf59a,37,9bb9a5e7354a3c5427fc74c5912d272fa94702d8397b50a50520c4012fc325e7
"(3,1,0,0)","(3,1,0,0):iso-00036",e655c64c372754e064903c5db8106b8942c400e433833cc47ba69c0f583bf59a,37,d19be08cccc30276f0f7a4293005d073a9c4b06bf4f586ece65e99de310afc39
"(3,1,0,0)","(3,1,0,0):iso-00036",e655c64c372754e064903c5db8106b8942c400e433833cc47ba69c0f583bf59a,37,078bba262a4c3b84772a09d10d13668429dbb3b3c1ef5c3da1eef24d27bdecff
"(3,1,0,0)","(3,1,0,0):iso-00036",e655c64c372754e064903c5db8106b8942c400e433833cc47ba69c0f583bf59a,37,dc5c8b3e0723fef3e005546ea584caebeff999310e0862241d74632a6ab0ccb6
"(3,1,0,0)","(3,1,0,0):iso-00036",e655c64c372754e064903c5db8106b8942c400e433833cc47ba69c0f583bf59a,37,83f94f54974f4dc613d6c9fec90af6e4348642528faeee773b1be1a84343a1e5
"(3,1,0,0)","(3,1,0,0):iso-00036",e655c64c372754e064903c5db8106b8942c400e433833cc47ba69c0f583bf59a,37,770b69ff5837807cdd2897ac704cea5ebb994f7dd6bb493c11190efa105a7ffc
"(3,1,0,0)","(3,1,0,0):iso-00036",e655c64c372754e064903c5db8106b8942c400e433833cc47ba69c0f583bf59a,37,0f1ee677f81ae631378d4054d6518bef3b05963603e4790ac2ad17f691412153
"(3,1,0,0)","(3,1,0,0):iso-00036",e655c64c372754e064903c5db8106b8942c400e433833cc47ba69c0f583bf59a,37,3f88e87daf02a6ec47398cf7ba6fdddf805247a93e528ce674b9b8b63b80757c
"(3,1,0,0)","(3,1,0,0):iso-00036",e655c64c372754e064903c5db8106b8942c400e433833cc47ba69c0f583bf59a,37,b9db31339c7400cb28fe532a0868511d830ee8a17cbf4e73a541b76c6c0493da
"(3,1,0,0)","(3,1,0,0):iso-00036",e655c64c372754e064903c5db8106b8942c400e433833cc47ba69c0f583bf59a,37,a4cac54a83e514cbb0cbbbafb788dd03508cb7ccc1bc991e85b3ed38e4c093af
"(3,1,0,0)","(3,1,0,0):iso-00036",e655c64c372754e064903c5db8106b8942c400e433833cc47ba69c0f583bf59a,37,1504f3783aa7cdbcadbf0eb4854e8c2ddd8b31ac4d957d1cab705445a6d8f1e3
"(3,1,0,0)","(3,1,0,0):iso-00036",e655c64c372754e064903c5db8106b8942c400e433833cc47ba69c0f583bf59a,37,0b2b1b9a0db474276a0e92492587e1ea242d64059865b76b2c08929f80e2a21b
"(3,1,0,0)","(3,1,0,0):iso-00036",e655c64c372754e064903c5db8106b8942c400e433833cc47ba69c0f583bf59a,37,8b02fbc8a379892601772c2e8b3a15bed9f0a15ad111c69d9c720d194b668435
"(3,1,0,0)","(3,1,0,0):iso-00036",e655c64c372754e064903c5db8106b8942c400e433833cc47ba69c0f583bf59a,37,6a68446164b6e6bcd80765c0b25bdd8b5c81c634821d49e52c72286de0e467e0
"(3,1,0,0)","(3,1,0,0):iso-00036",e655c64c372754e064903c5db8106b8942c400e433833cc47ba69c0f583bf59a,37,6e85901b4163eadb2b323e5f64ddc43e1e140ffac3382be725170c5b54698bb9
"(3,1,0,0)","(3,1,0,0):iso-00036",e655c64c372754e064903c5db8106b8942c400e433833cc47ba69c0f583bf59a,37,283a6e1c114889f1158a9a523fac07681c4d0017d0dbef1a08cb1e1f032951fa
"(3,1,0,0)","(3,1,0,0):iso-00036",e655c64c372754e064903c5db8106b8942c400e433833cc47ba69c0f583bf59a,37,09ddba89f5fd634a8f4aaeef2bb7668a1a809316f25a22ddad0378b38cb70e0c
"(3,1,0,0)","(3,1,0,0):iso-00037",2d8512c044b1edb10ee0b2ee47281640348c6cb77e0d8ad4e50d4873f1cfbf88,38,2d8512c044b1edb10ee0b2ee47281640348c6cb77e0d8ad4e50d4873f1cfbf88
"(3,1,0,0)","(3,1,0,0):iso-00037",2d8512c044b1edb10ee0b2ee47281640348c6cb77e0d8ad4e50d4873f1cfbf88,38,908a8769cccfbfaa5d7627e92d32d331ae80b6d77e46a49d330cd3dec79ef8f4
"(3,1,0,0)","(3,1,0,0):iso-00037",2d8512c044b1edb10ee0b2ee47281640348c6cb77e0d8ad4e50d4873f1cfbf88,38,2b9af22de1cd1281b296394e41b673eefc9ee23b850598920b3a29bf06ae9c2b
"(3,1,0,0)","(3,1,0,0):iso-00037",2d8512c044b1edb10ee0b2ee47281640348c6cb77e0d8ad4e50d4873f1cfbf88,38,8fd81049628c9f0eb56353c18e74193ca259bf361b2000523c6954d3fb8a113d
"(3,1,0,0)","(3,1,0,0):iso-00037",2d8512c044b1edb10ee0b2ee47281640348c6cb77e0d8ad4e50d4873f1cfbf88,38,5f62fefe1b9a8fbff31bb2690b78893928cbf68f64679e9aa896aaa9a280852a
"(3,1,0,0)","(3,1,0,0):iso-00037",2d8512c044b1edb10ee0b2ee47281640348c6cb77e0d8ad4e50d4873f1cfbf88,38,872b110937483a1b50569153523f178094fc0497b49a18e943fcb230196ab013
"(3,1,0,0)","(3,1,0,0):iso-00037",2d8512c044b1edb10ee0b2ee47281640348c6cb77e0d8ad4e50d4873f1cfbf88,38,faf7d31e8867af10db1eb914abcc14dabdc93f440441bfc60e118fd38464e0a3
"(3,1,0,0)","(3,1,0,0):iso-00037",2d8512c044b1edb10ee0b2ee47281640348c6cb77e0d8ad4e50d4873f1cfbf88,38,69bf8b2a177d1a3409f541b37f9ff6261d1756c7532cef1f74ee44360f658cea
"(3,1,0,0)","(3,1,0,0):iso-00037",2d8512c044b1edb10ee0b2ee47281640348c6cb77e0d8ad4e50d4873f1cfbf88,38,adac3b67bceeaebd297506a7dd9f012e640834c25089c8ec082b4a20913bcfa2
"(3,1,0,0)","(3,1,0,0):iso-00037",2d8512c044b1edb10ee0b2ee47281640348c6cb77e0d8ad4e50d4873f1cfbf88,38,0af1260433c7c66274adb74f4528fe0386eaed69b3f4c12594899cabac0d537e
"(3,1,0,0)","(3,1,0,0):iso-00037",2d8512c044b1edb10ee0b2ee47281640348c6cb77e0d8ad4e50d4873f1cfbf88,38,a5d3edfcabf84a54b3b97f0733f4ef0a4c87eb01ae3397d1dfe5ae11be1254dc
"(3,1,0,0)","(3,1,0,0):iso-00037",2d8512c044b1edb10ee0b2ee47281640348c6cb77e0d8ad4e50d4873f1cfbf88,38,4cf53c56c05d8e6a4c68b40953b3414828c4d76391943fb6d80de3afeb126365
"(3,1,0,0)","(3,1,0,0):iso-00037",2d8512c044b1edb10ee0b2ee47281640348c6cb77e0d8ad4e50d4873f1cfbf88,38,05b3f5d2e9ab6dc3a7b382fa4f24b4eecc75fad0da881e07b9ec34cb3f3bb570
"(3,1,0,0)","(3,1,0,0):iso-00037",2d8512c044b1edb10ee0b2ee47281640348c6cb77e0d8ad4e50d4873f1cfbf88,38,1b066cc6ab72fd6611134652a329e67cc9fa66f3a1232c1de317ddd584f43f76
"(3,1,0,0)","(3,1,0,0):iso-00037",2d8512c044b1edb10ee0b2ee47281640348c6cb77e0d8ad4e50d4873f1cfbf88,38,64ae5386117cead65c3dc8debd134872643c89a4723aecf2cd2c33e75a7552f2
"(3,1,0,0)","(3,1,0,0):iso-00037",2d8512c044b1edb10ee0b2ee47281640348c6cb77e0d8ad4e50d4873f1cfbf88,38,13e6bc0bfd238f4c022e74f7e1368379b0af0a059fcab6ca316e1c63336c99c0
"(3,1,0,0)","(3,1,0,0):iso-00037",2d8512c044b1edb10ee0b2ee47281640348c6cb77e0d8ad4e50d4873f1cfbf88,38,a812763cc371f9a7a41cb3a0337f6bf5312a83b9db80a7befa9119556e91be2b
"(3,1,0,0)","(3,1,0,0):iso-00037",2d8512c044b1edb10ee0b2ee47281640348c6cb77e0d8ad4e50d4873f1cfbf88,38,57c98571e51a89bae7a4b1cf3ffaba86886519544418149fbfa3d6e1419677ee
"(3,1,0,0)","(3,1,0,0):iso-00037",2d8512c044b1edb10ee0b2ee47281640348c6cb77e0d8ad4e50d4873f1cfbf88,38,2be980b6e6daf7cb20d2014b79eebc81e41d2e50e3161216636299236cab8b9b
"(3,1,0,0)","(3,1,0,0):iso-00037",2d8512c044b1edb10ee0b2ee47281640348c6cb77e0d8ad4e50d4873f1cfbf88,38,af0cdfc779c282fa11053847aaf4021f892c313fa9146e63de9a5b843bf07bc9
"(3,1,0,0)","(3,1,0,0):iso-00037",2d8512c044b1edb10ee0b2ee47281640348c6cb77e0d8ad4e50d4873f1cfbf88,38,6f2f1662a9e4a9c54e19099dd996db52bc4b6a7a0537f00e88b36da6784cec4e
"(3,1,0,0)","(3,1,0,0):iso-00037",2d8512c044b1edb10ee0b2ee47281640348c6cb77e0d8ad4e50d4873f1cfbf88,38,3f25f8b34207d1801d2d3b6fbb20e03b443a72a14e2ec30a69df3e50b1772b74
"(3,1,0,0)","(3,1,0,0):iso-00037",2d8512c044b1edb10ee0b2ee47281640348c6cb77e0d8ad4e50d4873f1cfbf88,38,f19f205841d52fcf8f139710d00f065950821389c2684ac6d09257c95b1d8f77
"(3,1,0,0)","(3,1,0,0):iso-00037",2d8512c044b1edb10ee0b2ee47281640348c6cb77e0d8ad4e50d4873f1cfbf88,38,2f67ecd9c6fc1f20373ee426c5e157cfc5554113cd62a7170c651ea3eb5325c5
"(3,1,0,0)","(3,1,0,0):iso-00037",2d8512c044b1edb10ee0b2ee47281640348c6cb77e0d8ad4e50d4873f1cfbf88,38,4b52a123bc932e96847c14fd6ae183efbefb3f8e0a7ee8b8aabde9c09031d20b
"(3,1,0,0)","(3,1,0,0):iso-00037",2d8512c044b1edb10ee0b2ee47281640348c6cb77e0d8ad4e50d4873f1cfbf88,38,861d300499937e19cef16adcdd249a73988da0ee5abacfc381878d2ed900df83
"(3,1,0,0)","(3,1,0,0):iso-00037",2d8512c044b1edb10ee0b2ee47281640348c6cb77e0d8ad4e50d4873f1cfbf88,38,523106eeb45555475208c193d09d41950c0a8347e419a4404922156aec631ee6
"(3,1,0,0)","(3,1,0,0):iso-00037",2d8512c044b1edb10ee0b2ee47281640348c6cb77e0d8ad4e50d4873f1cfbf88,38,6e158147b05d3fbf564fb3e068268a10a97901b763dced4f8185ab6295ec969a
"(3,1,0,0)","(3,1,0,0):iso-00037",2d8512c044b1edb10ee0b2ee47281640348c6cb77e0d8ad4e50d4873f1cfbf88,38,bb50f2a11262eb609bbc194c7d5d93ad14fdf0988a1e49112cb16c2a576a2d2e
"(3,1,0,0)","(3,1,0,0):iso-00037",2d8512c044b1edb10ee0b2ee47281640348c6cb77e0d8ad4e50d4873f1cfbf88,38,8c4c548fb4e096e1c229e9d738a9a9acffd4aa5f8a9a5ddd2b604f8b0b9be6e2
"(3,1,0,0)","(3,1,0,0):iso-00037",2d8512c044b1edb10ee0b2ee47281640348c6cb77e0d8ad4e50d4873f1cfbf88,38,c8f6565ce469c416dc3313cfb4b44d8c2a20f0f757f3e960e9873e1a8ffe8942
"(3,1,0,0)","(3,1,0,0):iso-00037",2d8512c044b1edb10ee0b2ee47281640348c6cb77e0d8ad4e50d4873f1cfbf88,38,734834c4d64f90376815015b745052bf7e16e21bee1024ec55897c605e1c89af
"(3,1,0,0)","(3,1,0,0):iso-00037",2d8512c044b1edb10ee0b2ee47281640348c6cb77e0d8ad4e50d4873f1cfbf88,38,42223bb1e9235fa41de808559a9a6e63993862645327f9a93bf75af331dbb7aa
"(3,1,0,0)","(3,1,0,0):iso-00037",2d8512c044b1edb10ee0b2ee47281640348c6cb77e0d8ad4e50d4873f1cfbf88,38,27a9b63e7348e1b322c61dc805181e499135448d821a8a0fdb3b3cc40d8cb944
"(3,1,0,0)","(3,1,0,0):iso-00037",2d8512c044b1edb10ee0b2ee47281640348c6cb77e0d8ad4e50d4873f1cfbf88,38,01944836b855fa7428df4d2712134ea67df05c5b7f01e6a06d7a9357b59270f2
"(3,1,0,0)","(3,1,0,0):iso-00037",2d8512c044b1edb10ee0b2ee47281640348c6cb77e0d8ad4e50d4873f1cfbf88,38,e74e12324c09d574342d406b39175bbad1c5878fe3250744902868d66cf21131
"(3,1,0,0)","(3,1,0,0):iso-00037",2d8512c044b1edb10ee0b2ee47281640348c6cb77e0d8ad4e50d4873f1cfbf88,38,1297f0f6a4b1fd8453f58d6cb78ce2301172b0fc8509468c547cc89cfa46f4ea
"(3,1,0,0)","(3,1,0,0):iso-00037",2d8512c044b1edb10ee0b2ee47281640348c6cb77e0d8ad4e50d4873f1cfbf88,38,d9e8dfa7a4c2d64a947841f207ea0dd2c9231090010520830176d599e114553a
"(3,1,0,0)","(3,1,0,0):iso-00038",f8e8ca917d8e4c60de248fa76ac6a0b5a0066aebac23b221050682c39c20d628,13,f8e8ca917d8e4c60de248fa76ac6a0b5a0066aebac23b221050682c39c20d628
"(3,1,0,0)","(3,1,0,0):iso-00038",f8e8ca917d8e4c60de248fa76ac6a0b5a0066aebac23b221050682c39c20d628,13,f1d9ec9de690c7941577614231d1ea15f167866979a4aa7bad525fed025d5415
"(3,1,0,0)","(3,1,0,0):iso-00038",f8e8ca917d8e4c60de248fa76ac6a0b5a0066aebac23b221050682c39c20d628,13,311fde7bd347e93ee29ac0664723af87e9ee883c5ef370814df885d3d6e925ae
"(3,1,0,0)","(3,1,0,0):iso-00038",f8e8ca917d8e4c60de248fa76ac6a0b5a0066aebac23b221050682c39c20d628,13,1162d821663c117c62ea2b79abd3efcfc0ea8591881f498acd6d74426297bbef
"(3,1,0,0)","(3,1,0,0):iso-00038",f8e8ca917d8e4c60de248fa76ac6a0b5a0066aebac23b221050682c39c20d628,13,39b1801ae454122804649771e0c8278bc0ef1b91827137113b3cd5f1c82a8c23
"(3,1,0,0)","(3,1,0,0):iso-00038",f8e8ca917d8e4c60de248fa76ac6a0b5a0066aebac23b221050682c39c20d628,13,8e30e134e701be9c7458f0d1fe24e82a1076a141472e44f179597e4f9be92b96
"(3,1,0,0)","(3,1,0,0):iso-00038",f8e8ca917d8e4c60de248fa76ac6a0b5a0066aebac23b221050682c39c20d628,13,d70cfd367df8fedb2758da858effacb9f726a4ac41f9ca2770d2eb53eace8e98
"(3,1,0,0)","(3,1,0,0):iso-00038",f8e8ca917d8e4c60de248fa76ac6a0b5a0066aebac23b221050682c39c20d628,13,22073ee534b3297e6f5d3008805ac92f2a6a640f97532f8b651a702f089fc5d9
"(3,1,0,0)","(3,1,0,0):iso-00038",f8e8ca917d8e4c60de248fa76ac6a0b5a0066aebac23b221050682c39c20d628,13,6d6b7bcb8524c75d50cbee73f7f23a9278355c08864dd695f6b35230970ae34b
"(3,1,0,0)","(3,1,0,0):iso-00038",f8e8ca917d8e4c60de248fa76ac6a0b5a0066aebac23b221050682c39c20d628,13,11ac63b2e3d03b0cc08be6f8852e8a7dc995c5b0a910b1c45503d7c41e15ccbf
"(3,1,0,0)","(3,1,0,0):iso-00038",f8e8ca917d8e4c60de248fa76ac6a0b5a0066aebac23b221050682c39c20d628,13,66d3408a5f49ca631921a82650947f3ad578e7386ff28c263dfab27360df404a
"(3,1,0,0)","(3,1,0,0):iso-00038",f8e8ca917d8e4c60de248fa76ac6a0b5a0066aebac23b221050682c39c20d628,13,1f856b0271713789294fbbdaf9ae87ea340bb123f3d92a4d954070d20f46dd7d
"(3,1,0,0)","(3,1,0,0):iso-00038",f8e8ca917d8e4c60de248fa76ac6a0b5a0066aebac23b221050682c39c20d628,13,2d87bb92d67567f367e9bb4cd7ae60368e328016a53dfc8b8f4634f455403693
"(3,1,0,0)","(3,1,0,0):iso-00039",0f0b58d5c45f2f147ce9d75d18ddc6c4120ca103c3738e6a832a7bb773de8e22,14,0f0b58d5c45f2f147ce9d75d18ddc6c4120ca103c3738e6a832a7bb773de8e22
"(3,1,0,0)","(3,1,0,0):iso-00039",0f0b58d5c45f2f147ce9d75d18ddc6c4120ca103c3738e6a832a7bb773de8e22,14,9d8b6e17b5bb4aa80922d887e57f6cbad6db0ff59ef0c69c0b12ca5951a2d2af
"(3,1,0,0)","(3,1,0,0):iso-00039",0f0b58d5c45f2f147ce9d75d18ddc6c4120ca103c3738e6a832a7bb773de8e22,14,6f53684dcd5a2d9dc23c87bc02b5080d7174989055f050b46e5cab6011db9551
"(3,1,0,0)","(3,1,0,0):iso-00039",0f0b58d5c45f2f147ce9d75d18ddc6c4120ca103c3738e6a832a7bb773de8e22,14,d12f8dd45efafc06a8462b74a6d351889d62938f75e43ea0036971467ad37191
"(3,1,0,0)","(3,1,0,0):iso-00039",0f0b58d5c45f2f147ce9d75d18ddc6c4120ca103c3738e6a832a7bb773de8e22,14,b62e3ee9bdb58749017b4a390437122f66bf5e97134c009a7efc98c474f44cc3
"(3,1,0,0)","(3,1,0,0):iso-00039",0f0b58d5c45f2f147ce9d75d18ddc6c4120ca103c3738e6a832a7bb773de8e22,14,97aed128281e9ffc25906fe78d04fd86a354e2c97dc845eb6b124a830167c6a9
"(3,1,0,0)","(3,1,0,0):iso-00039",0f0b58d5c45f2f147ce9d75d18ddc6c4120ca103c3738e6a832a7bb773de8e22,14,8d222f58e393861095f9326c750f91c2c4e10cf9a5f574ac3db61daa90167437
"(3,1,0,0)","(3,1,0,0):iso-00039",0f0b58d5c45f2f147ce9d75d18ddc6c4120ca103c3738e6a832a7bb773de8e22,14,2f1b781631e6ccd4a90e12cffe6785fb9873cd52d4eb4613ff6fcddfdb7c223c
"(3,1,0,0)","(3,1,0,0):iso-00039",0f0b58d5c45f2f147ce9d75d18ddc6c4120ca103c3738e6a832a7bb773de8e22,14,b0a99c6cfcb4bfadca6a5bdba43faa777ff4a3e5d4e3bf29c1485a686f8a1420
"(3,1,0,0)","(3,1,0,0):iso-00039",0f0b58d5c45f2f147ce9d75d18ddc6c4120ca103c3738e6a832a7bb773de8e22,14,4f1afdb5b918963e61b1b6cfa047a7935c449462cbbbe42105b2c82b862383d1
"(3,1,0,0)","(3,1,0,0):iso-00039",0f0b58d5c45f2f147ce9d75d18ddc6c4120ca103c3738e6a832a7bb773de8e22,14,a838003a6783e8ab4ec62ab1d3d6ac6727f36d866209400505bd9d601c9a7d4d
"(3,1,0,0)","(3,1,0,0):iso-00039",0f0b58d5c45f2f147ce9d75d18ddc6c4120ca103c3738e6a832a7bb773de8e22,14,bc1e6b8802ceeb11f30eac99c0589e830515c418d072155a96df5aef3c634c89
"(3,1,0,0)","(3,1,0,0):iso-00039",0f0b58d5c45f2f147ce9d75d18ddc6c4120ca103c3738e6a832a7bb773de8e22,14,75f5058111eea74f311041d5269cd30533bcd90e36f516d34b77408fd6565730
"(3,1,0,0)","(3,1,0,0):iso-00039",0f0b58d5c45f2f147ce9d75d18ddc6c4120ca103c3738e6a832a7bb773de8e22,14,2c31026438dc5531917c7ba076b6cf59907de10c3e5a327fae12c4dd176f19fa
"(3,1,0,0)","(3,1,0,0):iso-00040",f45b83fb91cbcabca73d57221dcff63e63dd7f50b6e861f044f80618180672c2,3,f45b83fb91cbcabca73d57221dcff63e63dd7f50b6e861f044f80618180672c2
"(3,1,0,0)","(3,1,0,0):iso-00040",f45b83fb91cbcabca73d57221dcff63e63dd7f50b6e861f044f80618180672c2,3,2e1623883090f93e131c7a3814dd52482186d67d8e6d64e85370b16b8a1d317b
"(3,1,0,0)","(3,1,0,0):iso-00040",f45b83fb91cbcabca73d57221dcff63e63dd7f50b6e861f044f80618180672c2,3,21f6e9044157cd2eb1a415e8726966305f896e5f46909887b442e4b4deb6534c
"(3,1,0,0)","(3,1,0,0):iso-00041",e36957f7d54600e028e56d8b1101b1cab048644172744dc963e57027565c9eeb,62,e36957f7d54600e028e56d8b1101b1cab048644172744dc963e57027565c9eeb
"(3,1,0,0)","(3,1,0,0):iso-00041",e36957f7d54600e028e56d8b1101b1cab048644172744dc963e57027565c9eeb,62,4bd0161ab75ef71a1fc0df75a46d28f734ebcc1c7cdcbe9aee039bfb9c329b34
"(3,1,0,0)","(3,1,0,0):iso-00041",e36957f7d54600e028e56d8b1101b1cab048644172744dc963e57027565c9eeb,62,952ba76ad409cf8fbaee7c4ca3cd22a71f7a36ef1a417729aec5c0ab0aa3c761
"(3,1,0,0)","(3,1,0,0):iso-00041",e36957f7d54600e028e56d8b1101b1cab048644172744dc963e57027565c9eeb,62,1ba9b7fcebe89566241843eb68e1b2f0723b40b0352934de7d0ddd4c00450319
"(3,1,0,0)","(3,1,0,0):iso-00041",e36957f7d54600e028e56d8b1101b1cab048644172744dc963e57027565c9eeb,62,3ab94e686657ded1fdfc37d83d37934b88c4f6ab3e2d2f45ff31d56bce340361
"(3,1,0,0)","(3,1,0,0):iso-00041",e36957f7d54600e028e56d8b1101b1cab048644172744dc963e57027565c9eeb,62,5d790c801c7e9aab296daf68da8d87281b4fdc8043c8f0837db82e399ade5371
"(3,1,0,0)","(3,1,0,0):iso-00041",e36957f7d54600e028e56d8b1101b1cab048644172744dc963e57027565c9eeb,62,66413a65c1fb128518c25000ebc10c73d56e2cc03075462090c5606eda3abcd1
"(3,1,0,0)","(3,1,0,0):iso-00041",e36957f7d54600e028e56d8b1101b1cab048644172744dc963e57027565c9eeb,62,545e2a8a8013f2bd6dd3817022985481f5cb7f6f36159353730a6860ab2c2456
"(3,1,0,0)","(3,1,0,0):iso-00041",e36957f7d54600e028e56d8b1101b1cab048644172744dc963e57027565c9eeb,62,47fd58d9fce13b4fe3d77ec864c96c9a050b44650a194f3f4e9318514a6d522d
"(3,1,0,0)","(3,1,0,0):iso-00041",e36957f7d54600e028e56d8b1101b1cab048644172744dc963e57027565c9eeb,62,d5cecb2ec4668c843b79ae71fe6c326566b30d54ee9714bbb8cee9af89e027ba
"(3,1,0,0)","(3,1,0,0):iso-00041",e36957f7d54600e028e56d8b1101b1cab048644172744dc963e57027565c9eeb,62,1c968e73b394dc03aad433ba5347dfcbf175ba15ccf9956fc486fa1670837b77
"(3,1,0,0)","(3,1,0,0):iso-00041",e36957f7d54600e028e56d8b1101b1cab048644172744dc963e57027565c9eeb,62,7c534b3813594421c1e1eb9a5aba19c71e28efac3443a9c76049c8552a37d3de
"(3,1,0,0)","(3,1,0,0):iso-00041",e36957f7d54600e028e56d8b1101b1cab048644172744dc963e57027565c9eeb,62,ab3ae7dc58907ed3293749b5530601d722f4a442a058bb02b106d121176c3199
"(3,1,0,0)","(3,1,0,0):iso-00041",e36957f7d54600e028e56d8b1101b1cab048644172744dc963e57027565c9eeb,62,c90043958cef3678c2d9570a221609b994a6c44eeafec00194eb0e967cb62b5e
"(3,1,0,0)","(3,1,0,0):iso-00041",e36957f7d54600e028e56d8b1101b1cab048644172744dc963e57027565c9eeb,62,c30408c7d3dbd5c1303dcc79a2c7e15f8ab95e47f6a9b658eef36fa12d657097
"(3,1,0,0)","(3,1,0,0):iso-00041",e36957f7d54600e028e56d8b1101b1cab048644172744dc963e57027565c9eeb,62,83edd52c908a12678b328d917d2d389646a7fdb8eae479acbd78a6a7fe75c9c1
"(3,1,0,0)","(3,1,0,0):iso-00041",e36957f7d54600e028e56d8b1101b1cab048644172744dc963e57027565c9eeb,62,b67006c391267a8eb44f3a57d9d2f2cac3ddfa4cfe9a8ac825d5261a9b42b0d6
"(3,1,0,0)","(3,1,0,0):iso-00041",e36957f7d54600e028e56d8b1101b1cab048644172744dc963e57027565c9eeb,62,c9165ccf101deb7c8b2fe8cff6b5826a282489fd6c139627e42442640fb4b09f
"(3,1,0,0)","(3,1,0,0):iso-00041",e36957f7d54600e028e56d8b1101b1cab048644172744dc963e57027565c9eeb,62,fde34e63916303d94df3bef9218b005e252b0233a5a277ee3a1ffe7ff4bc0b3a
"(3,1,0,0)","(3,1,0,0):iso-00041",e36957f7d54600e028e56d8b1101b1cab048644172744dc963e57027565c9eeb,62,766e450e7983a6fff948a80facf3af9819aa2be8cad97710b7417d4d632f1971
"(3,1,0,0)","(3,1,0,0):iso-00041",e36957f7d54600e028e56d8b1101b1cab048644172744dc963e57027565c9eeb,62,e48e4eaaa3538e276396b1f26ebbfc7d22a4acb359b9815f0d6a1538468f46dd
"(3,1,0,0)","(3,1,0,0):iso-00041",e36957f7d54600e028e56d8b1101b1cab048644172744dc963e57027565c9eeb,62,46c5bfc66b1e0c768a3ba997b8f97cf6707f74d93ca31c1490cddfc32d1389e7
"(3,1,0,0)","(3,1,0,0):iso-00041",e36957f7d54600e028e56d8b1101b1cab048644172744dc963e57027565c9eeb,62,a32cca0f8015e98532195b2720ae030f01646e5bf4d1a103d8a7ed0bafa05b35
"(3,1,0,0)","(3,1,0,0):iso-00041",e36957f7d54600e028e56d8b1101b1cab048644172744dc963e57027565c9eeb,62,40db178c29121e7066c5fcebb7826038d024849b397158663b1d8e273183f34e
"(3,1,0,0)","(3,1,0,0):iso-00041",e36957f7d54600e028e56d8b1101b1cab048644172744dc963e57027565c9eeb,62,6b0635817bad3fad6ae242a5fe1539fb0aad4efedd0f07c70d422b98616f30b8
"(3,1,0,0)","(3,1,0,0):iso-00041",e36957f7d54600e028e56d8b1101b1cab048644172744dc963e57027565c9eeb,62,ed12e0f2f4167a6974c15b40201be6b437a113d25373de1b0ef8e45cd7539b77
"(3,1,0,0)","(3,1,0,0):iso-00041",e36957f7d54600e028e56d8b1101b1cab048644172744dc963e57027565c9eeb,62,af1f20de4173ee2b2f5cc6093bdcbf279263b99953d21df1af8e9303818d784e
"(3,1,0,0)","(3,1,0,0):iso-00041",e36957f7d54600e028e56d8b1101b1cab048644172744dc963e57027565c9eeb,62,57aa359ff308ff4824390a955882dde2fb25278cc9fc95d5fd1735c173147471
"(3,1,0,0)","(3,1,0,0):iso-00041",e36957f7d54600e028e56d8b1101b1cab048644172744dc963e57027565c9eeb,62,9a39b67c9d87a54c552b0d73f461d2b250234aab8bf22f731ca6be8dbd6fe2f3
"(3,1,0,0)","(3,1,0,0):iso-00041",e36957f7d54600e028e56d8b1101b1cab048644172744dc963e57027565c9eeb,62,305d5d949aa3ffcfcb087667c33f820b099bba55d6a7cf2905d7a2d947133300
"(3,1,0,0)","(3,1,0,0):iso-00041",e36957f7d54600e028e56d8b1101b1cab048644172744dc963e57027565c9eeb,62,8478a8f67c142c54da381cca188e2ca1d72e728481b93e7e9c5ef9fd66ba23f6
"(3,1,0,0)","(3,1,0,0):iso-00041",e36957f7d54600e028e56d8b1101b1cab048644172744dc963e57027565c9eeb,62,27c51fe1356b2908c7e53ab1c3bc38a02bfea0a9c84e8cff23032c56b0ef555c
"(3,1,0,0)","(3,1,0,0):iso-00041",e36957f7d54600e028e56d8b1101b1cab048644172744dc963e57027565c9eeb,62,57431386d23ee6535de311ce24158ebf0b18ed7a7a9f07bc1140d95e2c3c3131
"(3,1,0,0)","(3,1,0,0):iso-00041",e36957f7d54600e028e56d8b1101b1cab048644172744dc963e57027565c9eeb,62,b97aaca3ddba6f024aeaa34a04d7c3ec19083d40f6abf6a8ce212c28483e41e5
"(3,1,0,0)","(3,1,0,0):iso-00041",e36957f7d54600e028e56d8b1101b1cab048644172744dc963e57027565c9eeb,62,8392fd9a0e3e5a92ab45ac48431cb8a1b357c2067f78de6ee4dcae2137406c48
"(3,1,0,0)","(3,1,0,0):iso-00041",e36957f7d54600e028e56d8b1101b1cab048644172744dc963e57027565c9eeb,62,ccbc304d04f628f8977f3c4c3e997eb3bbb994e3d7cea29031c4de5942f841bc
"(3,1,0,0)","(3,1,0,0):iso-00041",e36957f7d54600e028e56d8b1101b1cab048644172744dc963e57027565c9eeb,62,603644b2023a6ce6d3f1f1f5763b95d6202785b611133354925b787a6881b140
"(3,1,0,0)","(3,1,0,0):iso-00041",e36957f7d54600e028e56d8b1101b1cab048644172744dc963e57027565c9eeb,62,207ab13dd574683c51f8775856ac32fea983030b58db098f282bc88399b1a1ce
"(3,1,0,0)","(3,1,0,0):iso-00041",e36957f7d54600e028e56d8b1101b1cab048644172744dc963e57027565c9eeb,62,33a93677545ea1cfe2e39082240804a1f1c0e195eadba5e838d137f2bf3c83b4
"(3,1,0,0)","(3,1,0,0):iso-00041",e36957f7d54600e028e56d8b1101b1cab048644172744dc963e57027565c9eeb,62,bfc8cd2f7be52a091b82d69acf160012c7491c12790efa1489409be0a2b7c9bd
"(3,1,0,0)","(3,1,0,0):iso-00041",e36957f7d54600e028e56d8b1101b1cab048644172744dc963e57027565c9eeb,62,4d326ccd1ebc669af0976696aa48e41e23f35412088ca9b602df8097972b6195
"(3,1,0,0)","(3,1,0,0):iso-00041",e36957f7d54600e028e56d8b1101b1cab048644172744dc963e57027565c9eeb,62,3f1e90ffab2ae3d284bb7a52b53a630a6654bf4756ef2db76e7fa7682030c6f5
"(3,1,0,0)","(3,1,0,0):iso-00041",e36957f7d54600e028e56d8b1101b1cab048644172744dc963e57027565c9eeb,62,4c0a94211ec6eb05b252afed9772c98f02137250230bd9cbfef74266398c2398
"(3,1,0,0)","(3,1,0,0):iso-00041",e36957f7d54600e028e56d8b1101b1cab048644172744dc963e57027565c9eeb,62,4c76159139003d1a295a1a5a9ed8720786423f218b44d4208f2fdb9d30928008
"(3,1,0,0)","(3,1,0,0):iso-00041",e36957f7d54600e028e56d8b1101b1cab048644172744dc963e57027565c9eeb,62,6b2c6998471844d1ede70ba4de9a6bfa110f66eea4906d44a2afde61c4be5e4e
"(3,1,0,0)","(3,1,0,0):iso-00041",e36957f7d54600e028e56d8b1101b1cab048644172744dc963e57027565c9eeb,62,4224c80057ab8e653ac947861cdc5bfbcdb07fb20a6b366f5f24ef43dc53d47b
"(3,1,0,0)","(3,1,0,0):iso-00041",e36957f7d54600e028e56d8b1101b1cab048644172744dc963e57027565c9eeb,62,825f7019c0b84a7a5be4445d1d1b54ceb75324bbcfcc7069725509947112ed02
"(3,1,0,0)","(3,1,0,0):iso-00041",e36957f7d54600e028e56d8b1101b1cab048644172744dc963e57027565c9eeb,62,eaea07e4dd54ef6b8a3c6061d957bcf09bb5446b048730370d7c760189e39bb8
"(3,1,0,0)","(3,1,0,0):iso-00041",e36957f7d54600e028e56d8b1101b1cab048644172744dc963e57027565c9eeb,62,81821e6883c21d434cc1f3a9a4bdd6939baa5f94b59a97b0285589611f05dac8
"(3,1,0,0)","(3,1,0,0):iso-00041",e36957f7d54600e028e56d8b1101b1cab048644172744dc963e57027565c9eeb,62,4e35340c44aa3d4dcd39da4b2dc6301e3e4a546fc0cc3abd6de41334f347699d
"(3,1,0,0)","(3,1,0,0):iso-00041",e36957f7d54600e028e56d8b1101b1cab048644172744dc963e57027565c9eeb,62,befb830851aa1bd62143f2b6ca84bd3db69b461ae76000c62a0091d7619f8c99
"(3,1,0,0)","(3,1,0,0):iso-00041",e36957f7d54600e028e56d8b1101b1cab048644172744dc963e57027565c9eeb,62,a63e99182baad4dbaa6dfc792407f352aa12a2c0cefc33200c3d57e7632806f5
"(3,1,0,0)","(3,1,0,0):iso-00041",e36957f7d54600e028e56d8b1101b1cab048644172744dc963e57027565c9eeb,62,14ae30eee5b43809f2070f546d4d65f9756c8b323051237a40035adb80398fa1
"(3,1,0,0)","(3,1,0,0):iso-00041",e36957f7d54600e028e56d8b1101b1cab048644172744dc963e57027565c9eeb,62,961820c4ed944aa4d8d05c99b0ed57e5e677c03c796c0d96b28a83cdf5a17b0f
"(3,1,0,0)","(3,1,0,0):iso-00041",e36957f7d54600e028e56d8b1101b1cab048644172744dc963e57027565c9eeb,62,714eaf3c2d1c6b2d8f5ad35c9ebb8232cb1bb30cd8eb5c98c2fb8cf3542016dc
"(3,1,0,0)","(3,1,0,0):iso-00041",e36957f7d54600e028e56d8b1101b1cab048644172744dc963e57027565c9eeb,62,220bbe489947a8bf1c7490ef0828b0287debbb4765157aae18c6a9dc893e7d20
"(3,1,0,0)","(3,1,0,0):iso-00041",e36957f7d54600e028e56d8b1101b1cab048644172744dc963e57027565c9eeb,62,b3373b45930a96828b044f031be90cebb4bdcec1c91c6e0b9c74519727a44db2
"(3,1,0,0)","(3,1,0,0):iso-00041",e36957f7d54600e028e56d8b1101b1cab048644172744dc963e57027565c9eeb,62,d4b7c351aec1e8795e6d7e1de6cc7c1f6d0ddaea4f96989d8bfed7aebf666714
"(3,1,0,0)","(3,1,0,0):iso-00041",e36957f7d54600e028e56d8b1101b1cab048644172744dc963e57027565c9eeb,62,d9f626f0da7daa281c6789f76d2837a930544511c9b02708f2e00a8816f3880c
"(3,1,0,0)","(3,1,0,0):iso-00041",e36957f7d54600e028e56d8b1101b1cab048644172744dc963e57027565c9eeb,62,73b8d46cb333d158eea521f5548892d8bfd6d0c0b722509a3c5497fa02c72a37
"(3,1,0,0)","(3,1,0,0):iso-00041",e36957f7d54600e028e56d8b1101b1cab048644172744dc963e57027565c9eeb,62,268bccf6b0e59cec7ff628a8e2dc027aa944e3414f52f4927271a86d7658402a
"(3,1,0,0)","(3,1,0,0):iso-00041",e36957f7d54600e028e56d8b1101b1cab048644172744dc963e57027565c9eeb,62,69225feafdad44a9c516b4553ded7d693705807f36d05813f25607653334098b
"(3,1,0,0)","(3,1,0,0):iso-00042",2eaf734e64f757e7152251ad30259374fb023e166517ed14f0761649d0f93860,39,2eaf734e64f757e7152251ad30259374fb023e166517ed14f0761649d0f93860
"(3,1,0,0)","(3,1,0,0):iso-00042",2eaf734e64f757e7152251ad30259374fb023e166517ed14f0761649d0f93860,39,b946b8df2643dcc7a052afef49ecc70a732e0e775241208754d2be50813be8b8
"(3,1,0,0)","(3,1,0,0):iso-00042",2eaf734e64f757e7152251ad30259374fb023e166517ed14f0761649d0f93860,39,c67bbb0a4dbec7fa8ed13f164866dbb5302a7d205afd2c8b1e023f97d4a6a765
"(3,1,0,0)","(3,1,0,0):iso-00042",2eaf734e64f757e7152251ad30259374fb023e166517ed14f0761649d0f93860,39,2c28d22111ec77e0faf6333128ad0930d95afe89cc9582d2420d6e8a072f76ab
"(3,1,0,0)","(3,1,0,0):iso-00042",2eaf734e64f757e7152251ad30259374fb023e166517ed14f0761649d0f93860,39,c06262256ad598b30c3f41308e6e2d3d463fb0a4d49152ec8922730f460d1681
"(3,1,0,0)","(3,1,0,0):iso-00042",2eaf734e64f757e7152251ad30259374fb023e166517ed14f0761649d0f93860,39,1a11107371fd76b42e99f4e714a6e403537c4d91235d0cf9a5a5f165b03fc284
"(3,1,0,0)","(3,1,0,0):iso-00042",2eaf734e64f757e7152251ad30259374fb023e166517ed14f0761649d0f93860,39,fdd0d13613cb4c961504ad3e0fa7ee0f66431df840802e044ca4ed3b18be99cc
"(3,1,0,0)","(3,1,0,0):iso-00042",2eaf734e64f757e7152251ad30259374fb023e166517ed14f0761649d0f93860,39,9eedff24fdedf81d524feab38ab44d2f016fa8a6d448c80b51722cd9d0137816
"(3,1,0,0)","(3,1,0,0):iso-00042",2eaf734e64f757e7152251ad30259374fb023e166517ed14f0761649d0f93860,39,1eb47debcdb8f1dd6819da661b4b5b019093088acd922609b6e6e187d5f56585
"(3,1,0,0)","(3,1,0,0):iso-00042",2eaf734e64f757e7152251ad30259374fb023e166517ed14f0761649d0f93860,39,d8d84334829df490ffb526ddea1d4488db981e816e80fc3e49fd4705b1353cb7
"(3,1,0,0)","(3,1,0,0):iso-00042",2eaf734e64f757e7152251ad30259374fb023e166517ed14f0761649d0f93860,39,a966ec004bbcd1b1fb0875083c903c50d9a3d0268683b4badfa1ba50e8bd0c74
"(3,1,0,0)","(3,1,0,0):iso-00042",2eaf734e64f757e7152251ad30259374fb023e166517ed14f0761649d0f93860,39,8dbea53c44c58befd701aeb4e0614f7e2d2371b231eaeae373f64dfa4b0a320a
"(3,1,0,0)","(3,1,0,0):iso-00042",2eaf734e64f757e7152251ad30259374fb023e166517ed14f0761649d0f93860,39,5201fc9c67fe48e6c52c50429056c10b0ae87c9ba991b69dd0998e5826421215
"(3,1,0,0)","(3,1,0,0):iso-00042",2eaf734e64f757e7152251ad30259374fb023e166517ed14f0761649d0f93860,39,50d44f2bf2b7af0d688cff4fc4e2f9f4484c32d6ca63bd4e6a43797e91315582
"(3,1,0,0)","(3,1,0,0):iso-00042",2eaf734e64f757e7152251ad30259374fb023e166517ed14f0761649d0f93860,39,04c7d87063d3de1dd9689e158b5330793a3f2b572a67ab18b665c5358dfe1923
"(3,1,0,0)","(3,1,0,0):iso-00042",2eaf734e64f757e7152251ad30259374fb023e166517ed14f0761649d0f93860,39,63a71889a972acc62466486bca38db6ee85dfc927fda8efa77b3475b75e73c7a
"(3,1,0,0)","(3,1,0,0):iso-00042",2eaf734e64f757e7152251ad30259374fb023e166517ed14f0761649d0f93860,39,16590e4c9dd9bb2f7d5b45ef0882b9de9f69b514aba73ce217d9cda56152018a
"(3,1,0,0)","(3,1,0,0):iso-00042",2eaf734e64f757e7152251ad30259374fb023e166517ed14f0761649d0f93860,39,f43c84f21df613e7c2cd46aaba057c5628db5b177eeefc8f6a9f1eb44bd6fa2a
"(3,1,0,0)","(3,1,0,0):iso-00042",2eaf734e64f757e7152251ad30259374fb023e166517ed14f0761649d0f93860,39,fa1bdb63568724a639af86d76525224b2d82b31aff46ecc72444a8ee1c40a557
"(3,1,0,0)","(3,1,0,0):iso-00042",2eaf734e64f757e7152251ad30259374fb023e166517ed14f0761649d0f93860,39,ab2d4194266069b603e27893496da9c1d4c32e7fb2bcd969c02625a1e26f710e
"(3,1,0,0)","(3,1,0,0):iso-00042",2eaf734e64f757e7152251ad30259374fb023e166517ed14f0761649d0f93860,39,bb2fc7f9689a6ce6a79539a5bf0d766b1bfb1432be7818b61a153be69c4e7110
"(3,1,0,0)","(3,1,0,0):iso-00042",2eaf734e64f757e7152251ad30259374fb023e166517ed14f0761649d0f93860,39,03d8112f4b1fc8d4ba75114d0ce4ed3bac5c66a00978db2408aa630ea26b1b6f
"(3,1,0,0)","(3,1,0,0):iso-00042",2eaf734e64f757e7152251ad30259374fb023e166517ed14f0761649d0f93860,39,de3ce73bf809ba7c4f42d52d8b54d4839beac3f447b84289a3c8aeb69f939888
"(3,1,0,0)","(3,1,0,0):iso-00042",2eaf734e64f757e7152251ad30259374fb023e166517ed14f0761649d0f93860,39,0703c90058b7792e2a57c4f2fc40a1d7f82069c54accb0a8d9bf6c91389d74ba
"(3,1,0,0)","(3,1,0,0):iso-00042",2eaf734e64f757e7152251ad30259374fb023e166517ed14f0761649d0f93860,39,5f2bcab6144f85fa169ba97c9a7852dc9284832359bdc55ce3266b97fc915288
"(3,1,0,0)","(3,1,0,0):iso-00042",2eaf734e64f757e7152251ad30259374fb023e166517ed14f0761649d0f93860,39,1523b3306a2ce9808c19afb8c85345450641c08c71f0dceb84e9afd11321324a
"(3,1,0,0)","(3,1,0,0):iso-00042",2eaf734e64f757e7152251ad30259374fb023e166517ed14f0761649d0f93860,39,996aa69a80412d332b6bbf8f69e3100439a393c91b3b74c9cd2607fdaf59de0a
"(3,1,0,0)","(3,1,0,0):iso-00042",2eaf734e64f757e7152251ad30259374fb023e166517ed14f0761649d0f93860,39,fe82d6ea3dd6121a2edf5f30d7730e037293bcf9d87a91eced17582a6419b1c9
"(3,1,0,0)","(3,1,0,0):iso-00042",2eaf734e64f757e7152251ad30259374fb023e166517ed14f0761649d0f93860,39,ae7d516692fda3db96c9ef3e9d09f4a42ec119179497fa39e0f1b6eb241cd95f
"(3,1,0,0)","(3,1,0,0):iso-00042",2eaf734e64f757e7152251ad30259374fb023e166517ed14f0761649d0f93860,39,5d2c3e1216e313ad670aa284ae5b39d8046e646fb936a123094ba6e78fb70163
"(3,1,0,0)","(3,1,0,0):iso-00042",2eaf734e64f757e7152251ad30259374fb023e166517ed14f0761649d0f93860,39,0d8212f19978cccc621879a1d531ac675f1f713cf8b96e880a2cd8a788c54d0a
"(3,1,0,0)","(3,1,0,0):iso-00042",2eaf734e64f757e7152251ad30259374fb023e166517ed14f0761649d0f93860,39,651865ac463b4a65eefe6e1da86e4a544e0efef1643ef3a448204c608b79d2bb
"(3,1,0,0)","(3,1,0,0):iso-00042",2eaf734e64f757e7152251ad30259374fb023e166517ed14f0761649d0f93860,39,1db4abb9dfa248dfbf6f9c927f4f830096e70fb559c360d55ba0d0d17cd741b1
"(3,1,0,0)","(3,1,0,0):iso-00042",2eaf734e64f757e7152251ad30259374fb023e166517ed14f0761649d0f93860,39,8f7a45ad29f3214d4b1575006fbc9166b0f17dc5c12b32ba07c815525be31b8a
"(3,1,0,0)","(3,1,0,0):iso-00042",2eaf734e64f757e7152251ad30259374fb023e166517ed14f0761649d0f93860,39,be6176342342953b9a355f9e38f8744b5ab2fec1dac6f3f732c10753662c07cd
"(3,1,0,0)","(3,1,0,0):iso-00042",2eaf734e64f757e7152251ad30259374fb023e166517ed14f0761649d0f93860,39,f6f496d3f57e190e1f945a2a815e8966d10ac52323fd91b43af32ca35d41bd5d
"(3,1,0,0)","(3,1,0,0):iso-00042",2eaf734e64f757e7152251ad30259374fb023e166517ed14f0761649d0f93860,39,01bc182e54c8df7fcb9e94409540e81fdda26c457b563df5c268046c155c5645
"(3,1,0,0)","(3,1,0,0):iso-00042",2eaf734e64f757e7152251ad30259374fb023e166517ed14f0761649d0f93860,39,8786cde555d5262126095c787d4de904b9969a8cb9913cac23ba735ae6c6ff73
"(3,1,0,0)","(3,1,0,0):iso-00042",2eaf734e64f757e7152251ad30259374fb023e166517ed14f0761649d0f93860,39,8d2d25d7fd7a011c90f9841e61d23d77b50889fddc7cd9f1d933d21bf20a7dd5
"(3,1,0,0)","(3,1,0,0):iso-00043",3c7ee0592f52a34c1603a5164d10d8b1920719e4bfb9406223571dfca4ff2737,19,3c7ee0592f52a34c1603a5164d10d8b1920719e4bfb9406223571dfca4ff2737
"(3,1,0,0)","(3,1,0,0):iso-00043",3c7ee0592f52a34c1603a5164d10d8b1920719e4bfb9406223571dfca4ff2737,19,77edb6b7efe526dd986c5f9ce185e724d9cde0741772cfd8b8101f57e4f90169
"(3,1,0,0)","(3,1,0,0):iso-00043",3c7ee0592f52a34c1603a5164d10d8b1920719e4bfb9406223571dfca4ff2737,19,a941f5db44f6a74e42b848fd43e893c8d5135ee1b8350643b3117c256757bdfb
"(3,1,0,0)","(3,1,0,0):iso-00043",3c7ee0592f52a34c1603a5164d10d8b1920719e4bfb9406223571dfca4ff2737,19,9a939cd355e55a4979fcbaa0b094feab2dbbaa501563035c5793b7a41f299703
"(3,1,0,0)","(3,1,0,0):iso-00043",3c7ee0592f52a34c1603a5164d10d8b1920719e4bfb9406223571dfca4ff2737,19,f92d9599b10a71423a5a74b68148c64d97d70567f169a7e8c442c49ed080b7b3
"(3,1,0,0)","(3,1,0,0):iso-00043",3c7ee0592f52a34c1603a5164d10d8b1920719e4bfb9406223571dfca4ff2737,19,5378ef763bfe61bab9049e089a7942a65b354ac7acef4f4c682a0e5d63ffd8d5
"(3,1,0,0)","(3,1,0,0):iso-00043",3c7ee0592f52a34c1603a5164d10d8b1920719e4bfb9406223571dfca4ff2737,19,0e9559f8d9ac08aff04fd05aa7e30c9d11acecf8442d48632ea2add548bbd45d
"(3,1,0,0)","(3,1,0,0):iso-00043",3c7ee0592f52a34c1603a5164d10d8b1920719e4bfb9406223571dfca4ff2737,19,c07ad5522e7e7bc0459524901a4fa1075f1fd2a5fa52e6eb082e30210f723c9b
"(3,1,0,0)","(3,1,0,0):iso-00043",3c7ee0592f52a34c1603a5164d10d8b1920719e4bfb9406223571dfca4ff2737,19,a84110045972f834019dcc35ba76e626af74759ab48558f72c0ab95659508a5c
"(3,1,0,0)","(3,1,0,0):iso-00043",3c7ee0592f52a34c1603a5164d10d8b1920719e4bfb9406223571dfca4ff2737,19,35f02b8602c1e0714bb9fc704ef1061fa008056561c0e634c9e70b484160ce2f
"(3,1,0,0)","(3,1,0,0):iso-00043",3c7ee0592f52a34c1603a5164d10d8b1920719e4bfb9406223571dfca4ff2737,19,58bc09fe7daff16dd70f5e5f2be613ddcd8832d388c854069ed33b142c4062e3
"(3,1,0,0)","(3,1,0,0):iso-00043",3c7ee0592f52a34c1603a5164d10d8b1920719e4bfb9406223571dfca4ff2737,19,234f27f4f3377cdb155ffb6ca6e0d1f019411c35f0fc7bad4d6c46de7bf7c350
"(3,1,0,0)","(3,1,0,0):iso-00043",3c7ee0592f52a34c1603a5164d10d8b1920719e4bfb9406223571dfca4ff2737,19,3b0dc88a79aed7b576a4f41a459db79d089b22c12e53f67ff8f0324059344375
"(3,1,0,0)","(3,1,0,0):iso-00043",3c7ee0592f52a34c1603a5164d10d8b1920719e4bfb9406223571dfca4ff2737,19,4489e59c28dab209fed8a2f978194025fa6b5e801b3aa5db029738f13ae314d6
"(3,1,0,0)","(3,1,0,0):iso-00043",3c7ee0592f52a34c1603a5164d10d8b1920719e4bfb9406223571dfca4ff2737,19,e67448c3cd6f9f67521fa118a2c05fcaeb79d3852bfdc775d497f9a1d215ca57
"(3,1,0,0)","(3,1,0,0):iso-00043",3c7ee0592f52a34c1603a5164d10d8b1920719e4bfb9406223571dfca4ff2737,19,b39b7f1dfce890f7cdb231a4e1ede0c2e224eba8ac7248e437e8bd6a92cc230d
"(3,1,0,0)","(3,1,0,0):iso-00043",3c7ee0592f52a34c1603a5164d10d8b1920719e4bfb9406223571dfca4ff2737,19,4027f8527fc0089a8135210f032976562bac24a9d0dabec76e29911c17d71fec
"(3,1,0,0)","(3,1,0,0):iso-00043",3c7ee0592f52a34c1603a5164d10d8b1920719e4bfb9406223571dfca4ff2737,19,ab297c9355caaaaa23c7720ecb890ea8d7409e50bc75ab68b0e498693ba58866
"(3,1,0,0)","(3,1,0,0):iso-00043",3c7ee0592f52a34c1603a5164d10d8b1920719e4bfb9406223571dfca4ff2737,19,d02cca0f576bae3180cd7ad818634c047a0b2d73347bfd09b4050f911749c18d
"(3,1,0,0)","(3,1,0,0):iso-00044",956ea2a22ab5b980bda8be3242c3d4156bcd01bc2538d400c6b778a6d474d317,7,956ea2a22ab5b980bda8be3242c3d4156bcd01bc2538d400c6b778a6d474d317
"(3,1,0,0)","(3,1,0,0):iso-00044",956ea2a22ab5b980bda8be3242c3d4156bcd01bc2538d400c6b778a6d474d317,7,89ad61e48ab50f82f5e2f6781c9c76e08e3f001f76d7969b8c49adeb23a8a77c
"(3,1,0,0)","(3,1,0,0):iso-00044",956ea2a22ab5b980bda8be3242c3d4156bcd01bc2538d400c6b778a6d474d317,7,70eee741a10973bf2c8ff6a49c58e2a1ddd26027568bfc85d029f946f1c48bc5
"(3,1,0,0)","(3,1,0,0):iso-00044",956ea2a22ab5b980bda8be3242c3d4156bcd01bc2538d400c6b778a6d474d317,7,8287d7a19b9bac29b3f7476d437b6d1030dd4ea0b64799b401ade7a0c27b0af8
"(3,1,0,0)","(3,1,0,0):iso-00044",956ea2a22ab5b980bda8be3242c3d4156bcd01bc2538d400c6b778a6d474d317,7,0558ecea15d56b6e891b58bfee39b22f3f029e615a3e3f3ae019bb9cd475c8e2
"(3,1,0,0)","(3,1,0,0):iso-00044",956ea2a22ab5b980bda8be3242c3d4156bcd01bc2538d400c6b778a6d474d317,7,e522e8f0e23d97efb43dcfc4cecab8e5b9b7d6365b55182e0706e104054b8cb8
"(3,1,0,0)","(3,1,0,0):iso-00044",956ea2a22ab5b980bda8be3242c3d4156bcd01bc2538d400c6b778a6d474d317,7,64707e557f53fbfa16e66cc07d19b06faa39dec7e506e013c72d2d3cabe238d1
"(3,1,0,0)","(3,1,0,0):iso-00045",d340339e8dfe89c4b922425e9b9c0d9beb534b10ec27b734ab92a82b8582df47,28,d340339e8dfe89c4b922425e9b9c0d9beb534b10ec27b734ab92a82b8582df47
"(3,1,0,0)","(3,1,0,0):iso-00045",d340339e8dfe89c4b922425e9b9c0d9beb534b10ec27b734ab92a82b8582df47,28,f7cf257daee8058a1c24d15b7d28cd3cc1418f78558d8173f7b086ce9eb75ef5
"(3,1,0,0)","(3,1,0,0):iso-00045",d340339e8dfe89c4b922425e9b9c0d9beb534b10ec27b734ab92a82b8582df47,28,949df866779f3664c1b922832acb0782a1459d801f31648147e70854d2c7e9d6
"(3,1,0,0)","(3,1,0,0):iso-00045",d340339e8dfe89c4b922425e9b9c0d9beb534b10ec27b734ab92a82b8582df47,28,181573f693f4a8db8e7322c737899449d9957569c50f7fe1e39e586e95f0e674
"(3,1,0,0)","(3,1,0,0):iso-00045",d340339e8dfe89c4b922425e9b9c0d9beb534b10ec27b734ab92a82b8582df47,28,05cddfe02e8b07b37fb6d10cb9ccfd35e03d50e8b1d40226dcd8ffbc698eb1f1
"(3,1,0,0)","(3,1,0,0):iso-00045",d340339e8dfe89c4b922425e9b9c0d9beb534b10ec27b734ab92a82b8582df47,28,37f76d37f5a6e09b67b5ac5ebb4e5425c2d65b5134c4842c395fb18b5d074e11
"(3,1,0,0)","(3,1,0,0):iso-00045",d340339e8dfe89c4b922425e9b9c0d9beb534b10ec27b734ab92a82b8582df47,28,a9e930ceddaa3b7d19f6525185e4f47d1a07420188f9e125672d1a1ee36288d5
"(3,1,0,0)","(3,1,0,0):iso-00045",d340339e8dfe89c4b922425e9b9c0d9beb534b10ec27b734ab92a82b8582df47,28,e72a28f31f96352660d20e0018d9a5b7937628ac183f23af8c168301b8b90fa4
"(3,1,0,0)","(3,1,0,0):iso-00045",d340339e8dfe89c4b922425e9b9c0d9beb534b10ec27b734ab92a82b8582df47,28,c5f6bf7b02142aca6f570b1d080c69866833c017540b344bc0cf904d091767aa
"(3,1,0,0)","(3,1,0,0):iso-00045",d340339e8dfe89c4b922425e9b9c0d9beb534b10ec27b734ab92a82b8582df47,28,54521e71e92e18be02b24acbd26f5f64b8561f1af77e19363a9e6fe65a0c4fb1
"(3,1,0,0)","(3,1,0,0):iso-00045",d340339e8dfe89c4b922425e9b9c0d9beb534b10ec27b734ab92a82b8582df47,28,7711fffe6773586d59cf4c51b035f67786f856854e1e4840dc4f36dd2ad17275
"(3,1,0,0)","(3,1,0,0):iso-00045",d340339e8dfe89c4b922425e9b9c0d9beb534b10ec27b734ab92a82b8582df47,28,6da834eb53704475a8bbe5d33fb10e14291cd5ad0a291b2ca5881a8d931d58ec
"(3,1,0,0)","(3,1,0,0):iso-00045",d340339e8dfe89c4b922425e9b9c0d9beb534b10ec27b734ab92a82b8582df47,28,4586796f10c09f85a1d20befa7b1fb0675e868f96c1fb49f29baf734ae90fca9
"(3,1,0,0)","(3,1,0,0):iso-00045",d340339e8dfe89c4b922425e9b9c0d9beb534b10ec27b734ab92a82b8582df47,28,a85bac2219851776cbd0ceffd6a64b60de4833634c8e01eccc13cdeade28cd6f
"(3,1,0,0)","(3,1,0,0):iso-00045",d340339e8dfe89c4b922425e9b9c0d9beb534b10ec27b734ab92a82b8582df47,28,c6755aa1bf5bd493e7021d89a1e0aa3564beb65775266067d4dc715b444347a6
"(3,1,0,0)","(3,1,0,0):iso-00045",d340339e8dfe89c4b922425e9b9c0d9beb534b10ec27b734ab92a82b8582df47,28,6ddd94fe38b754329cba8a93d6f24d2959a6fd40cf881934854cd9cf70657845
"(3,1,0,0)","(3,1,0,0):iso-00045",d340339e8dfe89c4b922425e9b9c0d9beb534b10ec27b734ab92a82b8582df47,28,d38e266b174fe0afe4a30db203efbfea2a4d08dff5d4214b75456d2db5ee07c6
"(3,1,0,0)","(3,1,0,0):iso-00045",d340339e8dfe89c4b922425e9b9c0d9beb534b10ec27b734ab92a82b8582df47,28,b2ec5d78203fcb7ad518261a0e2b6507ce1acadd14b6b8e9e9b8294f2c94524e
"(3,1,0,0)","(3,1,0,0):iso-00045",d340339e8dfe89c4b922425e9b9c0d9beb534b10ec27b734ab92a82b8582df47,28,37327281443f0e2dfb995190944bfdde33e5054abeb3f9136cf60c5f4f16acf3
"(3,1,0,0)","(3,1,0,0):iso-00045",d340339e8dfe89c4b922425e9b9c0d9beb534b10ec27b734ab92a82b8582df47,28,68fb1154c58b543ac414445eeb04e1f7769b4cd35bb3c21740760681db791b96
"(3,1,0,0)","(3,1,0,0):iso-00045",d340339e8dfe89c4b922425e9b9c0d9beb534b10ec27b734ab92a82b8582df47,28,dfd5ac3e7cd9e64a5b1ab760492b39eeea24d783aa626ead688222fa6afece95
"(3,1,0,0)","(3,1,0,0):iso-00045",d340339e8dfe89c4b922425e9b9c0d9beb534b10ec27b734ab92a82b8582df47,28,8197a1912a2de5adbef0618aebf71e0631611d5cbb9a5195db08a34bb4d612d1
"(3,1,0,0)","(3,1,0,0):iso-00045",d340339e8dfe89c4b922425e9b9c0d9beb534b10ec27b734ab92a82b8582df47,28,4da7acd8159ed5cb37098a0c1d1c1efbb22dd41d20153ad21090668475aebab5
"(3,1,0,0)","(3,1,0,0):iso-00045",d340339e8dfe89c4b922425e9b9c0d9beb534b10ec27b734ab92a82b8582df47,28,a4445c18ab7c35f47ef2fccce718dabf6b56361bc41e75bced4f447c25b5a59d
"(3,1,0,0)","(3,1,0,0):iso-00045",d340339e8dfe89c4b922425e9b9c0d9beb534b10ec27b734ab92a82b8582df47,28,be6517976edce4fa4191e186613266b6a78cce1a9a617b5aee181820c65ae68d
"(3,1,0,0)","(3,1,0,0):iso-00045",d340339e8dfe89c4b922425e9b9c0d9beb534b10ec27b734ab92a82b8582df47,28,2f5496a4f811e1590779278944b2b22116bd1302920064207cf822e2f6638ae8
"(3,1,0,0)","(3,1,0,0):iso-00045",d340339e8dfe89c4b922425e9b9c0d9beb534b10ec27b734ab92a82b8582df47,28,67948987a619d06aa4fb56e6ed62efbba1b747c4d43cab2ec8b61c213b5bd63d
"(3,1,0,0)","(3,1,0,0):iso-00045",d340339e8dfe89c4b922425e9b9c0d9beb534b10ec27b734ab92a82b8582df47,28,cccc86c5cfb33429d7dc94bf7206c43f0121796a3f447470ba63b7367e88388c
"(3,1,0,0)","(3,1,0,0):iso-00046",a1dd1900c159a9af10a98a61b45ee80b66d51ff5b071286c832baa871c67523f,22,a1dd1900c159a9af10a98a61b45ee80b66d51ff5b071286c832baa871c67523f
"(3,1,0,0)","(3,1,0,0):iso-00046",a1dd1900c159a9af10a98a61b45ee80b66d51ff5b071286c832baa871c67523f,22,5e7aee537d106c045fa015812e28abc0e6896896831491976ddcf7a6b2244bb9
"(3,1,0,0)","(3,1,0,0):iso-00046",a1dd1900c159a9af10a98a61b45ee80b66d51ff5b071286c832baa871c67523f,22,062e5e238e715905705f0dea7c495b5125f0c0a3a8bec54f68023a7c4bd7a2a7
"(3,1,0,0)","(3,1,0,0):iso-00046",a1dd1900c159a9af10a98a61b45ee80b66d51ff5b071286c832baa871c67523f,22,85b04b8ccc8adab31e04e7027b08b835258020f2485e007d957060fa9760969a
"(3,1,0,0)","(3,1,0,0):iso-00046",a1dd1900c159a9af10a98a61b45ee80b66d51ff5b071286c832baa871c67523f,22,e4c0f4274f75656073d953e24486a32847ebe6a8f748fc068dc43075efe8619f
"(3,1,0,0)","(3,1,0,0):iso-00046",a1dd1900c159a9af10a98a61b45ee80b66d51ff5b071286c832baa871c67523f,22,8ec926c23b26acb5a3de30a6df8b2dca2b95017b66d35a7fb56c2606afd24aeb
"(3,1,0,0)","(3,1,0,0):iso-00046",a1dd1900c159a9af10a98a61b45ee80b66d51ff5b071286c832baa871c67523f,22,b26b4c20c26430615a728303bebac69f74929d9b0a118d8fa10ee8dee3fe204f
"(3,1,0,0)","(3,1,0,0):iso-00046",a1dd1900c159a9af10a98a61b45ee80b66d51ff5b071286c832baa871c67523f,22,dfab0950b149d4bca69e3153df57d3498dde92224e5ab2c2791a86f8775f0e3b
"(3,1,0,0)","(3,1,0,0):iso-00046",a1dd1900c159a9af10a98a61b45ee80b66d51ff5b071286c832baa871c67523f,22,09fdfe4d23fb97ca9d3ac96fb33e1c2d9d57c1dc568b1eaaa13a4d859875c399
"(3,1,0,0)","(3,1,0,0):iso-00046",a1dd1900c159a9af10a98a61b45ee80b66d51ff5b071286c832baa871c67523f,22,0a90cf8bcdc4647c610f2336d48da5968e341edbb08a14667c0ea2c9b5dff1c7
"(3,1,0,0)","(3,1,0,0):iso-00046",a1dd1900c159a9af10a98a61b45ee80b66d51ff5b071286c832baa871c67523f,22,04bcd487144292e98978e384761445f8d7bbcaed9900a921bfd5edaba468e7a4
"(3,1,0,0)","(3,1,0,0):iso-00046",a1dd1900c159a9af10a98a61b45ee80b66d51ff5b071286c832baa871c67523f,22,a02124dc226f836747832bd13b1429c2158906c3864f016ae124c680472476ad
"(3,1,0,0)","(3,1,0,0):iso-00046",a1dd1900c159a9af10a98a61b45ee80b66d51ff5b071286c832baa871c67523f,22,ad266d469bc61405d37c43fedfbb9d6d78fb704891d8b27cf6885df871d4c78e
"(3,1,0,0)","(3,1,0,0):iso-00046",a1dd1900c159a9af10a98a61b45ee80b66d51ff5b071286c832baa871c67523f,22,cf78c7c8c2aa2e36e222883c0837ff999d03066d9b36806138331d6e8135125c
"(3,1,0,0)","(3,1,0,0):iso-00046",a1dd1900c159a9af10a98a61b45ee80b66d51ff5b071286c832baa871c67523f,22,a79399984a6484c64363d353ef368891dfb0a77c1d0f393cf3389accefbce13c
"(3,1,0,0)","(3,1,0,0):iso-00046",a1dd1900c159a9af10a98a61b45ee80b66d51ff5b071286c832baa871c67523f,22,f6d718f13399c0aafa1deeb896425bdde4aef6fb1f2869f8e30c1b0d12238dc5
"(3,1,0,0)","(3,1,0,0):iso-00046",a1dd1900c159a9af10a98a61b45ee80b66d51ff5b071286c832baa871c67523f,22,b9ec62b819e5d79696d344e1338064514cdefd32ed94bda3e0716d8e4e1bd68d
"(3,1,0,0)","(3,1,0,0):iso-00046",a1dd1900c159a9af10a98a61b45ee80b66d51ff5b071286c832baa871c67523f,22,32da7c28b877da0a62702d30a0ea985e8ec7256548474cde75169e7f372d570f
"(3,1,0,0)","(3,1,0,0):iso-00046",a1dd1900c159a9af10a98a61b45ee80b66d51ff5b071286c832baa871c67523f,22,ccb486761aaf18605f9da1df4d541a2608878b7efc1d75416a694dfe8f8c89e3
"(3,1,0,0)","(3,1,0,0):iso-00046",a1dd1900c159a9af10a98a61b45ee80b66d51ff5b071286c832baa871c67523f,22,0437b82fad8e455d76c367aebbd5bbdca662846045f399c16051cc950cc0d924
"(3,1,0,0)","(3,1,0,0):iso-00046",a1dd1900c159a9af10a98a61b45ee80b66d51ff5b071286c832baa871c67523f,22,19570e3cb665ddae0cd742b4c48292670c1fa169326a9280c56dec1812e9d5d0
"(3,1,0,0)","(3,1,0,0):iso-00046",a1dd1900c159a9af10a98a61b45ee80b66d51ff5b071286c832baa871c67523f,22,9691140296e85d04b697efa4046e180f94498ab738e6850c79a4190788611dad
"(3,1,0,0)","(3,1,0,0):iso-00047",16463a9e8d862f93cd441670b2f52bcd303808d1f80ec489a2d742a69deb117e,53,16463a9e8d862f93cd441670b2f52bcd303808d1f80ec489a2d742a69deb117e
"(3,1,0,0)","(3,1,0,0):iso-00047",16463a9e8d862f93cd441670b2f52bcd303808d1f80ec489a2d742a69deb117e,53,6cfa70a142ea88a18cd67b8397f2c6d6c7839ba7e71b8f435b971245cb2c66f4
"(3,1,0,0)","(3,1,0,0):iso-00047",16463a9e8d862f93cd441670b2f52bcd303808d1f80ec489a2d742a69deb117e,53,33888d4a0eff3d7134c071c060e39ac5918c675ae8e6b0251d836e6284973ead
"(3,1,0,0)","(3,1,0,0):iso-00047",16463a9e8d862f93cd441670b2f52bcd303808d1f80ec489a2d742a69deb117e,53,770306612dc4eb98a6189e01b3626ac63a31ddb3f83f48a849e13866a1c885f3
"(3,1,0,0)","(3,1,0,0):iso-00047",16463a9e8d862f93cd441670b2f52bcd303808d1f80ec489a2d742a69deb117e,53,286fd8fc2a350e8e347a2073ba886e04a379df8cef2b52dc20b69a188056659d
"(3,1,0,0)","(3,1,0,0):iso-00047",16463a9e8d862f93cd441670b2f52bcd303808d1f80ec489a2d742a69deb117e,53,7f65bbff360ac076c3c75d6701e459f766db413683fbc9d96d1f3149a3ba1713
"(3,1,0,0)","(3,1,0,0):iso-00047",16463a9e8d862f93cd441670b2f52bcd303808d1f80ec489a2d742a69deb117e,53,0daf4379fa3bb71a11073461763f7940b06d32da18ff4da3a914571ce402093c
"(3,1,0,0)","(3,1,0,0):iso-00047",16463a9e8d862f93cd441670b2f52bcd303808d1f80ec489a2d742a69deb117e,53,9f4667ed89703b1b7aeef3c976dcf37db15f688f8dfd21b8b9f9036a6844c264
"(3,1,0,0)","(3,1,0,0):iso-00047",16463a9e8d862f93cd441670b2f52bcd303808d1f80ec489a2d742a69deb117e,53,d90510fff05d2acfc4a187aa1b2b801e76268df54966ed9c208e4399b0c0e607
"(3,1,0,0)","(3,1,0,0):iso-00047",16463a9e8d862f93cd441670b2f52bcd303808d1f80ec489a2d742a69deb117e,53,8db1e63a8c5897a511838847d914a62bd8b628bf1f5da542a00e19bac33c73f3
"(3,1,0,0)","(3,1,0,0):iso-00047",16463a9e8d862f93cd441670b2f52bcd303808d1f80ec489a2d742a69deb117e,53,350330a144739ccca2654c55b83e4240712a6610bff4bf38ad00a6557a509293
"(3,1,0,0)","(3,1,0,0):iso-00047",16463a9e8d862f93cd441670b2f52bcd303808d1f80ec489a2d742a69deb117e,53,42e08ea7195a596f69a52bb23616ca1ce852166962b1fd83372b70b3fb5d68c3
"(3,1,0,0)","(3,1,0,0):iso-00047",16463a9e8d862f93cd441670b2f52bcd303808d1f80ec489a2d742a69deb117e,53,f77d0ac0c958e955422dc075c0a3a7ebbeba00becced1d7e4a4ee627f258ae11
"(3,1,0,0)","(3,1,0,0):iso-00047",16463a9e8d862f93cd441670b2f52bcd303808d1f80ec489a2d742a69deb117e,53,a4e0cc46f471b1f2e8892c9b9ccc54f04535c6eb9b91d1bd087bc65084b80d9f
"(3,1,0,0)","(3,1,0,0):iso-00047",16463a9e8d862f93cd441670b2f52bcd303808d1f80ec489a2d742a69deb117e,53,06ee135ba5dfa2397f4c59dfcadbe104486fd3495ec2b10eb8c1a58f095d4070
"(3,1,0,0)","(3,1,0,0):iso-00047",16463a9e8d862f93cd441670b2f52bcd303808d1f80ec489a2d742a69deb117e,53,2ca781c5653dc07e09d813354b8786fc9eeddf412461bbe4427ba5a87ca9dcb3
"(3,1,0,0)","(3,1,0,0):iso-00047",16463a9e8d862f93cd441670b2f52bcd303808d1f80ec489a2d742a69deb117e,53,371b4501fd80e062c20d35c7939f586dbf0ad9d76078b0bb8b1bd8d13d7abd3e
"(3,1,0,0)","(3,1,0,0):iso-00047",16463a9e8d862f93cd441670b2f52bcd303808d1f80ec489a2d742a69deb117e,53,d988ad24b74bb0b764cf30531d6626a6bcc2fcab227ec5010683081788713737
"(3,1,0,0)","(3,1,0,0):iso-00047",16463a9e8d862f93cd441670b2f52bcd303808d1f80ec489a2d742a69deb117e,53,1c886c8439c62842fa915c16b254812666e7b409fded54552397a8800d1e2fc9
"(3,1,0,0)","(3,1,0,0):iso-00047",16463a9e8d862f93cd441670b2f52bcd303808d1f80ec489a2d742a69deb117e,53,fe0dd6c2f3a1188b53a8734c195751e2ac98d0ebfefc09eb01dd3e5897bcd7e4
"(3,1,0,0)","(3,1,0,0):iso-00047",16463a9e8d862f93cd441670b2f52bcd303808d1f80ec489a2d742a69deb117e,53,190f9ed32883ade279a78e0f49b728d0fda7693cfe4b42c84b4121e6f12e2491
"(3,1,0,0)","(3,1,0,0):iso-00047",16463a9e8d862f93cd441670b2f52bcd303808d1f80ec489a2d742a69deb117e,53,2c6068264e4c4fb660568b85a940b2533282d06f1d7e1e46a3bb34d6820983b6
"(3,1,0,0)","(3,1,0,0):iso-00047",16463a9e8d862f93cd441670b2f52bcd303808d1f80ec489a2d742a69deb117e,53,def5f41380b0696651c9720476413e106fc72bc297d11aebd3f76a165d92a967
"(3,1,0,0)","(3,1,0,0):iso-00047",16463a9e8d862f93cd441670b2f52bcd303808d1f80ec489a2d742a69deb117e,53,a9212d18284c482fe1e09a464c57d43db5f155dacd56d746f9cd82ae6094d219
"(3,1,0,0)","(3,1,0,0):iso-00047",16463a9e8d862f93cd441670b2f52bcd303808d1f80ec489a2d742a69deb117e,53,815a85dbe775b731cc2eb37ab296d824c4301d889e70efcb0191096bf5ba66cf
"(3,1,0,0)","(3,1,0,0):iso-00047",16463a9e8d862f93cd441670b2f52bcd303808d1f80ec489a2d742a69deb117e,53,e602681d5dafb9939b1d0cc8adf0ce8b579891bec4c9766a64bcc6d5879d8496
"(3,1,0,0)","(3,1,0,0):iso-00047",16463a9e8d862f93cd441670b2f52bcd303808d1f80ec489a2d742a69deb117e,53,3ae2aa18a7a5f9db3e4347164fef7a94089c99a443c0f7ff9dfa9ecc190de066
"(3,1,0,0)","(3,1,0,0):iso-00047",16463a9e8d862f93cd441670b2f52bcd303808d1f80ec489a2d742a69deb117e,53,ecd2c2140479353c9522ddece0e5b8ad5731665b129dd4128bb9e2d3187525c3
"(3,1,0,0)","(3,1,0,0):iso-00047",16463a9e8d862f93cd441670b2f52bcd303808d1f80ec489a2d742a69deb117e,53,53469afec162dc3c9cbadc05e2f4bbac0fe3b0265ae91bf471c1ed03a313d967
"(3,1,0,0)","(3,1,0,0):iso-00047",16463a9e8d862f93cd441670b2f52bcd303808d1f80ec489a2d742a69deb117e,53,21be0d550e143cf32cfb2917e967801b4bede45fcd232470a7f5faf3100e6c20
"(3,1,0,0)","(3,1,0,0):iso-00047",16463a9e8d862f93cd441670b2f52bcd303808d1f80ec489a2d742a69deb117e,53,b57fd9e3bf4d43168d8539998c28178f9e5c1851fb3d153797f76f5abf309534
"(3,1,0,0)","(3,1,0,0):iso-00047",16463a9e8d862f93cd441670b2f52bcd303808d1f80ec489a2d742a69deb117e,53,e7fcca32eed7083338a2f3a6ee3e39d23190f9bdfce97263527a3f11ebacbf76
"(3,1,0,0)","(3,1,0,0):iso-00047",16463a9e8d862f93cd441670b2f52bcd303808d1f80ec489a2d742a69deb117e,53,c871ed7096e2c1e49d99c9140aa38d97438be1cc5256d9100aebe57fa15c9c16
"(3,1,0,0)","(3,1,0,0):iso-00047",16463a9e8d862f93cd441670b2f52bcd303808d1f80ec489a2d742a69deb117e,53,6e61d9392bb38ef4e98247cab879a4eb269e47931b9083994cbe7f96d1a80d30
"(3,1,0,0)","(3,1,0,0):iso-00047",16463a9e8d862f93cd441670b2f52bcd303808d1f80ec489a2d742a69deb117e,53,f2c5d3429f0780276eb25bb388737afbdca1c4da510d186163fd83e7979b7002
"(3,1,0,0)","(3,1,0,0):iso-00047",16463a9e8d862f93cd441670b2f52bcd303808d1f80ec489a2d742a69deb117e,53,f0323e7c6918943eae7ea217981c4081f4b19f7e2c3c10cb22262feb2f8d5f30
"(3,1,0,0)","(3,1,0,0):iso-00047",16463a9e8d862f93cd441670b2f52bcd303808d1f80ec489a2d742a69deb117e,53,f71daf0d8edcf4f811cca8de6585658aaca5d57008c7d9270c513e05c228c1ab
"(3,1,0,0)","(3,1,0,0):iso-00047",16463a9e8d862f93cd441670b2f52bcd303808d1f80ec489a2d742a69deb117e,53,54f1533b349e51c63d53aaefb2d9d6449cf81ac477757b709c7ff8212b0e66bd
"(3,1,0,0)","(3,1,0,0):iso-00047",16463a9e8d862f93cd441670b2f52bcd303808d1f80ec489a2d742a69deb117e,53,3293b3c0faeb325f5e6056ebfcbced61e916c96dff2bee0dce4eec990a88ec6d
"(3,1,0,0)","(3,1,0,0):iso-00047",16463a9e8d862f93cd441670b2f52bcd303808d1f80ec489a2d742a69deb117e,53,4d6ac862b0fb62870b4feaec623c591633bc64e758591eec605bebaaf68475bc
"(3,1,0,0)","(3,1,0,0):iso-00047",16463a9e8d862f93cd441670b2f52bcd303808d1f80ec489a2d742a69deb117e,53,cf3f48e077487a5e2f21079b441587e07f8cfc1be64da075f6fb26bc709299df
"(3,1,0,0)","(3,1,0,0):iso-00047",16463a9e8d862f93cd441670b2f52bcd303808d1f80ec489a2d742a69deb117e,53,f1c04db08b6c3b62035d8546057a496a7c9c3e118f94c941c2bdaf1b13e48efa
"(3,1,0,0)","(3,1,0,0):iso-00047",16463a9e8d862f93cd441670b2f52bcd303808d1f80ec489a2d742a69deb117e,53,f2f8f51fe639a5b9510a813ea3f83b56aa7edd3fd528a42f598c89fa3ba9478e
"(3,1,0,0)","(3,1,0,0):iso-00047",16463a9e8d862f93cd441670b2f52bcd303808d1f80ec489a2d742a69deb117e,53,70f6cd5f4bda050a1eaeaab9e8c7c23ddf0ad5b3b15d7fb93ac9b6d59025971d
"(3,1,0,0)","(3,1,0,0):iso-00047",16463a9e8d862f93cd441670b2f52bcd303808d1f80ec489a2d742a69deb117e,53,9450718999713e038cdc756b7789de8e2ee12ad223bc39df0d5e453c63fea31b
"(3,1,0,0)","(3,1,0,0):iso-00047",16463a9e8d862f93cd441670b2f52bcd303808d1f80ec489a2d742a69deb117e,53,673174e384d66aa159f45e54b37af548027f3290e61cf0961d7eeeba047da5f7
"(3,1,0,0)","(3,1,0,0):iso-00047",16463a9e8d862f93cd441670b2f52bcd303808d1f80ec489a2d742a69deb117e,53,3814d39a763f12e758fbeb9e8c49712d358caec00d28a2c2da55ee4e2018d2b8
"(3,1,0,0)","(3,1,0,0):iso-00047",16463a9e8d862f93cd441670b2f52bcd303808d1f80ec489a2d742a69deb117e,53,62cf739b592126ad010423e5015647f2b174662ec851c35ff2ec572de403e6bd
"(3,1,0,0)","(3,1,0,0):iso-00047",16463a9e8d862f93cd441670b2f52bcd303808d1f80ec489a2d742a69deb117e,53,4ed772eba2ded441fe8d4fd37b85e8e7465ab9259e8a2ad8410181b0c3ff870a
"(3,1,0,0)","(3,1,0,0):iso-00047",16463a9e8d862f93cd441670b2f52bcd303808d1f80ec489a2d742a69deb117e,53,ba90dc913a41a1c436be3f8dc4dbd6e4dfb790cd1155d642bd3e02729cc3cad5
"(3,1,0,0)","(3,1,0,0):iso-00047",16463a9e8d862f93cd441670b2f52bcd303808d1f80ec489a2d742a69deb117e,53,0e64000a06833491918a4b9836e9834513a496a9fa38939d097a819e7d4bea21
"(3,1,0,0)","(3,1,0,0):iso-00047",16463a9e8d862f93cd441670b2f52bcd303808d1f80ec489a2d742a69deb117e,53,5f28c798044bcdc56d4ff2915c931c5239fa06683f47da88fdb693832f53fd35
"(3,1,0,0)","(3,1,0,0):iso-00047",16463a9e8d862f93cd441670b2f52bcd303808d1f80ec489a2d742a69deb117e,53,e480dfdc48b840f5274ddfa6bf540bd8969f06476b932b7cbabe47ceaf8aaa46
"(3,1,0,0)","(3,1,0,0):iso-00048",fb92f483317a469592ed1aa5c6f741afe0c05dbca0b1872b4e34d0d422997b7a,37,fb92f483317a469592ed1aa5c6f741afe0c05dbca0b1872b4e34d0d422997b7a
"(3,1,0,0)","(3,1,0,0):iso-00048",fb92f483317a469592ed1aa5c6f741afe0c05dbca0b1872b4e34d0d422997b7a,37,97da6b9a01442e6bb8b6ff3e72381e609f399295ae05dfffc3c7eddfad561a7e
"(3,1,0,0)","(3,1,0,0):iso-00048",fb92f483317a469592ed1aa5c6f741afe0c05dbca0b1872b4e34d0d422997b7a,37,47c1ecb07d28ae14ec2d6fdfbd3fe7576c339dbb47a4846042ee2cd9ecbe1946
"(3,1,0,0)","(3,1,0,0):iso-00048",fb92f483317a469592ed1aa5c6f741afe0c05dbca0b1872b4e34d0d422997b7a,37,8bacc44f4a217d5a5335f53376294f0981a398305cc913b854748fcab090c5d9
"(3,1,0,0)","(3,1,0,0):iso-00048",fb92f483317a469592ed1aa5c6f741afe0c05dbca0b1872b4e34d0d422997b7a,37,67ef30b8b12d6495496979b8b0bb019d46daf55ae3f701d39d7d7ed8bcfcc0e8
"(3,1,0,0)","(3,1,0,0):iso-00048",fb92f483317a469592ed1aa5c6f741afe0c05dbca0b1872b4e34d0d422997b7a,37,a09cdcbe0a97e81330592adac67fde2411265a89e9aa048829cb9dfe275611e1
"(3,1,0,0)","(3,1,0,0):iso-00048",fb92f483317a469592ed1aa5c6f741afe0c05dbca0b1872b4e34d0d422997b7a,37,a6be78ac67fb9f3d013a32f6d7681bd6749aab7d23b342f1926d2311bdddf343
"(3,1,0,0)","(3,1,0,0):iso-00048",fb92f483317a469592ed1aa5c6f741afe0c05dbca0b1872b4e34d0d422997b7a,37,84668e2e9ffa6ef7c0c6e579d45de6486e7d6192e28cf674840643a186fb5ffb
"(3,1,0,0)","(3,1,0,0):iso-00048",fb92f483317a469592ed1aa5c6f741afe0c05dbca0b1872b4e34d0d422997b7a,37,394fcf7c10e7b6854872d16e4ec034f96868964f0c010a2b0fbde7194204232c
"(3,1,0,0)","(3,1,0,0):iso-00048",fb92f483317a469592ed1aa5c6f741afe0c05dbca0b1872b4e34d0d422997b7a,37,81f7aa0735a04b9b89f460326026fe6d2c75ff7c9510b1985eca5cadbd4c4bfd
"(3,1,0,0)","(3,1,0,0):iso-00048",fb92f483317a469592ed1aa5c6f741afe0c05dbca0b1872b4e34d0d422997b7a,37,eb1206f6df12077723af4ffb46827da4a4e582077ba854e0e53cee1cf365629b
"(3,1,0,0)","(3,1,0,0):iso-00048",fb92f483317a469592ed1aa5c6f741afe0c05dbca0b1872b4e34d0d422997b7a,37,74184f7618f7bcb647ea4ee3fdcfa345959c591bf6ee718e51cf7b03e903c95b
"(3,1,0,0)","(3,1,0,0):iso-00048",fb92f483317a469592ed1aa5c6f741afe0c05dbca0b1872b4e34d0d422997b7a,37,995e3936b276f15597c10dfac5bc1891a7bb16352b626aec430eacbd3ae932f2
"(3,1,0,0)","(3,1,0,0):iso-00048",fb92f483317a469592ed1aa5c6f741afe0c05dbca0b1872b4e34d0d422997b7a,37,27122d570db4f5247158e3316924ee6cceed810721e7d5f51700b7d2ccc483f5
"(3,1,0,0)","(3,1,0,0):iso-00048",fb92f483317a469592ed1aa5c6f741afe0c05dbca0b1872b4e34d0d422997b7a,37,7dbb28b1e0b5a05cfeb628176941540bc4278adb590dd3ebb8383b4fd6f8adee
"(3,1,0,0)","(3,1,0,0):iso-00048",fb92f483317a469592ed1aa5c6f741afe0c05dbca0b1872b4e34d0d422997b7a,37,e14d263ad382ce445fcc2a64e3b6aed037df749d82de7f7f68a69d075ab5790b
"(3,1,0,0)","(3,1,0,0):iso-00048",fb92f483317a469592ed1aa5c6f741afe0c05dbca0b1872b4e34d0d422997b7a,37,13465cce6ba7ef2dc01172b1af0b1be9ce3c49df132aa63a30635fca25b77093
"(3,1,0,0)","(3,1,0,0):iso-00048",fb92f483317a469592ed1aa5c6f741afe0c05dbca0b1872b4e34d0d422997b7a,37,8e87a6599c33859558be9d42a3973a9db7e2ede63cdb2be8be5e69b2170f4a6e
"(3,1,0,0)","(3,1,0,0):iso-00048",fb92f483317a469592ed1aa5c6f741afe0c05dbca0b1872b4e34d0d422997b7a,37,ccb8942a28dadff845cbd239dc01700357878d9f63d2e07b72959c960b877d28
"(3,1,0,0)","(3,1,0,0):iso-00048",fb92f483317a469592ed1aa5c6f741afe0c05dbca0b1872b4e34d0d422997b7a,37,cfc5e1073ff9bd535b5815b602b169af05688b686f73cb163953f95d2a2d6e8b
"(3,1,0,0)","(3,1,0,0):iso-00048",fb92f483317a469592ed1aa5c6f741afe0c05dbca0b1872b4e34d0d422997b7a,37,6c28ce86849f261c12b534cf166ad9fe4dcdb78c4d3497632c5401072b417947
"(3,1,0,0)","(3,1,0,0):iso-00048",fb92f483317a469592ed1aa5c6f741afe0c05dbca0b1872b4e34d0d422997b7a,37,b38b5e134e7342c5c61a8195907e5b280ada1ad8d8efe8066b652aebc9bea068
"(3,1,0,0)","(3,1,0,0):iso-00048",fb92f483317a469592ed1aa5c6f741afe0c05dbca0b1872b4e34d0d422997b7a,37,a7115973131634601d046d31796cb4e18a54ff0cbc3d530becee8cb0a3fc3638
"(3,1,0,0)","(3,1,0,0):iso-00048",fb92f483317a469592ed1aa5c6f741afe0c05dbca0b1872b4e34d0d422997b7a,37,75979e2114918fa5742b6f7e31787c69c04769d2288b6954c3d7a851b0973218
"(3,1,0,0)","(3,1,0,0):iso-00048",fb92f483317a469592ed1aa5c6f741afe0c05dbca0b1872b4e34d0d422997b7a,37,e19aa34c1f41b2b6775a3651ece0973edd69bbb74ae9c50998697e8a8558c512
"(3,1,0,0)","(3,1,0,0):iso-00048",fb92f483317a469592ed1aa5c6f741afe0c05dbca0b1872b4e34d0d422997b7a,37,24f01f23d9eb6421be73c26ba12ae887a8203808f51a22411ac1d7851da082bb
"(3,1,0,0)","(3,1,0,0):iso-00048",fb92f483317a469592ed1aa5c6f741afe0c05dbca0b1872b4e34d0d422997b7a,37,07428605e1a10c87145ada60ad62d124f770048518fd3df2305f5982616a7895
"(3,1,0,0)","(3,1,0,0):iso-00048",fb92f483317a469592ed1aa5c6f741afe0c05dbca0b1872b4e34d0d422997b7a,37,72fccb243f492a258cd54ab8fda261f06ed15ed77f46d882b17329754ca63232
"(3,1,0,0)","(3,1,0,0):iso-00048",fb92f483317a469592ed1aa5c6f741afe0c05dbca0b1872b4e34d0d422997b7a,37,0e7fdaeadb0af84b9730a92a3517a4581fe7ae0e38196770b9f59917896cc59b
"(3,1,0,0)","(3,1,0,0):iso-00048",fb92f483317a469592ed1aa5c6f741afe0c05dbca0b1872b4e34d0d422997b7a,37,068bc58ecc9e1c2cc12b6bac09da91e5d996ebb292a662ad4d5f4b36d01a6287
"(3,1,0,0)","(3,1,0,0):iso-00048",fb92f483317a469592ed1aa5c6f741afe0c05dbca0b1872b4e34d0d422997b7a,37,9a96137d556eb6dc1ada1f0f9e3cbd1b20e10f492a652f06b5a1c08ad7c0bae0
"(3,1,0,0)","(3,1,0,0):iso-00048",fb92f483317a469592ed1aa5c6f741afe0c05dbca0b1872b4e34d0d422997b7a,37,00bcbab550fcccf42b786dcf1d93cd5695421a59fec4df8a0f38bb640956f5fe
"(3,1,0,0)","(3,1,0,0):iso-00048",fb92f483317a469592ed1aa5c6f741afe0c05dbca0b1872b4e34d0d422997b7a,37,1e7fa238730c8436dae7a4de824a4b0d25fb9c39fe573384a35d7c743b7ec8d2
"(3,1,0,0)","(3,1,0,0):iso-00048",fb92f483317a469592ed1aa5c6f741afe0c05dbca0b1872b4e34d0d422997b7a,37,44b48930a4c61806fb80ef1593b4e40190b190687dae1f8d7da97d0af99fd0a2
"(3,1,0,0)","(3,1,0,0):iso-00048",fb92f483317a469592ed1aa5c6f741afe0c05dbca0b1872b4e34d0d422997b7a,37,830821b4aeef33f5bc3ab0ab55b612a56d03caead567df25c216122922586c7a
"(3,1,0,0)","(3,1,0,0):iso-00048",fb92f483317a469592ed1aa5c6f741afe0c05dbca0b1872b4e34d0d422997b7a,37,11bec082a9bc42ddc45ddea96462b7527179bf054133f9eeb4df2f9fbe911eb8
"(3,1,0,0)","(3,1,0,0):iso-00048",fb92f483317a469592ed1aa5c6f741afe0c05dbca0b1872b4e34d0d422997b7a,37,134f4617b5319de3db93e225402698944ee7a6eff4fc70dd3bcc03839c22c5c9
"(3,1,0,0)","(3,1,0,0):iso-00049",19a8d75aa23c80ea291df1945b22ea1ad1525b4cb4c272cdb4cc631db5a02d41,4,19a8d75aa23c80ea291df1945b22ea1ad1525b4cb4c272cdb4cc631db5a02d41
"(3,1,0,0)","(3,1,0,0):iso-00049",19a8d75aa23c80ea291df1945b22ea1ad1525b4cb4c272cdb4cc631db5a02d41,4,729acce6c1f1a0965d74e0740be3200e8bd1ec67bb99b0323a0933a187600495
"(3,1,0,0)","(3,1,0,0):iso-00049",19a8d75aa23c80ea291df1945b22ea1ad1525b4cb4c272cdb4cc631db5a02d41,4,ffa2ad87ff7183d9491519cfc140d66662c56d30ec0fa9b672c47ef8688f8f1b
"(3,1,0,0)","(3,1,0,0):iso-00049",19a8d75aa23c80ea291df1945b22ea1ad1525b4cb4c272cdb4cc631db5a02d41,4,ea73fa708287af008ac2757b4fd18f525f6480f73f98f6e6b283c86a0f080a93
"(3,1,0,0)","(3,1,0,0):iso-00050",d925882c007ee36c4e2964327c6b82b37153106b8cc6ffbd6403f36c1b05ea69,36,d925882c007ee36c4e2964327c6b82b37153106b8cc6ffbd6403f36c1b05ea69
"(3,1,0,0)","(3,1,0,0):iso-00050",d925882c007ee36c4e2964327c6b82b37153106b8cc6ffbd6403f36c1b05ea69,36,44ed49c9f998a95efa8bcb22e87bccadfe7fa28bdbae0e55426a334f93145103
"(3,1,0,0)","(3,1,0,0):iso-00050",d925882c007ee36c4e2964327c6b82b37153106b8cc6ffbd6403f36c1b05ea69,36,8f0b0c167f3b32c894f6834a2aefa0cd8da34b3fe5257738c96da1fd3477bdf6
"(3,1,0,0)","(3,1,0,0):iso-00050",d925882c007ee36c4e2964327c6b82b37153106b8cc6ffbd6403f36c1b05ea69,36,2946ecf69343adc51d082b0d4e2f511183dec3e8972341429f237323eb1b2f1d
"(3,1,0,0)","(3,1,0,0):iso-00050",d925882c007ee36c4e2964327c6b82b37153106b8cc6ffbd6403f36c1b05ea69,36,7e2dbbf954a0a12b408d2ffd897af0aa090c0729a9b4707c497d5eedc7a994a6
"(3,1,0,0)","(3,1,0,0):iso-00050",d925882c007ee36c4e2964327c6b82b37153106b8cc6ffbd6403f36c1b05ea69,36,0cbfd6e2fd1d7b0303208cabccb06f388c924e223be9c790357320074a59cf46
"(3,1,0,0)","(3,1,0,0):iso-00050",d925882c007ee36c4e2964327c6b82b37153106b8cc6ffbd6403f36c1b05ea69,36,5096d32a8b76e8562410e02004aa1d460a6e113f773134ba239351fe29464855
"(3,1,0,0)","(3,1,0,0):iso-00050",d925882c007ee36c4e2964327c6b82b37153106b8cc6ffbd6403f36c1b05ea69,36,ee7bd744be27ce9a95bd4bff8edc05565603ff2d0885c55941ad6166baef51d7
"(3,1,0,0)","(3,1,0,0):iso-00050",d925882c007ee36c4e2964327c6b82b37153106b8cc6ffbd6403f36c1b05ea69,36,25c93e7bb3f5e4b2be52c7637e4685cd4b71d8a338dfaa880959c8968c579c16
"(3,1,0,0)","(3,1,0,0):iso-00050",d925882c007ee36c4e2964327c6b82b37153106b8cc6ffbd6403f36c1b05ea69,36,578790154207c53097568e215a6b1a9755c4b23ab68ef1c04b22f07d75db229a
"(3,1,0,0)","(3,1,0,0):iso-00050",d925882c007ee36c4e2964327c6b82b37153106b8cc6ffbd6403f36c1b05ea69,36,95e586dcdfb815c633c86a53d890cf465968bcbf63296b44113ebb8adb91d33f
"(3,1,0,0)","(3,1,0,0):iso-00050",d925882c007ee36c4e2964327c6b82b37153106b8cc6ffbd6403f36c1b05ea69,36,00625294abee9cf3a589a9677b2f048382adcee0729cd3ccc14d662f0749667a
"(3,1,0,0)","(3,1,0,0):iso-00050",d925882c007ee36c4e2964327c6b82b37153106b8cc6ffbd6403f36c1b05ea69,36,aa9cdcf969cf911887604adb7297c5e19f8e1a7ce792789485536e26167054fa
"(3,1,0,0)","(3,1,0,0):iso-00050",d925882c007ee36c4e2964327c6b82b37153106b8cc6ffbd6403f36c1b05ea69,36,02b98536699e01ac89f670b032759c9d3a7ada7a50593117e2714d4fbe00a5f1
"(3,1,0,0)","(3,1,0,0):iso-00050",d925882c007ee36c4e2964327c6b82b37153106b8cc6ffbd6403f36c1b05ea69,36,086dc3a41520c5d5e048d22c74eee5c057e41b7101027f30f3312ee15c2ecb26
"(3,1,0,0)","(3,1,0,0):iso-00050",d925882c007ee36c4e2964327c6b82b37153106b8cc6ffbd6403f36c1b05ea69,36,e06737be67dcf905e2f4ff1b0a82a1c3651e6b194828ab0df76c7f2a12f16f83
"(3,1,0,0)","(3,1,0,0):iso-00050",d925882c007ee36c4e2964327c6b82b37153106b8cc6ffbd6403f36c1b05ea69,36,01a97c5cee707584b9700f985e41a53091b2046a2b2146f6d12a0f60897698ae
"(3,1,0,0)","(3,1,0,0):iso-00050",d925882c007ee36c4e2964327c6b82b37153106b8cc6ffbd6403f36c1b05ea69,36,e5c0f51b247d6dd96afc7f6e70e80a2554687c096562a51bf8eb2f8d4279ad81
"(3,1,0,0)","(3,1,0,0):iso-00050",d925882c007ee36c4e2964327c6b82b37153106b8cc6ffbd6403f36c1b05ea69,36,46064318ee9d51d00dcb5342b9bc0460352ff01f87942543d55e575095a7302a
"(3,1,0,0)","(3,1,0,0):iso-00050",d925882c007ee36c4e2964327c6b82b37153106b8cc6ffbd6403f36c1b05ea69,36,1cacc2834eacf37d7eb78cd4c98683a97e75771ebeadbacd4653018d02ed1f3d
"(3,1,0,0)","(3,1,0,0):iso-00050",d925882c007ee36c4e2964327c6b82b37153106b8cc6ffbd6403f36c1b05ea69,36,474b1f0b041db1b97a2c4ce0604f6d784dda57d4e2990e25e0b5d8df295d944d
"(3,1,0,0)","(3,1,0,0):iso-00050",d925882c007ee36c4e2964327c6b82b37153106b8cc6ffbd6403f36c1b05ea69,36,ab905648cb921b3528aabca4a98293791893609a3150d5ecd15f4b9e5b050fcc
"(3,1,0,0)","(3,1,0,0):iso-00050",d925882c007ee36c4e2964327c6b82b37153106b8cc6ffbd6403f36c1b05ea69,36,a983907a9dd68becce247b7bbcbcad09df6fe2d1ea7563e6e40e915fea3f09f5
"(3,1,0,0)","(3,1,0,0):iso-00050",d925882c007ee36c4e2964327c6b82b37153106b8cc6ffbd6403f36c1b05ea69,36,9c42a210ae8aaba02b904344b090079f6830bedf7d79fb20138f387d950d8648
"(3,1,0,0)","(3,1,0,0):iso-00050",d925882c007ee36c4e2964327c6b82b37153106b8cc6ffbd6403f36c1b05ea69,36,8329396faf7fcf0b1874bd5ae1664706cc89ed1480647d2d4d1f4ffe1b3f0191
"(3,1,0,0)","(3,1,0,0):iso-00050",d925882c007ee36c4e2964327c6b82b37153106b8cc6ffbd6403f36c1b05ea69,36,f5111ad3602e2ae71e81f293c3629b28683a547ade983eb1426e5c6d678cf72a
"(3,1,0,0)","(3,1,0,0):iso-00050",d925882c007ee36c4e2964327c6b82b37153106b8cc6ffbd6403f36c1b05ea69,36,d63eebc8a37cadb5e5ac6e85f6ea5d8efd70843dc2fef74a04cff0c26b054d98
"(3,1,0,0)","(3,1,0,0):iso-00050",d925882c007ee36c4e2964327c6b82b37153106b8cc6ffbd6403f36c1b05ea69,36,f6c3d34cbb62e7173e43f4137841e185a7d47a5a327bab4e2d36735189c51644
"(3,1,0,0)","(3,1,0,0):iso-00050",d925882c007ee36c4e2964327c6b82b37153106b8cc6ffbd6403f36c1b05ea69,36,04ab7292fcfdbe1816abcc39b01cfca866fed77b1efd4e04bb68cf81101ab394
"(3,1,0,0)","(3,1,0,0):iso-00050",d925882c007ee36c4e2964327c6b82b37153106b8cc6ffbd6403f36c1b05ea69,36,36dd378e9d3f3ea04d47c18d6e405265b4d5b3c759363b196e065abee4589691
"(3,1,0,0)","(3,1,0,0):iso-00050",d925882c007ee36c4e2964327c6b82b37153106b8cc6ffbd6403f36c1b05ea69,36,6f309f35c89eeb22d2286b202f3bbb761b561cf537c1c61980557ea4bd297ff2
"(3,1,0,0)","(3,1,0,0):iso-00050",d925882c007ee36c4e2964327c6b82b37153106b8cc6ffbd6403f36c1b05ea69,36,da23eb19b02d34c42472281770ad6bd82004c9b86de584360da513dcacf79bd7
"(3,1,0,0)","(3,1,0,0):iso-00050",d925882c007ee36c4e2964327c6b82b37153106b8cc6ffbd6403f36c1b05ea69,36,5115cf36fda8505d8ea64cdf368dd5295fcace908f353f47b86cc5ccec1d50cc
"(3,1,0,0)","(3,1,0,0):iso-00050",d925882c007ee36c4e2964327c6b82b37153106b8cc6ffbd6403f36c1b05ea69,36,22ae8aa5ca171333ea6456cfeb940f06405f3079a04cfe89d0a3bf065d19912e
"(3,1,0,0)","(3,1,0,0):iso-00050",d925882c007ee36c4e2964327c6b82b37153106b8cc6ffbd6403f36c1b05ea69,36,20e62094d6a6a82253b650d1bb531ddddeb37a926a44d59996f03eebc2377eb0
"(3,1,0,0)","(3,1,0,0):iso-00050",d925882c007ee36c4e2964327c6b82b37153106b8cc6ffbd6403f36c1b05ea69,36,122e36a51b0f5ce7924d1966c3bdf44483a55dda68515acc7beaf763879e3d0d
"(3,1,0,0)","(3,1,0,0):iso-00051",334602b599217c5da81a90ffd672240abbae467759492417c92b6b4d703bcd26,89,334602b599217c5da81a90ffd672240abbae467759492417c92b6b4d703bcd26
"(3,1,0,0)","(3,1,0,0):iso-00051",334602b599217c5da81a90ffd672240abbae467759492417c92b6b4d703bcd26,89,6275e6f0377af2b6392c4c6b8c29ab779f1e290136cd58f7fdc21bff34da025d
"(3,1,0,0)","(3,1,0,0):iso-00051",334602b599217c5da81a90ffd672240abbae467759492417c92b6b4d703bcd26,89,bbf7e5c057c77536247f9bb1c389b056d8905247da786f63fb0eca1ed0095e3d
"(3,1,0,0)","(3,1,0,0):iso-00051",334602b599217c5da81a90ffd672240abbae467759492417c92b6b4d703bcd26,89,a1c2e2b9407a430317ac0066fea384bd158272f250c072ec69ed2ff261d20637
"(3,1,0,0)","(3,1,0,0):iso-00051",334602b599217c5da81a90ffd672240abbae467759492417c92b6b4d703bcd26,89,a7cd0c3ddf115a5d9ee4228e1d8aa2743bb225dedc4ed1e63bde4b3709953c12
"(3,1,0,0)","(3,1,0,0):iso-00051",334602b599217c5da81a90ffd672240abbae467759492417c92b6b4d703bcd26,89,52a2e4e4f81be68f1541533befd0860eb1a99c52749d1da3493ac9ebd789082d
"(3,1,0,0)","(3,1,0,0):iso-00051",334602b599217c5da81a90ffd672240abbae467759492417c92b6b4d703bcd26,89,0dc6bddc2c0c1b0b2db46827964dc62ddc6c4e883e3b7dc198982d8b85a450af
"(3,1,0,0)","(3,1,0,0):iso-00051",334602b599217c5da81a90ffd672240abbae467759492417c92b6b4d703bcd26,89,efff333fa48ed76b002ea1e7a1d4591fff9c4fc6192112d017579b989c1a63d6
"(3,1,0,0)","(3,1,0,0):iso-00051",334602b599217c5da81a90ffd672240abbae467759492417c92b6b4d703bcd26,89,7edca0ed9c5e0331f42aed8d1f1a1d81f99bd927440b74616e6f63ff66ec3911
"(3,1,0,0)","(3,1,0,0):iso-00051",334602b599217c5da81a90ffd672240abbae467759492417c92b6b4d703bcd26,89,147599f74e00939bccf7b07b16038df491a4b3c10a07abc7e9cfd58cec212f88
"(3,1,0,0)","(3,1,0,0):iso-00051",334602b599217c5da81a90ffd672240abbae467759492417c92b6b4d703bcd26,89,153b2068449abe9ca4b8706ee4cc0ad411d1075da723ed8504e46d2e1561b725
"(3,1,0,0)","(3,1,0,0):iso-00051",334602b599217c5da81a90ffd672240abbae467759492417c92b6b4d703bcd26,89,d10ff9ffc944cbd9298940e5da35cf574579fb0b9ace7ed6fa1e4fb6be4d0dd1
"(3,1,0,0)","(3,1,0,0):iso-00051",334602b599217c5da81a90ffd672240abbae467759492417c92b6b4d703bcd26,89,95b0882221426d147a85028758c93112f7025a8ea7f8f211af8aaff0d2e437e4
"(3,1,0,0)","(3,1,0,0):iso-00051",334602b599217c5da81a90ffd672240abbae467759492417c92b6b4d703bcd26,89,7b318c2ba7bd1000e0c2c39aeccd2220b9dec9a7ae2b92aa9a27bfc1448682ca
"(3,1,0,0)","(3,1,0,0):iso-00051",334602b599217c5da81a90ffd672240abbae467759492417c92b6b4d703bcd26,89,d16e8bd95891e2b160ad2fbaaf5da802ae388f1aad3aac2d0ca95c0108b3b2b1
"(3,1,0,0)","(3,1,0,0):iso-00051",334602b599217c5da81a90ffd672240abbae467759492417c92b6b4d703bcd26,89,d72a886e0d93a18c6cbd829e0d0d25ae61200e4885ed043049f18a9c332b7bb7
"(3,1,0,0)","(3,1,0,0):iso-00051",334602b599217c5da81a90ffd672240abbae467759492417c92b6b4d703bcd26,89,97493c73cbc1f980789f6211a27499429cf5fb0efb7d11adffd3f35642aceb22
"(3,1,0,0)","(3,1,0,0):iso-00051",334602b599217c5da81a90ffd672240abbae467759492417c92b6b4d703bcd26,89,13b00f36b4cdf6d3fa5adf628e4698876b0a57758b0ae9d7c15050426e3a7933
"(3,1,0,0)","(3,1,0,0):iso-00051",334602b599217c5da81a90ffd672240abbae467759492417c92b6b4d703bcd26,89,89745b4bc6d49edccdbd4e5629a57837bdff0eae7a456226f9645f479c8f6ff6
"(3,1,0,0)","(3,1,0,0):iso-00051",334602b599217c5da81a90ffd672240abbae467759492417c92b6b4d703bcd26,89,dd8eee7b9501335955e6b39e0b32ce690cc70900d3861d2717e43a8a6d3f7840
"(3,1,0,0)","(3,1,0,0):iso-00051",334602b599217c5da81a90ffd672240abbae467759492417c92b6b4d703bcd26,89,4e7a0fd5e795b0ce5fdf53c144b9ddb15bf50b1bf346130ce24331de97f387f1
"(3,1,0,0)","(3,1,0,0):iso-00051",334602b599217c5da81a90ffd672240abbae467759492417c92b6b4d703bcd26,89,db61191d1d983de82022603ad1b7d7f30ef99006e2346a62f2cd91934b3694be
"(3,1,0,0)","(3,1,0,0):iso-00051",334602b599217c5da81a90ffd672240abbae467759492417c92b6b4d703bcd26,89,e0281d27baddb230512ee04b2d61bac2f29089987cb0fa17fbe1e2c996bb416e
"(3,1,0,0)","(3,1,0,0):iso-00051",334602b599217c5da81a90ffd672240abbae467759492417c92b6b4d703bcd26,89,4cfc71e816662e590e227e9a0b95098570f18d873aef5f7c511c465d8a22d753
"(3,1,0,0)","(3,1,0,0):iso-00051",334602b599217c5da81a90ffd672240abbae467759492417c92b6b4d703bcd26,89,4980db5e3420f616e9b19790e16aef7fe53dbb26012d38656b2b2dc1a48efb66
"(3,1,0,0)","(3,1,0,0):iso-00051",334602b599217c5da81a90ffd672240abbae467759492417c92b6b4d703bcd26,89,47a6217951331151ed100bd0de92eee331a6a835ea8d1a1d908f74efa3b8b098
"(3,1,0,0)","(3,1,0,0):iso-00051",334602b599217c5da81a90ffd672240abbae467759492417c92b6b4d703bcd26,89,d68d671798949f08c29d1253baad2ae1a0a1dd20e761405abb5e9bf3ca6a81ae
"(3,1,0,0)","(3,1,0,0):iso-00051",334602b599217c5da81a90ffd672240abbae467759492417c92b6b4d703bcd26,89,8cdec8309969fa5f98729a97602e101cd9e5714511373c69aaec2e3bcd56512f
"(3,1,0,0)","(3,1,0,0):iso-00051",334602b599217c5da81a90ffd672240abbae467759492417c92b6b4d703bcd26,89,c984fcffe87140897b816c2293723ae668852553a9c6085b6b3f350c7674992f
"(3,1,0,0)","(3,1,0,0):iso-00051",334602b599217c5da81a90ffd672240abbae467759492417c92b6b4d703bcd26,89,3a55d0c6686fbd1c0ae9bc95028e09e75bd7c6f962163f61406973176aa065c2
"(3,1,0,0)","(3,1,0,0):iso-00051",334602b599217c5da81a90ffd672240abbae467759492417c92b6b4d703bcd26,89,7a60a056aa29e466f3856fa039fbe3d91763c32192d8bbbdc496044876e6d591
"(3,1,0,0)","(3,1,0,0):iso-00051",334602b599217c5da81a90ffd672240abbae467759492417c92b6b4d703bcd26,89,dcd05b5842c1c1606c345f917ed8e06a90da9f58b797bb8d97c0ef877d3c38f0
"(3,1,0,0)","(3,1,0,0):iso-00051",334602b599217c5da81a90ffd672240abbae467759492417c92b6b4d703bcd26,89,5cbb035a8653c08ef0df072591575f62108f1fc7292cf9d198e0423fe5cf1477
"(3,1,0,0)","(3,1,0,0):iso-00051",334602b599217c5da81a90ffd672240abbae467759492417c92b6b4d703bcd26,89,4eec155e8011af706d4ee23a0fba231f9aa88b0b0af985202ab2437820f522b3
"(3,1,0,0)","(3,1,0,0):iso-00051",334602b599217c5da81a90ffd672240abbae467759492417c92b6b4d703bcd26,89,52737aef357e115b5d4c322f25c43bfc0d68533229c94beba297306cd643a2c2
"(3,1,0,0)","(3,1,0,0):iso-00051",334602b599217c5da81a90ffd672240abbae467759492417c92b6b4d703bcd26,89,7b81a3ceb9a9446bc870d214888efae3c1ff3fe33b94db3cd43c07ba9ff47cf2
"(3,1,0,0)","(3,1,0,0):iso-00051",334602b599217c5da81a90ffd672240abbae467759492417c92b6b4d703bcd26,89,fa671014503feff31ee8a5f618f41a59ccf802dfea09f2961af3683d1d28497e
"(3,1,0,0)","(3,1,0,0):iso-00051",334602b599217c5da81a90ffd672240abbae467759492417c92b6b4d703bcd26,89,9a1dfb8fcfb2aaa73c103caea6910631d042533d067569eabc2d6bf41ea8ba8e
"(3,1,0,0)","(3,1,0,0):iso-00051",334602b599217c5da81a90ffd672240abbae467759492417c92b6b4d703bcd26,89,cc6b36e52dde3ab8ec69b4f710d2ff60797195084c9b5421595e7931124a35a5
"(3,1,0,0)","(3,1,0,0):iso-00051",334602b599217c5da81a90ffd672240abbae467759492417c92b6b4d703bcd26,89,49836bc748b4fe839a5ea668d3dbca60d83a7ac365be814a4b047120e0acfd66
"(3,1,0,0)","(3,1,0,0):iso-00051",334602b599217c5da81a90ffd672240abbae467759492417c92b6b4d703bcd26,89,858b6034514e4c31b6f587f06e240754044d222562a32982930db4ff06ecbe81
"(3,1,0,0)","(3,1,0,0):iso-00051",334602b599217c5da81a90ffd672240abbae467759492417c92b6b4d703bcd26,89,363b6c421c0ee001b5915248d5734f85d8bc1a9b018a3d35b117e1c849f7d408
"(3,1,0,0)","(3,1,0,0):iso-00051",334602b599217c5da81a90ffd672240abbae467759492417c92b6b4d703bcd26,89,0509355aec06dfade5c9c81666a1a2dd1de1a5d1fdbbf95709a84b39befc3ce3
"(3,1,0,0)","(3,1,0,0):iso-00051",334602b599217c5da81a90ffd672240abbae467759492417c92b6b4d703bcd26,89,c21d651b731f7c6dfb686d73a1d41c3eee57d8cbaa53f7fdfde798f8e13ded9e
"(3,1,0,0)","(3,1,0,0):iso-00051",334602b599217c5da81a90ffd672240abbae467759492417c92b6b4d703bcd26,89,3a19de92e81b845f752d398dfb5163aeb5e9b98d531eb6ce5bf02aea1c600e6f
"(3,1,0,0)","(3,1,0,0):iso-00051",334602b599217c5da81a90ffd672240abbae467759492417c92b6b4d703bcd26,89,f1f4038cc8615ddad02f38f89a25e8d23c942d2b7d111da5a6bc25def396d073
"(3,1,0,0)","(3,1,0,0):iso-00051",334602b599217c5da81a90ffd672240abbae467759492417c92b6b4d703bcd26,89,736c5d1c49307bcd1a0e7bdf3c46e534e37a25c072f6bdcf07a8b79765d1f22b
"(3,1,0,0)","(3,1,0,0):iso-00051",334602b599217c5da81a90ffd672240abbae467759492417c92b6b4d703bcd26,89,dbdd1dba8b28fef70a4631ca28cc419ed4f83a66659264774313e37c43ea32fd
"(3,1,0,0)","(3,1,0,0):iso-00051",334602b599217c5da81a90ffd672240abbae467759492417c92b6b4d703bcd26,89,f48b2006672fe50f0c5f6157bb8ecaa1ae1f022a9923507c1a34ae25bff9018f
"(3,1,0,0)","(3,1,0,0):iso-00051",334602b599217c5da81a90ffd672240abbae467759492417c92b6b4d703bcd26,89,19cc250392635ef2a97b2886cbf82e4c36f79b7d1755a394669c8b9bbdedab84
"(3,1,0,0)","(3,1,0,0):iso-00051",334602b599217c5da81a90ffd672240abbae467759492417c92b6b4d703bcd26,89,b8e0e6518347b56138c6b86747046e0b4dae4e6c22d9b707cd51de4d8440f206
"(3,1,0,0)","(3,1,0,0):iso-00051",334602b599217c5da81a90ffd672240abbae467759492417c92b6b4d703bcd26,89,3bc116eca66eeecff453dddefb4f0c3063608f78150b5c5aecb7e1d90c355f30
"(3,1,0,0)","(3,1,0,0):iso-00051",334602b599217c5da81a90ffd672240abbae467759492417c92b6b4d703bcd26,89,9ba90b7a565f19f85f4fc67230b481a15a598658b984d7e230f8cc60b5fbead2
"(3,1,0,0)","(3,1,0,0):iso-00051",334602b599217c5da81a90ffd672240abbae467759492417c92b6b4d703bcd26,89,9cfa3119c748193504a83d1ffc37bb8f57e69cd806db659b53d7ed0bbd4257f3
"(3,1,0,0)","(3,1,0,0):iso-00051",334602b599217c5da81a90ffd672240abbae467759492417c92b6b4d703bcd26,89,47d8b7ce1f63255175e1027da92552b9f34f1736736e7fdeb15fe51a821f4ede
"(3,1,0,0)","(3,1,0,0):iso-00051",334602b599217c5da81a90ffd672240abbae467759492417c92b6b4d703bcd26,89,c52c57c55289c4b25c6e889f521e4c9d4278c575dbd8a9119d588e2fed5353ba
"(3,1,0,0)","(3,1,0,0):iso-00051",334602b599217c5da81a90ffd672240abbae467759492417c92b6b4d703bcd26,89,27492e7c37713ac81f22da32202991be361f4aeb63c4d9f9a1a36c5064a263be
"(3,1,0,0)","(3,1,0,0):iso-00051",334602b599217c5da81a90ffd672240abbae467759492417c92b6b4d703bcd26,89,71fe8b8279186f9deaef12c28b425e0292315425fb469c71a7819e3353605b0c
"(3,1,0,0)","(3,1,0,0):iso-00051",334602b599217c5da81a90ffd672240abbae467759492417c92b6b4d703bcd26,89,28f5455db6226d3fecfe3406047e4e0e4ef25cec6948f3972ceebe9c077c4588
"(3,1,0,0)","(3,1,0,0):iso-00051",334602b599217c5da81a90ffd672240abbae467759492417c92b6b4d703bcd26,89,aa28f8b69ac069c80a5413d9261bd433492097ea5dd835b84de099aed5798533
"(3,1,0,0)","(3,1,0,0):iso-00051",334602b599217c5da81a90ffd672240abbae467759492417c92b6b4d703bcd26,89,52d9f592b0a6d9c30c362701d76af494cd6e7ae261d6ae8fe06ddf47ef40f38c
"(3,1,0,0)","(3,1,0,0):iso-00051",334602b599217c5da81a90ffd672240abbae467759492417c92b6b4d703bcd26,89,c420384cf3c972144b424d5f1fe1ce4c7b77f270a0f91e5e7b39b850def5cea1
"(3,1,0,0)","(3,1,0,0):iso-00051",334602b599217c5da81a90ffd672240abbae467759492417c92b6b4d703bcd26,89,114133d9e617b6a485ecde6518fe1f3426f7433bf57fd5213286d87eba8d4e01
"(3,1,0,0)","(3,1,0,0):iso-00051",334602b599217c5da81a90ffd672240abbae467759492417c92b6b4d703bcd26,89,26ea69877950d5444ff3759f36974fb75f88936c65da7b5a8bfe1df1f078469f
"(3,1,0,0)","(3,1,0,0):iso-00051",334602b599217c5da81a90ffd672240abbae467759492417c92b6b4d703bcd26,89,34970b0d5889b20231bec9a8855f9a6eb89d16876d421dcadfcbbd529103707a
"(3,1,0,0)","(3,1,0,0):iso-00051",334602b599217c5da81a90ffd672240abbae467759492417c92b6b4d703bcd26,89,70b6abefedec69712eac436255edf634619df97900b5b9b966d470ae919e5c75
"(3,1,0,0)","(3,1,0,0):iso-00051",334602b599217c5da81a90ffd672240abbae467759492417c92b6b4d703bcd26,89,68a32e945322ae5a9b119e4000cda8cd99730957366c8ba2c8a89fcbc99325fb
"(3,1,0,0)","(3,1,0,0):iso-00051",334602b599217c5da81a90ffd672240abbae467759492417c92b6b4d703bcd26,89,a0d617fdbd3df672631ea82052ed5919ff43711d8b6166fa115f85b915c5d320
"(3,1,0,0)","(3,1,0,0):iso-00051",334602b599217c5da81a90ffd672240abbae467759492417c92b6b4d703bcd26,89,7c3b5da183685b99836251e2c9b3b29a78e0926510ed7e197498cc72319eee51
"(3,1,0,0)","(3,1,0,0):iso-00051",334602b599217c5da81a90ffd672240abbae467759492417c92b6b4d703bcd26,89,ce4da4958f1a5fd5b15898327c79ae1990776b96d1ec2ee1f62e2e73ea864150
"(3,1,0,0)","(3,1,0,0):iso-00051",334602b599217c5da81a90ffd672240abbae467759492417c92b6b4d703bcd26,89,ee0f96117b58252620c23c3640a9020462f442e6bc8169b06387340b0e070a60
"(3,1,0,0)","(3,1,0,0):iso-00051",334602b599217c5da81a90ffd672240abbae467759492417c92b6b4d703bcd26,89,72bc014dbfe5312fa9163e418a3d93a46338a7edf036434cce19e60a48208dfc
"(3,1,0,0)","(3,1,0,0):iso-00051",334602b599217c5da81a90ffd672240abbae467759492417c92b6b4d703bcd26,89,24b74e0b33e160a860ce5e0ceaf647e21adc20ca9926fba1b83b8843a4de94dc
"(3,1,0,0)","(3,1,0,0):iso-00051",334602b599217c5da81a90ffd672240abbae467759492417c92b6b4d703bcd26,89,3ae265ead82c4b8114cd78450a72cec91fb60ab54d321200223de7d2eedef5b2
"(3,1,0,0)","(3,1,0,0):iso-00051",334602b599217c5da81a90ffd672240abbae467759492417c92b6b4d703bcd26,89,347075c06e871b988bb9c64124429d90ef630d954d3a36649569e069b6d83483
"(3,1,0,0)","(3,1,0,0):iso-00051",334602b599217c5da81a90ffd672240abbae467759492417c92b6b4d703bcd26,89,5c68890c6670ddaeb8583523c53735d0c8c1c42f10f676a251cb52689cbaf024
"(3,1,0,0)","(3,1,0,0):iso-00051",334602b599217c5da81a90ffd672240abbae467759492417c92b6b4d703bcd26,89,e412a56df1669af5c61472753c7a80e5b74c44017002b69f3edb0bdbe5e92530
"(3,1,0,0)","(3,1,0,0):iso-00051",334602b599217c5da81a90ffd672240abbae467759492417c92b6b4d703bcd26,89,4d4015c2bfb3da9d36390c269813f3ee7d9dc4566d095c0aee81351736415d13
"(3,1,0,0)","(3,1,0,0):iso-00051",334602b599217c5da81a90ffd672240abbae467759492417c92b6b4d703bcd26,89,e024b5a845c41570671ccdc8925c2aedbf1be00a13789cee4e5f2e64f52c38d8
"(3,1,0,0)","(3,1,0,0):iso-00051",334602b599217c5da81a90ffd672240abbae467759492417c92b6b4d703bcd26,89,ef6b119f43f63fd6c2ff263feeba42f44a17bdd4b90e2a52acd8ebcd3e53ab4b
"(3,1,0,0)","(3,1,0,0):iso-00051",334602b599217c5da81a90ffd672240abbae467759492417c92b6b4d703bcd26,89,1d76fe46a102cef25643643af2034a7a9f10aed4339d4ab025b8a56090baa41e
"(3,1,0,0)","(3,1,0,0):iso-00051",334602b599217c5da81a90ffd672240abbae467759492417c92b6b4d703bcd26,89,e6cef4619002bb0890034ba84ce024998619ecc984bf36698ff491b19cbf9167
"(3,1,0,0)","(3,1,0,0):iso-00051",334602b599217c5da81a90ffd672240abbae467759492417c92b6b4d703bcd26,89,d8b08c319892ecf82d0d09c42bc6d415ebfaa2d9c91573928575a0fa238ef470
"(3,1,0,0)","(3,1,0,0):iso-00051",334602b599217c5da81a90ffd672240abbae467759492417c92b6b4d703bcd26,89,dd6a5922fcf5524f01136c0c98f05ee399a58332e5188373d874dec2982c27eb
"(3,1,0,0)","(3,1,0,0):iso-00051",334602b599217c5da81a90ffd672240abbae467759492417c92b6b4d703bcd26,89,56644eb9f1e65383801c134ea321d47ca9255e2e6d97dbf0e1fa0676480f27aa
"(3,1,0,0)","(3,1,0,0):iso-00051",334602b599217c5da81a90ffd672240abbae467759492417c92b6b4d703bcd26,89,4ee88ed3d1e91c46949096b6963f589b14ed6fb5b1d98ac485aff67f7b03bbd7
"(3,1,0,0)","(3,1,0,0):iso-00051",334602b599217c5da81a90ffd672240abbae467759492417c92b6b4d703bcd26,89,588c4f6fe3bdf55b8b8aa76dab106edf32b0317386677323a53301a0e8d63140
"(3,1,0,0)","(3,1,0,0):iso-00051",334602b599217c5da81a90ffd672240abbae467759492417c92b6b4d703bcd26,89,bcc80c3c9cb6ceb5d7c23ff8f48c5a42c4fc03012f06b283906537a42e7c17f8
"(3,1,0,0)","(3,1,0,0):iso-00051",334602b599217c5da81a90ffd672240abbae467759492417c92b6b4d703bcd26,89,4a7fa6b4627721fb7b83d53b80ccf1d7364c9bfe17b046901baa461c274887a5
"(3,1,0,0)","(3,1,0,0):iso-00052",4e28737741e821e0fc627fe33d4c7077b1461e16e4c1dcc9774076fe3c1635f5,16,4e28737741e821e0fc627fe33d4c7077b1461e16e4c1dcc9774076fe3c1635f5
"(3,1,0,0)","(3,1,0,0):iso-00052",4e28737741e821e0fc627fe33d4c7077b1461e16e4c1dcc9774076fe3c1635f5,16,2f97c6ec7bbe87305c487170cafb3549f60229cd021e294f50f7d292852401bc
"(3,1,0,0)","(3,1,0,0):iso-00052",4e28737741e821e0fc627fe33d4c7077b1461e16e4c1dcc9774076fe3c1635f5,16,b9a29fea7f6f75d217ab50999fce9836a851346cfdafa2f977bc84c2e92e4242
"(3,1,0,0)","(3,1,0,0):iso-00052",4e28737741e821e0fc627fe33d4c7077b1461e16e4c1dcc9774076fe3c1635f5,16,2fdceb097061bff9b8d0c657c85f4a7afc7338508b1a6881b65d4f926d1ac4bc
"(3,1,0,0)","(3,1,0,0):iso-00052",4e28737741e821e0fc627fe33d4c7077b1461e16e4c1dcc9774076fe3c1635f5,16,83764a77848477ebd163f69f16267ffed7748187cfa66268a948f7192fc17f4e
"(3,1,0,0)","(3,1,0,0):iso-00052",4e28737741e821e0fc627fe33d4c7077b1461e16e4c1dcc9774076fe3c1635f5,16,194d4df3d75d3e299c089900a1549d8c8df899586388453b0645d88b4d04a292
"(3,1,0,0)","(3,1,0,0):iso-00052",4e28737741e821e0fc627fe33d4c7077b1461e16e4c1dcc9774076fe3c1635f5,16,b75f76447ecad24ebfa3d6c30868a7c2aca2eb524924361c32ed8558f405f82c
"(3,1,0,0)","(3,1,0,0):iso-00052",4e28737741e821e0fc627fe33d4c7077b1461e16e4c1dcc9774076fe3c1635f5,16,2c5315b6820e7b6c822b6e8b30ac286f165ae3fd0603e560af3764cb65085650
"(3,1,0,0)","(3,1,0,0):iso-00052",4e28737741e821e0fc627fe33d4c7077b1461e16e4c1dcc9774076fe3c1635f5,16,52d24942d4c9dbe0d7787d1c5009c75490863e527c054011c4ac17d05612f61f
"(3,1,0,0)","(3,1,0,0):iso-00052",4e28737741e821e0fc627fe33d4c7077b1461e16e4c1dcc9774076fe3c1635f5,16,036ce4dab53b9b8a3453d8539da51a71d3289231fd5fce191238f509f59764d3
"(3,1,0,0)","(3,1,0,0):iso-00052",4e28737741e821e0fc627fe33d4c7077b1461e16e4c1dcc9774076fe3c1635f5,16,507ddf0faa998cd13becec02fcbdd79b1a07f7d055a307e3ac6af267bdaec969
"(3,1,0,0)","(3,1,0,0):iso-00052",4e28737741e821e0fc627fe33d4c7077b1461e16e4c1dcc9774076fe3c1635f5,16,2207e67efa648220c04588490f20488d99a8f38e0b1699e8a556136116c7f8c3
"(3,1,0,0)","(3,1,0,0):iso-00052",4e28737741e821e0fc627fe33d4c7077b1461e16e4c1dcc9774076fe3c1635f5,16,2a82802d15452136f6fcfa198ff170eb38f6360745d5ab6aedc228028c323b5f
"(3,1,0,0)","(3,1,0,0):iso-00052",4e28737741e821e0fc627fe33d4c7077b1461e16e4c1dcc9774076fe3c1635f5,16,81a858eb020e2b197b6f6160d066af69b5c19e182be0af68119ffc817e05658e
"(3,1,0,0)","(3,1,0,0):iso-00052",4e28737741e821e0fc627fe33d4c7077b1461e16e4c1dcc9774076fe3c1635f5,16,7693fc510122ba14e9f21871e99b1b5f79c07cd3186d78ca4d0881c5c03c64be
"(3,1,0,0)","(3,1,0,0):iso-00052",4e28737741e821e0fc627fe33d4c7077b1461e16e4c1dcc9774076fe3c1635f5,16,c0458135be49e2c5894e4f285f46f5d5c06b98e64427b9e85a8ad19ed8b2d1e9
"(3,1,0,0)","(3,1,0,0):iso-00053",57e4f37ae008b863665baa879275dbc1b22efd645e8a978032c9d515c85814c7,13,57e4f37ae008b863665baa879275dbc1b22efd645e8a978032c9d515c85814c7
"(3,1,0,0)","(3,1,0,0):iso-00053",57e4f37ae008b863665baa879275dbc1b22efd645e8a978032c9d515c85814c7,13,e667da71db9ab87334150e9ff3ee7b5073ea13e357205612f7182be33367d9ce
"(3,1,0,0)","(3,1,0,0):iso-00053",57e4f37ae008b863665baa879275dbc1b22efd645e8a978032c9d515c85814c7,13,667bddbcc6d740f1d927c5218de6f825afa41d61a7fbb529f5c056db26f5029f
"(3,1,0,0)","(3,1,0,0):iso-00053",57e4f37ae008b863665baa879275dbc1b22efd645e8a978032c9d515c85814c7,13,14ff655f341f27c47367a76820e03166eaa46199dbd0546a54a3e4c055f72c59
"(3,1,0,0)","(3,1,0,0):iso-00053",57e4f37ae008b863665baa879275dbc1b22efd645e8a978032c9d515c85814c7,13,f984cc513129fff5da3b3c184010e35cdf04076ca9382013e2b261d702b5ac68
"(3,1,0,0)","(3,1,0,0):iso-00053",57e4f37ae008b863665baa879275dbc1b22efd645e8a978032c9d515c85814c7,13,ec4589a78014ff6c92d75336b1a05645d1a9c1d15f658a31b90264fdea5f7143
"(3,1,0,0)","(3,1,0,0):iso-00053",57e4f37ae008b863665baa879275dbc1b22efd645e8a978032c9d515c85814c7,13,6e764ee00ad0d8ab72093ed7e0abe45f108beec0c25168ccae32092bf0bfecab
"(3,1,0,0)","(3,1,0,0):iso-00053",57e4f37ae008b863665baa879275dbc1b22efd645e8a978032c9d515c85814c7,13,9f907c5c53dc1762ea21885726ad135b4f8e36a74b4efc1742ff4d1fb61b09db
"(3,1,0,0)","(3,1,0,0):iso-00053",57e4f37ae008b863665baa879275dbc1b22efd645e8a978032c9d515c85814c7,13,881311e3825c53959e7b641b8119dd397c915cb2a275d2a371f7523f4ce8497b
"(3,1,0,0)","(3,1,0,0):iso-00053",57e4f37ae008b863665baa879275dbc1b22efd645e8a978032c9d515c85814c7,13,d094fdd1d309ae791b797f7d44618b56220ddf6af3f33cb44d1d9d6e2ac26a97
"(3,1,0,0)","(3,1,0,0):iso-00053",57e4f37ae008b863665baa879275dbc1b22efd645e8a978032c9d515c85814c7,13,befa532d6f235b601b0515b46fe080e0adf5da1126a3dd23154b3a753a49d48b
"(3,1,0,0)","(3,1,0,0):iso-00053",57e4f37ae008b863665baa879275dbc1b22efd645e8a978032c9d515c85814c7,13,fbdd900facae1a31e7732e755fcb2787b2668394e24fb3b20576e86fddd5fb49
"(3,1,0,0)","(3,1,0,0):iso-00053",57e4f37ae008b863665baa879275dbc1b22efd645e8a978032c9d515c85814c7,13,e5f400c1d2fdf2faf263ac8d6bf33142fbbd2452c7e3a9bef48ed939815e3318
"(3,1,0,0)","(3,1,0,0):iso-00054",7dc69a5f4e5602ea0f6b7d49a9bf87be971e19423f4f9ff5eedb7224ecd386f6,15,7dc69a5f4e5602ea0f6b7d49a9bf87be971e19423f4f9ff5eedb7224ecd386f6
"(3,1,0,0)","(3,1,0,0):iso-00054",7dc69a5f4e5602ea0f6b7d49a9bf87be971e19423f4f9ff5eedb7224ecd386f6,15,27bfc4a848274880bd8d2efcc6c36ad03f125ac05ac310f44810bbb36047b2d3
"(3,1,0,0)","(3,1,0,0):iso-00054",7dc69a5f4e5602ea0f6b7d49a9bf87be971e19423f4f9ff5eedb7224ecd386f6,15,914d440dc1b207841454e51c84832911c9636837e0b7107772ea854275562700
"(3,1,0,0)","(3,1,0,0):iso-00054",7dc69a5f4e5602ea0f6b7d49a9bf87be971e19423f4f9ff5eedb7224ecd386f6,15,e939f855725956adf5d88314f05ca963843acfd4788e021f9c61c64149457a1f
"(3,1,0,0)","(3,1,0,0):iso-00054",7dc69a5f4e5602ea0f6b7d49a9bf87be971e19423f4f9ff5eedb7224ecd386f6,15,3d5de82d405f09f57d27b4935df3cf08f7660d487a357b9d14e78efd6168b101
"(3,1,0,0)","(3,1,0,0):iso-00054",7dc69a5f4e5602ea0f6b7d49a9bf87be971e19423f4f9ff5eedb7224ecd386f6,15,ca39d0f1a69e02a79f33f5b40fe470880da1cada89cf77e6c4bd7152643f1e95
"(3,1,0,0)","(3,1,0,0):iso-00054",7dc69a5f4e5602ea0f6b7d49a9bf87be971e19423f4f9ff5eedb7224ecd386f6,15,380247965dcbcfb6b0fb4eb127787a016f91c3e508a248e6efd259e9ef4e1f8b
"(3,1,0,0)","(3,1,0,0):iso-00054",7dc69a5f4e5602ea0f6b7d49a9bf87be971e19423f4f9ff5eedb7224ecd386f6,15,7577835dbad7f067f2cd399af460a677d509945eee687bfd24b79beb213398f7
"(3,1,0,0)","(3,1,0,0):iso-00054",7dc69a5f4e5602ea0f6b7d49a9bf87be971e19423f4f9ff5eedb7224ecd386f6,15,abf3925d08f150f8d0fdf32cd1f06c3da2ae6d597ab344512c2e5972de6c221a
"(3,1,0,0)","(3,1,0,0):iso-00054",7dc69a5f4e5602ea0f6b7d49a9bf87be971e19423f4f9ff5eedb7224ecd386f6,15,66f3160be81e84fbe7f7ea294a3b73cfcd559aa22501e0f618a3816f84469019
"(3,1,0,0)","(3,1,0,0):iso-00054",7dc69a5f4e5602ea0f6b7d49a9bf87be971e19423f4f9ff5eedb7224ecd386f6,15,bb0df857da6585e97c0e64db18f86331c39da9d5f5d8a72d0e341986291da07b
"(3,1,0,0)","(3,1,0,0):iso-00054",7dc69a5f4e5602ea0f6b7d49a9bf87be971e19423f4f9ff5eedb7224ecd386f6,15,524cca3d67081064c013cf5cb2b2116e7525fbbaefe424e11803205845a287e0
"(3,1,0,0)","(3,1,0,0):iso-00054",7dc69a5f4e5602ea0f6b7d49a9bf87be971e19423f4f9ff5eedb7224ecd386f6,15,04a06935b8be7f1d75207d362536027a13e100217f55c2cc54a17ed752273e8f
"(3,1,0,0)","(3,1,0,0):iso-00054",7dc69a5f4e5602ea0f6b7d49a9bf87be971e19423f4f9ff5eedb7224ecd386f6,15,03b53a5757631ce9d1a79f711cad0eea1bdf76b5fe77d2d52dcb30ec4942e44d
"(3,1,0,0)","(3,1,0,0):iso-00054",7dc69a5f4e5602ea0f6b7d49a9bf87be971e19423f4f9ff5eedb7224ecd386f6,15,30a593d6837ccd8463af96e72351642e34077e6631b18e4079cbd259ef7bf2e6
"(3,1,0,0)","(3,1,0,0):iso-00055",d6b7149d4d258339aabe2ef436248a4413a4bd2958e8fb12f817c3f0ea2af3fc,13,d6b7149d4d258339aabe2ef436248a4413a4bd2958e8fb12f817c3f0ea2af3fc
"(3,1,0,0)","(3,1,0,0):iso-00055",d6b7149d4d258339aabe2ef436248a4413a4bd2958e8fb12f817c3f0ea2af3fc,13,4ad400723fdca82aa6a9d2a647eb1fdb2482d4a728960ad10b2f4572d3a1b716
"(3,1,0,0)","(3,1,0,0):iso-00055",d6b7149d4d258339aabe2ef436248a4413a4bd2958e8fb12f817c3f0ea2af3fc,13,ef4f31b6972d04e79b74fc5354834fcf2f69fed97074bc81ff9b73cbb5657d10
"(3,1,0,0)","(3,1,0,0):iso-00055",d6b7149d4d258339aabe2ef436248a4413a4bd2958e8fb12f817c3f0ea2af3fc,13,f2cb211cc33fa953cdc7c1c42b69e2fef1a5e2f3836d7b5b4f48bfe31420ef11
"(3,1,0,0)","(3,1,0,0):iso-00055",d6b7149d4d258339aabe2ef436248a4413a4bd2958e8fb12f817c3f0ea2af3fc,13,ae7e6fdf08408e7f04d183a87e8c00cf29003943c43c92c7896c04afdae763a0
"(3,1,0,0)","(3,1,0,0):iso-00055",d6b7149d4d258339aabe2ef436248a4413a4bd2958e8fb12f817c3f0ea2af3fc,13,1aa9c121c7d95da32aac4903922f757f3fc82074a9a79552a8a8462afb9b2072
"(3,1,0,0)","(3,1,0,0):iso-00055",d6b7149d4d258339aabe2ef436248a4413a4bd2958e8fb12f817c3f0ea2af3fc,13,9d285fd965863bd69cec0f16c44fe6c87c4ee35276e87009869c3a2dc422b5f1
"(3,1,0,0)","(3,1,0,0):iso-00055",d6b7149d4d258339aabe2ef436248a4413a4bd2958e8fb12f817c3f0ea2af3fc,13,d8e5d5c0e00d9c90250e41e67ba51eeffcb7d1530e4175554e660d3822ebab50
"(3,1,0,0)","(3,1,0,0):iso-00055",d6b7149d4d258339aabe2ef436248a4413a4bd2958e8fb12f817c3f0ea2af3fc,13,a31d861e3965a41af258c28b4a51b79e83174976c96eab7ec8910f33b56fde8a
"(3,1,0,0)","(3,1,0,0):iso-00055",d6b7149d4d258339aabe2ef436248a4413a4bd2958e8fb12f817c3f0ea2af3fc,13,1f6cc131a31bb6b1f265f4bf930bd0396024f7851c978b208d0baab7a56f297e
"(3,1,0,0)","(3,1,0,0):iso-00055",d6b7149d4d258339aabe2ef436248a4413a4bd2958e8fb12f817c3f0ea2af3fc,13,ed956c98c08f2db98c835d284861cbc52575c811254b7827c502d761fee07463
"(3,1,0,0)","(3,1,0,0):iso-00055",d6b7149d4d258339aabe2ef436248a4413a4bd2958e8fb12f817c3f0ea2af3fc,13,de11b8c909df835dc4e51f3132f9305b6729d60bae60f4638abd691b36353152
"(3,1,0,0)","(3,1,0,0):iso-00055",d6b7149d4d258339aabe2ef436248a4413a4bd2958e8fb12f817c3f0ea2af3fc,13,28bd6299b4f273d4b57e30818efb64a2ac549d34d117f4fbab7b63cde97128b1
"(3,1,0,0)","(3,1,0,0):iso-00056",39a45679b2881e9fe0a6d9196d1adbc9d2438050f84d29f372a070785e9f50df,1,39a45679b2881e9fe0a6d9196d1adbc9d2438050f84d29f372a070785e9f50df
"(3,1,0,0)","(3,1,0,0):iso-00057",c606b9e6e190191f4177de11c7e9639f8846d6567a43de3a2ec48d99624e7e80,3,c606b9e6e190191f4177de11c7e9639f8846d6567a43de3a2ec48d99624e7e80
"(3,1,0,0)","(3,1,0,0):iso-00057",c606b9e6e190191f4177de11c7e9639f8846d6567a43de3a2ec48d99624e7e80,3,d4e08e482c43b69a8803bcf3d69d5f2366ff48549fa4750d308a1ff2e1bb3ce7
"(3,1,0,0)","(3,1,0,0):iso-00057",c606b9e6e190191f4177de11c7e9639f8846d6567a43de3a2ec48d99624e7e80,3,34accbf7b005607a983d9ae849cf50d4a878abb66b2f7ab1061f36cae95453f8
"(3,1,0,0)","(3,1,0,0):iso-00058",6f6820f2a693886811dd54ac4e9a4290ae0068c010122a8117dc2155b8888743,1,6f6820f2a693886811dd54ac4e9a4290ae0068c010122a8117dc2155b8888743
"(3,1,0,0)","(3,1,0,0):iso-00059",c787caa90135b2eca4ed96fc4dd9dd4c190cb567d553f9dff73e6ee97857f995,3,c787caa90135b2eca4ed96fc4dd9dd4c190cb567d553f9dff73e6ee97857f995
"(3,1,0,0)","(3,1,0,0):iso-00059",c787caa90135b2eca4ed96fc4dd9dd4c190cb567d553f9dff73e6ee97857f995,3,804173bc543a15769248ac7c9d33fc77bb68197e89c5391d2ff971269c3b3d87
"(3,1,0,0)","(3,1,0,0):iso-00059",c787caa90135b2eca4ed96fc4dd9dd4c190cb567d553f9dff73e6ee97857f995,3,0faed796e78d25a9dbff40cde98f557afa92ca4a58949a5ded1079553b94305f
"(3,1,0,0)","(3,1,0,0):iso-00060",c79298fe2daf056298db197d09827bbab662eb137191ce47f42ed650fc4a3e3f,11,c79298fe2daf056298db197d09827bbab662eb137191ce47f42ed650fc4a3e3f
"(3,1,0,0)","(3,1,0,0):iso-00060",c79298fe2daf056298db197d09827bbab662eb137191ce47f42ed650fc4a3e3f,11,74c40cd5833a4ebba1d3016d53f17f04ba78beac69b6a91ea9664adfbb05a1a0
"(3,1,0,0)","(3,1,0,0):iso-00060",c79298fe2daf056298db197d09827bbab662eb137191ce47f42ed650fc4a3e3f,11,15e9ed85018dde703794390f399cb5ef47a277364bffb9b69c5a5034f8092376
"(3,1,0,0)","(3,1,0,0):iso-00060",c79298fe2daf056298db197d09827bbab662eb137191ce47f42ed650fc4a3e3f,11,5dc6823545aac9366bc0bf45b650c65ef9b96db54799191d47f2766e410a8313
"(3,1,0,0)","(3,1,0,0):iso-00060",c79298fe2daf056298db197d09827bbab662eb137191ce47f42ed650fc4a3e3f,11,14c9ae9288ec18678aa08dd6ee955977cde6d0d91f7ad41cf4ee347f453e9473
"(3,1,0,0)","(3,1,0,0):iso-00060",c79298fe2daf056298db197d09827bbab662eb137191ce47f42ed650fc4a3e3f,11,323b26d5ab684bd22986f349fc378330850bf9ba6ea17ae64e60ccd31755e050
"(3,1,0,0)","(3,1,0,0):iso-00060",c79298fe2daf056298db197d09827bbab662eb137191ce47f42ed650fc4a3e3f,11,a10276a374fbc284fdc2292bcf154c49057cdd56910d39bdb0e7b7c74be64d12
"(3,1,0,0)","(3,1,0,0):iso-00060",c79298fe2daf056298db197d09827bbab662eb137191ce47f42ed650fc4a3e3f,11,aa2ef84e706c9aa9bdb9d7daac476525411864c8d2d8dddecce25b41c599f1e2
"(3,1,0,0)","(3,1,0,0):iso-00060",c79298fe2daf056298db197d09827bbab662eb137191ce47f42ed650fc4a3e3f,11,7a3f137e8e21ab95bf65cd47cc134394f1c96fa7dd63aca61238d7104032a579
"(3,1,0,0)","(3,1,0,0):iso-00060",c79298fe2daf056298db197d09827bbab662eb137191ce47f42ed650fc4a3e3f,11,37fb7118e23adf7f89641f062e382a6e91fd526194219bc5787714d7a0981a5a
"(3,1,0,0)","(3,1,0,0):iso-00060",c79298fe2daf056298db197d09827bbab662eb137191ce47f42ed650fc4a3e3f,11,267ef224c16ccf6fca0be764e793bc591ae78dbd7f0eab7b92d0d37e5999786d
"(3,1,0,0)","(3,1,0,0):iso-00061",05c9717cbee9ef75dd27889b29e557ce1a41efe6e3c8f6c58bdfe494e602f86b,8,05c9717cbee9ef75dd27889b29e557ce1a41efe6e3c8f6c58bdfe494e602f86b
"(3,1,0,0)","(3,1,0,0):iso-00061",05c9717cbee9ef75dd27889b29e557ce1a41efe6e3c8f6c58bdfe494e602f86b,8,b0fcf9dc8e21b60c5fb52adb6957d8a00206fc44036eecb0a1c3737dc8b443db
"(3,1,0,0)","(3,1,0,0):iso-00061",05c9717cbee9ef75dd27889b29e557ce1a41efe6e3c8f6c58bdfe494e602f86b,8,d7e504f3dc6f9336f7d5df0a585192cb8be22f1fd9fd530b6b06ab125071afeb
"(3,1,0,0)","(3,1,0,0):iso-00061",05c9717cbee9ef75dd27889b29e557ce1a41efe6e3c8f6c58bdfe494e602f86b,8,a9c8295bd197fa0163aaf21eb39b011f70321f81e32bbcfce6c8d33145dd0d91
"(3,1,0,0)","(3,1,0,0):iso-00061",05c9717cbee9ef75dd27889b29e557ce1a41efe6e3c8f6c58bdfe494e602f86b,8,be46f64ea8b5b758a7cbc5ba5f94c98593b1bba9aafbca7487ee07861867fff3
"(3,1,0,0)","(3,1,0,0):iso-00061",05c9717cbee9ef75dd27889b29e557ce1a41efe6e3c8f6c58bdfe494e602f86b,8,3257cf541479d1f692fb4fa4532dbc4248f66338ac6c6e7938dff186c9a89c36
"(3,1,0,0)","(3,1,0,0):iso-00061",05c9717cbee9ef75dd27889b29e557ce1a41efe6e3c8f6c58bdfe494e602f86b,8,96ec4cef78e7353abc63930988307b2ab0d583de433b97a911c73d784997a6a9
"(3,1,0,0)","(3,1,0,0):iso-00061",05c9717cbee9ef75dd27889b29e557ce1a41efe6e3c8f6c58bdfe494e602f86b,8,f505a5a76bdb726898c66709aae92010460357a04ba62ad7bc4ddaa66d802e08
"(3,1,0,0)","(3,1,0,0):iso-00062",ce6c58b99b8e3f0b61eb73f26f68e407b27dbc8c5f87b435fac210fd90b5f60e,19,ce6c58b99b8e3f0b61eb73f26f68e407b27dbc8c5f87b435fac210fd90b5f60e
"(3,1,0,0)","(3,1,0,0):iso-00062",ce6c58b99b8e3f0b61eb73f26f68e407b27dbc8c5f87b435fac210fd90b5f60e,19,69f4bf8bc60b0df2d49543056ffb36e39bb55332b0f5505ca6cb973045b53aa9
"(3,1,0,0)","(3,1,0,0):iso-00062",ce6c58b99b8e3f0b61eb73f26f68e407b27dbc8c5f87b435fac210fd90b5f60e,19,600d4908afc6a9a4475077dc6244c4a8118257f3d800bf3e948f2902aaefc354
"(3,1,0,0)","(3,1,0,0):iso-00062",ce6c58b99b8e3f0b61eb73f26f68e407b27dbc8c5f87b435fac210fd90b5f60e,19,7d0d42f107523972b8979d20c549077ca3d0f3ce02e730ffb0df2a770fdb0f33
"(3,1,0,0)","(3,1,0,0):iso-00062",ce6c58b99b8e3f0b61eb73f26f68e407b27dbc8c5f87b435fac210fd90b5f60e,19,b52777083113b23391062bdfc9d80830c13de00e84171507a8e841106f370d8e
"(3,1,0,0)","(3,1,0,0):iso-00062",ce6c58b99b8e3f0b61eb73f26f68e407b27dbc8c5f87b435fac210fd90b5f60e,19,5dc98d867c54a89dd08e2a1fd921060f54ae7dcbfad2f2570133847adedda99d
"(3,1,0,0)","(3,1,0,0):iso-00062",ce6c58b99b8e3f0b61eb73f26f68e407b27dbc8c5f87b435fac210fd90b5f60e,19,ad60bdabc0449f9fa0f28db6308f66d5c4c2c0b08c936ba2bebbeb9978e79e5b
"(3,1,0,0)","(3,1,0,0):iso-00062",ce6c58b99b8e3f0b61eb73f26f68e407b27dbc8c5f87b435fac210fd90b5f60e,19,ee10630de3fdd6dbc0a6676a5230c9dff2fed2fd5af630fa2a03c253bd595e63
"(3,1,0,0)","(3,1,0,0):iso-00062",ce6c58b99b8e3f0b61eb73f26f68e407b27dbc8c5f87b435fac210fd90b5f60e,19,ad92263d453c9aaf3240895a20343527b6042ee7f41525441f18e48d67c6159e
"(3,1,0,0)","(3,1,0,0):iso-00062",ce6c58b99b8e3f0b61eb73f26f68e407b27dbc8c5f87b435fac210fd90b5f60e,19,e3c7577627fd1a40f3d00631ece7bbd666be354440d9696b1505fa4c59d89bdc
"(3,1,0,0)","(3,1,0,0):iso-00062",ce6c58b99b8e3f0b61eb73f26f68e407b27dbc8c5f87b435fac210fd90b5f60e,19,d44b80d054072f6562c3c0734a1a89190f2c5165034e56f3dac92de3216a3a97
"(3,1,0,0)","(3,1,0,0):iso-00062",ce6c58b99b8e3f0b61eb73f26f68e407b27dbc8c5f87b435fac210fd90b5f60e,19,bd29cc8c47c36217345004ea87709aa273cc77ca491917c1665efbd373fe9f05
"(3,1,0,0)","(3,1,0,0):iso-00062",ce6c58b99b8e3f0b61eb73f26f68e407b27dbc8c5f87b435fac210fd90b5f60e,19,4b5d811b9f145600a5ab2abcd73827d9c717bbda94ff8c2f4c7b44438b8a3512
"(3,1,0,0)","(3,1,0,0):iso-00062",ce6c58b99b8e3f0b61eb73f26f68e407b27dbc8c5f87b435fac210fd90b5f60e,19,19a3965ead140f7cfced9097cdcbc63c8930eaba14490589932dc37b8610c3b0
"(3,1,0,0)","(3,1,0,0):iso-00062",ce6c58b99b8e3f0b61eb73f26f68e407b27dbc8c5f87b435fac210fd90b5f60e,19,7c7bbcf22ec42733a568dcd95b2c9657c5e6375147773b753697576f0cb3fbd9
"(3,1,0,0)","(3,1,0,0):iso-00062",ce6c58b99b8e3f0b61eb73f26f68e407b27dbc8c5f87b435fac210fd90b5f60e,19,b0c44e0e7744b3de011aa4ae4ed940bf2219d8d3c563d9215c61f62fe9e31d6f
"(3,1,0,0)","(3,1,0,0):iso-00062",ce6c58b99b8e3f0b61eb73f26f68e407b27dbc8c5f87b435fac210fd90b5f60e,19,b0bd51a4784bf0366fbb4f654981ab80d7f5a43446572f9704a56a733c6c79a1
"(3,1,0,0)","(3,1,0,0):iso-00062",ce6c58b99b8e3f0b61eb73f26f68e407b27dbc8c5f87b435fac210fd90b5f60e,19,39dc94405d7f8c8626211a38c03d03459dc25491e594aa5f866a3734337626df
"(3,1,0,0)","(3,1,0,0):iso-00062",ce6c58b99b8e3f0b61eb73f26f68e407b27dbc8c5f87b435fac210fd90b5f60e,19,8092f4be5afd322a4843f07fa8ef80d45dc27edcfac1dd81be214934a547777e
"(3,1,0,0)","(3,1,0,0):iso-00063",31d8504a8908a1911a4c41589488517f3d7c75644a3ba409368baa3c52d5835e,33,31d8504a8908a1911a4c41589488517f3d7c75644a3ba409368baa3c52d5835e
"(3,1,0,0)","(3,1,0,0):iso-00063",31d8504a8908a1911a4c41589488517f3d7c75644a3ba409368baa3c52d5835e,33,3ecf7f68034c54c832b37ce5fddbb54c477eb9e3bce192101d184204bfe5fad0
"(3,1,0,0)","(3,1,0,0):iso-00063",31d8504a8908a1911a4c41589488517f3d7c75644a3ba409368baa3c52d5835e,33,95c1e64ab23f9e630525452cc5b8747e74c5f37122c4ddcd1a545b542c1ac974
"(3,1,0,0)","(3,1,0,0):iso-00063",31d8504a8908a1911a4c41589488517f3d7c75644a3ba409368baa3c52d5835e,33,4593dc35e9c5e797e29459e752181a907d8acb451f2cfc3720b97dc19342051a
"(3,1,0,0)","(3,1,0,0):iso-00063",31d8504a8908a1911a4c41589488517f3d7c75644a3ba409368baa3c52d5835e,33,b2d481af9c7dc504f4470152ba8552f5931715f80edd918c0a099cd8a5bc9f49
"(3,1,0,0)","(3,1,0,0):iso-00063",31d8504a8908a1911a4c41589488517f3d7c75644a3ba409368baa3c52d5835e,33,521137efafee701225ed9c80620662335f0bfcb96fa8cbe464392624162596cf
"(3,1,0,0)","(3,1,0,0):iso-00063",31d8504a8908a1911a4c41589488517f3d7c75644a3ba409368baa3c52d5835e,33,a05129717b57013ca47d77fdb12d266b04177c686b4f2956b995f28a31ea7e00
"(3,1,0,0)","(3,1,0,0):iso-00063",31d8504a8908a1911a4c41589488517f3d7c75644a3ba409368baa3c52d5835e,33,c3bb50278cb24601093a02aa836373e9d57a0d4c029229d779aacb8ac8c5f0fd
"(3,1,0,0)","(3,1,0,0):iso-00063",31d8504a8908a1911a4c41589488517f3d7c75644a3ba409368baa3c52d5835e,33,ebc818253fce08da11053cd6d34491149f8e3d80fa139a50c485074bf2efed5b
"(3,1,0,0)","(3,1,0,0):iso-00063",31d8504a8908a1911a4c41589488517f3d7c75644a3ba409368baa3c52d5835e,33,f0463eda4b19443d0de22664ddc95e1901f03a3297b7d586b8d77ee7021181d8
"(3,1,0,0)","(3,1,0,0):iso-00063",31d8504a8908a1911a4c41589488517f3d7c75644a3ba409368baa3c52d5835e,33,e1611d7163a977fb43253a024c3bb7bb6452b183a29fc02843bf16565258d6a0
"(3,1,0,0)","(3,1,0,0):iso-00063",31d8504a8908a1911a4c41589488517f3d7c75644a3ba409368baa3c52d5835e,33,d1a1c98904f95aa94693d4adb4bab8726734c2ac40feaede773776f657442019
"(3,1,0,0)","(3,1,0,0):iso-00063",31d8504a8908a1911a4c41589488517f3d7c75644a3ba409368baa3c52d5835e,33,4da29dbb377b0076b4f0464bf0be57e447e1a00190db9ab10b176134c99796c7
"(3,1,0,0)","(3,1,0,0):iso-00063",31d8504a8908a1911a4c41589488517f3d7c75644a3ba409368baa3c52d5835e,33,10cee3a61d55b1220386bed14a4c0d2a91f0ea0b9360d9c73d1e5a8c21c0c7cb
"(3,1,0,0)","(3,1,0,0):iso-00063",31d8504a8908a1911a4c41589488517f3d7c75644a3ba409368baa3c52d5835e,33,a01af42707545ca9360ac05c725fa0f491be890cc30c74cef88c55c07c594f64
"(3,1,0,0)","(3,1,0,0):iso-00063",31d8504a8908a1911a4c41589488517f3d7c75644a3ba409368baa3c52d5835e,33,4f11d93beb14f788f73af3f57590843c7a47829e4798f1941d341efafbd884d6
"(3,1,0,0)","(3,1,0,0):iso-00063",31d8504a8908a1911a4c41589488517f3d7c75644a3ba409368baa3c52d5835e,33,4642f919b694ef08f3c694b4d3c2fc0ba818c1972e3a6aa0c3f7b3ecb9c073be
"(3,1,0,0)","(3,1,0,0):iso-00063",31d8504a8908a1911a4c41589488517f3d7c75644a3ba409368baa3c52d5835e,33,c2d448a4a49a120384c0c5a55209a88cdfdb9fed929f1a095d03268779802f85
"(3,1,0,0)","(3,1,0,0):iso-00063",31d8504a8908a1911a4c41589488517f3d7c75644a3ba409368baa3c52d5835e,33,d4c77c610bb18d9cb61cfd0a06b9304b8fe9d4a0e52b752880565374ff23af58
"(3,1,0,0)","(3,1,0,0):iso-00063",31d8504a8908a1911a4c41589488517f3d7c75644a3ba409368baa3c52d5835e,33,f2b619d881d981fa8fbdf0c3a4e3a8b3916d62df416a12edc860e329355418f1
"(3,1,0,0)","(3,1,0,0):iso-00063",31d8504a8908a1911a4c41589488517f3d7c75644a3ba409368baa3c52d5835e,33,b62c170a31c45acb40ead9cdec778170b2a99f63b87ba80600869d509198b86e
"(3,1,0,0)","(3,1,0,0):iso-00063",31d8504a8908a1911a4c41589488517f3d7c75644a3ba409368baa3c52d5835e,33,161360a62795bb58d5c38824b34a520008e4435c36b1dde14e02f84eead817cc
"(3,1,0,0)","(3,1,0,0):iso-00063",31d8504a8908a1911a4c41589488517f3d7c75644a3ba409368baa3c52d5835e,33,1671ed74b3d7a2da2eef019f97cd5c55a950a7f365ea5811f1df4b4f2936d750
"(3,1,0,0)","(3,1,0,0):iso-00063",31d8504a8908a1911a4c41589488517f3d7c75644a3ba409368baa3c52d5835e,33,552d3a8ded7c8a16605c6251cc24b197501db26e325c9914833099d91f728ba2
"(3,1,0,0)","(3,1,0,0):iso-00063",31d8504a8908a1911a4c41589488517f3d7c75644a3ba409368baa3c52d5835e,33,97c076ab8f99225574e0c4324acf7870f91fc82dfed6d3a9e1bff376210f352f
"(3,1,0,0)","(3,1,0,0):iso-00063",31d8504a8908a1911a4c41589488517f3d7c75644a3ba409368baa3c52d5835e,33,92fdcce628167976c585389d19ed492ea41284d0339d4ecf98a85433167ca3b4
"(3,1,0,0)","(3,1,0,0):iso-00063",31d8504a8908a1911a4c41589488517f3d7c75644a3ba409368baa3c52d5835e,33,e6e95bbc96b59f23ff919300c886f6e31780316750b6204b77f6cc6e812b14be
"(3,1,0,0)","(3,1,0,0):iso-00063",31d8504a8908a1911a4c41589488517f3d7c75644a3ba409368baa3c52d5835e,33,aed0735ab474f250db524b558c087a4462ea527a60ce63fe0bfc9221611abc0d
"(3,1,0,0)","(3,1,0,0):iso-00063",31d8504a8908a1911a4c41589488517f3d7c75644a3ba409368baa3c52d5835e,33,a2ffcd68e823105dc45d219c0e5dbc6cc88107fc018facbadddc96c07ee98b64
"(3,1,0,0)","(3,1,0,0):iso-00063",31d8504a8908a1911a4c41589488517f3d7c75644a3ba409368baa3c52d5835e,33,eb18b8f552fb83cc41277ab3e78a426ee80f8e98a111420c35ca81314dbb851a
"(3,1,0,0)","(3,1,0,0):iso-00063",31d8504a8908a1911a4c41589488517f3d7c75644a3ba409368baa3c52d5835e,33,27933247424ebd07d87f255bab7299ed2036d5b14cc2d537cfbdf810a6aa4ddc
"(3,1,0,0)","(3,1,0,0):iso-00063",31d8504a8908a1911a4c41589488517f3d7c75644a3ba409368baa3c52d5835e,33,9c5c45922d956528cbc3817ae47eb242fa65eaa2475c11b4ad59d7515ed96cfc
"(3,1,0,0)","(3,1,0,0):iso-00063",31d8504a8908a1911a4c41589488517f3d7c75644a3ba409368baa3c52d5835e,33,e6d616d22b3add6b37079065f4f33330ae77d467f3fdf2fde53b7b099e5e229e
"(3,1,0,0)","(3,1,0,0):iso-00064",ff25b0f72548dffc2dd651fff272f3145307cf57c95fb18d787696151f7258b9,16,ff25b0f72548dffc2dd651fff272f3145307cf57c95fb18d787696151f7258b9
"(3,1,0,0)","(3,1,0,0):iso-00064",ff25b0f72548dffc2dd651fff272f3145307cf57c95fb18d787696151f7258b9,16,2dc419ad415e6937992e046f63b3cc9ed1ea97d57741ed148e2767761d9b3b45
"(3,1,0,0)","(3,1,0,0):iso-00064",ff25b0f72548dffc2dd651fff272f3145307cf57c95fb18d787696151f7258b9,16,4405b3313b36ab5729746ead0773cc41a2ae33cb703e6a11670efb54d207fe41
"(3,1,0,0)","(3,1,0,0):iso-00064",ff25b0f72548dffc2dd651fff272f3145307cf57c95fb18d787696151f7258b9,16,2a1a37213beb034b7d9bb0a196c2c63f7d08d9524887be17292a3b8302a834c0
"(3,1,0,0)","(3,1,0,0):iso-00064",ff25b0f72548dffc2dd651fff272f3145307cf57c95fb18d787696151f7258b9,16,bdae0f39103310a6ef4e2dd1b2ec6d1dad18a2789fced7bb642c229f0eb3895d
"(3,1,0,0)","(3,1,0,0):iso-00064",ff25b0f72548dffc2dd651fff272f3145307cf57c95fb18d787696151f7258b9,16,994c9ad80a3479b1538b9da831dd658a26037280c6320386159f608bbd48c257
"(3,1,0,0)","(3,1,0,0):iso-00064",ff25b0f72548dffc2dd651fff272f3145307cf57c95fb18d787696151f7258b9,16,a65f32da10fc4463f11f9040ad60fb3500e66c597f13c688cbcc9061c536927d
"(3,1,0,0)","(3,1,0,0):iso-00064",ff25b0f72548dffc2dd651fff272f3145307cf57c95fb18d787696151f7258b9,16,cc366907dfe07fc3c836a29002e30a8b3633c22707ed8cb23ca8aa9ba340ab15
"(3,1,0,0)","(3,1,0,0):iso-00064",ff25b0f72548dffc2dd651fff272f3145307cf57c95fb18d787696151f7258b9,16,5629b467acb2f3f02b5443515e0d0437d9416f7c2e3fb77cdbd55816dd68236d
"(3,1,0,0)","(3,1,0,0):iso-00064",ff25b0f72548dffc2dd651fff272f3145307cf57c95fb18d787696151f7258b9,16,61ac113316a0c6c53f6bd054bd6e5a0b0d715220e75456af950bab30d0016ed6
"(3,1,0,0)","(3,1,0,0):iso-00064",ff25b0f72548dffc2dd651fff272f3145307cf57c95fb18d787696151f7258b9,16,817aba4289bc522103d356dab6fa94800039abeae39cb234fa543faea1d24b1c
"(3,1,0,0)","(3,1,0,0):iso-00064",ff25b0f72548dffc2dd651fff272f3145307cf57c95fb18d787696151f7258b9,16,71ab4a5729523cb1cdfdbad2eb00a42dcfa2c9064e0c7d9f89163ecb16d4705a
"(3,1,0,0)","(3,1,0,0):iso-00064",ff25b0f72548dffc2dd651fff272f3145307cf57c95fb18d787696151f7258b9,16,df86709da271838ecc370fd28072abd8db1f0bdc958e34b8007d59dd169e94db
"(3,1,0,0)","(3,1,0,0):iso-00064",ff25b0f72548dffc2dd651fff272f3145307cf57c95fb18d787696151f7258b9,16,5b7006a7fff4a5a8007d56021c051ab4c2856aecdd5a15b89d16200cbfacf74a
"(3,1,0,0)","(3,1,0,0):iso-00064",ff25b0f72548dffc2dd651fff272f3145307cf57c95fb18d787696151f7258b9,16,1039f382e9d78490547d1ecfcef24ffbf26da0e0e6de30b276b531d91bfce48c
"(3,1,0,0)","(3,1,0,0):iso-00064",ff25b0f72548dffc2dd651fff272f3145307cf57c95fb18d787696151f7258b9,16,88521929aade876b4e7fd6f88e11506cbf9b6ec36c735cf6570335a8571f0a49
"(3,1,0,0)","(3,1,0,0):iso-00065",f228eac5225694f74877cb17e4b6999744fe8dfe423afc2d7a7e4f6a2a698366,14,f228eac5225694f74877cb17e4b6999744fe8dfe423afc2d7a7e4f6a2a698366
"(3,1,0,0)","(3,1,0,0):iso-00065",f228eac5225694f74877cb17e4b6999744fe8dfe423afc2d7a7e4f6a2a698366,14,ff16d2b3b2d17c4f0793ef58e8ec9bf2ec1cc03d26ff8cde353344f6824c670c
"(3,1,0,0)","(3,1,0,0):iso-00065",f228eac5225694f74877cb17e4b6999744fe8dfe423afc2d7a7e4f6a2a698366,14,7a0d47e366dc00e66f79db18e8017d5cc510e21a61dac123864e5c0088662fea
"(3,1,0,0)","(3,1,0,0):iso-00065",f228eac5225694f74877cb17e4b6999744fe8dfe423afc2d7a7e4f6a2a698366,14,0a3b2eceb868d11215215f28685701aadfdde90aff259dfb1a67a5d0cbc7eaef
"(3,1,0,0)","(3,1,0,0):iso-00065",f228eac5225694f74877cb17e4b6999744fe8dfe423afc2d7a7e4f6a2a698366,14,c8545d4a9039d306f4371a0a508da224790e6d77eb36c99a4c7caa5a4a0ef934
"(3,1,0,0)","(3,1,0,0):iso-00065",f228eac5225694f74877cb17e4b6999744fe8dfe423afc2d7a7e4f6a2a698366,14,f6ca344e143041ba30494e79cbd118554d3d561f6d6cde2f418a7ea836274f27
"(3,1,0,0)","(3,1,0,0):iso-00065",f228eac5225694f74877cb17e4b6999744fe8dfe423afc2d7a7e4f6a2a698366,14,2878fe75dae197019595a778c822099f2a1c0edc89679ce956e6e14b10621974
"(3,1,0,0)","(3,1,0,0):iso-00065",f228eac5225694f74877cb17e4b6999744fe8dfe423afc2d7a7e4f6a2a698366,14,a5a13693f55473eea50b898c5fad74a2507c1afeb9522f79f5d9f245bda7c3f2
"(3,1,0,0)","(3,1,0,0):iso-00065",f228eac5225694f74877cb17e4b6999744fe8dfe423afc2d7a7e4f6a2a698366,14,fef1da704200ac3bf067b553daff309f83cd25b0852af1e76f73a935dd2c5eba
"(3,1,0,0)","(3,1,0,0):iso-00065",f228eac5225694f74877cb17e4b6999744fe8dfe423afc2d7a7e4f6a2a698366,14,6bf1c98ba4bd5449fac2537435581473927ec1107f16925d3eee019e3d453f03
"(3,1,0,0)","(3,1,0,0):iso-00065",f228eac5225694f74877cb17e4b6999744fe8dfe423afc2d7a7e4f6a2a698366,14,523ccb9fc1372c244b2544780e1c1cb323f4437f2b0f5e3658ceee8742b080cf
"(3,1,0,0)","(3,1,0,0):iso-00065",f228eac5225694f74877cb17e4b6999744fe8dfe423afc2d7a7e4f6a2a698366,14,598d4d5632c27d8b818f775fcb5f409fa44f564767884f5cb54f84cc801306a2
"(3,1,0,0)","(3,1,0,0):iso-00065",f228eac5225694f74877cb17e4b6999744fe8dfe423afc2d7a7e4f6a2a698366,14,a54cf75ffecacb044c15fdd086aff884b6898b05eaaf0c39ca1fbbb996cbf422
"(3,1,0,0)","(3,1,0,0):iso-00065",f228eac5225694f74877cb17e4b6999744fe8dfe423afc2d7a7e4f6a2a698366,14,f6c62c88d22cbd95c1859a0d283fc4a91d3052ec1bee78efd79cac243f800910
"(3,1,0,0)","(3,1,0,0):iso-00066",3ccb3372bf29a71b040f19eb6a6220431f4e4084f9c4eb4ca763d7e7ea104c9d,20,3ccb3372bf29a71b040f19eb6a6220431f4e4084f9c4eb4ca763d7e7ea104c9d
"(3,1,0,0)","(3,1,0,0):iso-00066",3ccb3372bf29a71b040f19eb6a6220431f4e4084f9c4eb4ca763d7e7ea104c9d,20,018985f9abb3fcfb46619d790b716041ea4d5969a2e25358cbc306b160ecd381
"(3,1,0,0)","(3,1,0,0):iso-00066",3ccb3372bf29a71b040f19eb6a6220431f4e4084f9c4eb4ca763d7e7ea104c9d,20,696e90d6e7f309d993213738d26b51f01e0f2f15c4c88a000e8b4c414b0cc96f
"(3,1,0,0)","(3,1,0,0):iso-00066",3ccb3372bf29a71b040f19eb6a6220431f4e4084f9c4eb4ca763d7e7ea104c9d,20,bb70f0bd9f0f689bd71211e177bd4452552e45aaf0f7dea0330665e57ee2341f
"(3,1,0,0)","(3,1,0,0):iso-00066",3ccb3372bf29a71b040f19eb6a6220431f4e4084f9c4eb4ca763d7e7ea104c9d,20,f150f41c69247a15105d0456bed5a76fce39e853570682b42e1af544994585e2
"(3,1,0,0)","(3,1,0,0):iso-00066",3ccb3372bf29a71b040f19eb6a6220431f4e4084f9c4eb4ca763d7e7ea104c9d,20,b3576209308ae60eaf18a3c9a9f91d1a3bf6962e814a650c6c9fedd282c2aa6f
"(3,1,0,0)","(3,1,0,0):iso-00066",3ccb3372bf29a71b040f19eb6a6220431f4e4084f9c4eb4ca763d7e7ea104c9d,20,54db56620ffe5ec636409a326b1ce1d5a205af957db2ada8076bec9951bee3f2
"(3,1,0,0)","(3,1,0,0):iso-00066",3ccb3372bf29a71b040f19eb6a6220431f4e4084f9c4eb4ca763d7e7ea104c9d,20,9827a96b1c51329693a21aeeeb90a3fd9679c5f35f38941e5b05cf84d36c960d
"(3,1,0,0)","(3,1,0,0):iso-00066",3ccb3372bf29a71b040f19eb6a6220431f4e4084f9c4eb4ca763d7e7ea104c9d,20,7ade8fd9edac195bfcb70efd9a3ef8e186163c90e337f31a6b7282654eec6842
"(3,1,0,0)","(3,1,0,0):iso-00066",3ccb3372bf29a71b040f19eb6a6220431f4e4084f9c4eb4ca763d7e7ea104c9d,20,350814e262760031242fd1408299c71e0874a3adc2ac065aa0d955de26cac43f
"(3,1,0,0)","(3,1,0,0):iso-00066",3ccb3372bf29a71b040f19eb6a6220431f4e4084f9c4eb4ca763d7e7ea104c9d,20,f5f92c97dc35a3c8c476ffed3675515247b50cbdeb7a6ebb43bcc836d8ae21e8
"(3,1,0,0)","(3,1,0,0):iso-00066",3ccb3372bf29a71b040f19eb6a6220431f4e4084f9c4eb4ca763d7e7ea104c9d,20,06824a95b149b6e2e79f7bf4233cc2495c78f5b0a6b7feae261417150b54a45b
"(3,1,0,0)","(3,1,0,0):iso-00066",3ccb3372bf29a71b040f19eb6a6220431f4e4084f9c4eb4ca763d7e7ea104c9d,20,b9919a2c95f9dacde52bcf2749f2a6d69af40f911ec28d2c597a97929cc1b2ac
"(3,1,0,0)","(3,1,0,0):iso-00066",3ccb3372bf29a71b040f19eb6a6220431f4e4084f9c4eb4ca763d7e7ea104c9d,20,752a422c7938d86cb8d0e15a9ee6b9d4b41e4fa287d9167603e5b361b9c77f84
"(3,1,0,0)","(3,1,0,0):iso-00066",3ccb3372bf29a71b040f19eb6a6220431f4e4084f9c4eb4ca763d7e7ea104c9d,20,7d4348c749e33e61c8e55e46abfe73f67ebd22c19d478b28275d25d78de65de8
"(3,1,0,0)","(3,1,0,0):iso-00066",3ccb3372bf29a71b040f19eb6a6220431f4e4084f9c4eb4ca763d7e7ea104c9d,20,f5bdf96a1c8ee1caab06f0f8e24ed8fc5596f6e194501682bb1dd985200c4dab
"(3,1,0,0)","(3,1,0,0):iso-00066",3ccb3372bf29a71b040f19eb6a6220431f4e4084f9c4eb4ca763d7e7ea104c9d,20,cefff3ad0d8d38644b755a8519d00060fe2737110b9037366a0557851ab58c50
"(3,1,0,0)","(3,1,0,0):iso-00066",3ccb3372bf29a71b040f19eb6a6220431f4e4084f9c4eb4ca763d7e7ea104c9d,20,c4a683c0edb41c7fd266fe622f9c1d53b617e1189cf0424f19f13d168180f148
"(3,1,0,0)","(3,1,0,0):iso-00066",3ccb3372bf29a71b040f19eb6a6220431f4e4084f9c4eb4ca763d7e7ea104c9d,20,d64c8f6b2388b940bec1403af944c3811ec7ba392e4ade4301b1caab4be5e229
"(3,1,0,0)","(3,1,0,0):iso-00066",3ccb3372bf29a71b040f19eb6a6220431f4e4084f9c4eb4ca763d7e7ea104c9d,20,45dfce182b538a907b907d26f207354eb3e5969c6552e9ebbd8af26e309b3ac7
"(3,1,0,0)","(3,1,0,0):iso-00067",83bb03a5fbc61aaa7482465ca076c9e471c4fa17437b89347dd7256362d85b34,31,83bb03a5fbc61aaa7482465ca076c9e471c4fa17437b89347dd7256362d85b34
"(3,1,0,0)","(3,1,0,0):iso-00067",83bb03a5fbc61aaa7482465ca076c9e471c4fa17437b89347dd7256362d85b34,31,4845fb449b0038e897826a76828bf2c7db14ad6d4cb52072fd0fe728bef8a690
"(3,1,0,0)","(3,1,0,0):iso-00067",83bb03a5fbc61aaa7482465ca076c9e471c4fa17437b89347dd7256362d85b34,31,a3b695381ccad0fa5f634d0919a628d164113a3561ea9e817070e9d03f8afaf6
"(3,1,0,0)","(3,1,0,0):iso-00067",83bb03a5fbc61aaa7482465ca076c9e471c4fa17437b89347dd7256362d85b34,31,1458a7ccf22134b380a305a2cd6c86addeaa74f578545c342ff10a7585379b86
"(3,1,0,0)","(3,1,0,0):iso-00067",83bb03a5fbc61aaa7482465ca076c9e471c4fa17437b89347dd7256362d85b34,31,a1062c7e7b6263413994a5e36605bcb0c721c64dac39fbe15c10d409c7a41a85
"(3,1,0,0)","(3,1,0,0):iso-00067",83bb03a5fbc61aaa7482465ca076c9e471c4fa17437b89347dd7256362d85b34,31,c8a4b336f87b1f0536aada9ed9e6b83ccc6f9255fe435de2da74c226d853a1f9
"(3,1,0,0)","(3,1,0,0):iso-00067",83bb03a5fbc61aaa7482465ca076c9e471c4fa17437b89347dd7256362d85b34,31,b72b40f3c4be57e0ad9991442e0025d5af64440cee8d6f05314286fe3e952c82
"(3,1,0,0)","(3,1,0,0):iso-00067",83bb03a5fbc61aaa7482465ca076c9e471c4fa17437b89347dd7256362d85b34,31,4edcf816ccb7cebfb340cbbdcf77cbb189eea069be90df6567c4880a81578e33
"(3,1,0,0)","(3,1,0,0):iso-00067",83bb03a5fbc61aaa7482465ca076c9e471c4fa17437b89347dd7256362d85b34,31,b11ac49e6ead1842181f6376e726d2bd2be224a7d9774f40c4a95b901f28d5e3
"(3,1,0,0)","(3,1,0,0):iso-00067",83bb03a5fbc61aaa7482465ca076c9e471c4fa17437b89347dd7256362d85b34,31,d2cb2ab5c1f06a03ee09336c1fd35f1be5a2d01ab72c0adad930f3b5ef0ae12c
"(3,1,0,0)","(3,1,0,0):iso-00067",83bb03a5fbc61aaa7482465ca076c9e471c4fa17437b89347dd7256362d85b34,31,185319d020640edbac5cb2a95e2f6ce864c466562fcce52ac0d1fc15d1a170f3
"(3,1,0,0)","(3,1,0,0):iso-00067",83bb03a5fbc61aaa7482465ca076c9e471c4fa17437b89347dd7256362d85b34,31,070975c469f27c1fe0fae55f24c3439d6c70d2ecade05034d108cde9d9827091
"(3,1,0,0)","(3,1,0,0):iso-00067",83bb03a5fbc61aaa7482465ca076c9e471c4fa17437b89347dd7256362d85b34,31,d8a1ef459dc849aad3df67e2efe70ce8e9a9bac799d83b857e4d9bff87b4c747
"(3,1,0,0)","(3,1,0,0):iso-00067",83bb03a5fbc61aaa7482465ca076c9e471c4fa17437b89347dd7256362d85b34,31,bf5dacfc67145f1ec1a4e317c35b1c093f1114b8655c9d91209066850cfd37b1
"(3,1,0,0)","(3,1,0,0):iso-00067",83bb03a5fbc61aaa7482465ca076c9e471c4fa17437b89347dd7256362d85b34,31,b88e35e004879c89bafce743cad873ec8205b5371ffd5e23d3105a94c9e24b9a
"(3,1,0,0)","(3,1,0,0):iso-00067",83bb03a5fbc61aaa7482465ca076c9e471c4fa17437b89347dd7256362d85b34,31,92851ccb1f6bd3bd59b15dad4be90be3a6e830fcd754af2482073a4d09643216
"(3,1,0,0)","(3,1,0,0):iso-00067",83bb03a5fbc61aaa7482465ca076c9e471c4fa17437b89347dd7256362d85b34,31,5bf7956e22aaff842009cfc2c27afe7668e07f58fcf5fcbbcd21f89de430b6ce
"(3,1,0,0)","(3,1,0,0):iso-00067",83bb03a5fbc61aaa7482465ca076c9e471c4fa17437b89347dd7256362d85b34,31,01194643cd8977230f527139ee6700a7a5c966b79ee13e6c99847fd77a507d42
"(3,1,0,0)","(3,1,0,0):iso-00067",83bb03a5fbc61aaa7482465ca076c9e471c4fa17437b89347dd7256362d85b34,31,213339429c564f0d9b58f79dffeeda7aee5ed1f7ceba163be2916df696e0c7cd
"(3,1,0,0)","(3,1,0,0):iso-00067",83bb03a5fbc61aaa7482465ca076c9e471c4fa17437b89347dd7256362d85b34,31,1063d82512d0dbd368d57f07bc4e9a2a0c6e6eeb0c0cec54ee16f4974624a571
"(3,1,0,0)","(3,1,0,0):iso-00067",83bb03a5fbc61aaa7482465ca076c9e471c4fa17437b89347dd7256362d85b34,31,c04d289a31a1cc6e358f2ba5b06a51257a63b6641c16db779c07d2bfc9235a22
"(3,1,0,0)","(3,1,0,0):iso-00067",83bb03a5fbc61aaa7482465ca076c9e471c4fa17437b89347dd7256362d85b34,31,74234409ca4cf4184ef4299f0a56df9b9acea6334104831b82a4e7c44c2c2044
"(3,1,0,0)","(3,1,0,0):iso-00067",83bb03a5fbc61aaa7482465ca076c9e471c4fa17437b89347dd7256362d85b34,31,5bc0571a5263211426a763d4df72930f18bfbb8aa4ab31f4d29b908373285838
"(3,1,0,0)","(3,1,0,0):iso-00067",83bb03a5fbc61aaa7482465ca076c9e471c4fa17437b89347dd7256362d85b34,31,9ded5fe4dd458840838e683ac820053d19b9cc18e7aa1a878cbed8602768b411
"(3,1,0,0)","(3,1,0,0):iso-00067",83bb03a5fbc61aaa7482465ca076c9e471c4fa17437b89347dd7256362d85b34,31,99bb774a8a285f05fe5be52ec61b19ef31cf7fc049e343ddbc4975b217f2ad54
"(3,1,0,0)","(3,1,0,0):iso-00067",83bb03a5fbc61aaa7482465ca076c9e471c4fa17437b89347dd7256362d85b34,31,c07ea542ab786d27d99ec0ddf19802c8629ac96e200ca04810a7e23231f9d281
"(3,1,0,0)","(3,1,0,0):iso-00067",83bb03a5fbc61aaa7482465ca076c9e471c4fa17437b89347dd7256362d85b34,31,d1787e708530d1fcee3146f9009ae6621cad1641dca518092b82b78326cca627
"(3,1,0,0)","(3,1,0,0):iso-00067",83bb03a5fbc61aaa7482465ca076c9e471c4fa17437b89347dd7256362d85b34,31,edfb270878df242db3439a4449ba10c3f2128988b7d812f6f7b7b96781bb259a
"(3,1,0,0)","(3,1,0,0):iso-00067",83bb03a5fbc61aaa7482465ca076c9e471c4fa17437b89347dd7256362d85b34,31,73f5de4be0729a28358b93a90d38f9979a0f55f2ff896c16b0e3ea67da3cc3fd
"(3,1,0,0)","(3,1,0,0):iso-00067",83bb03a5fbc61aaa7482465ca076c9e471c4fa17437b89347dd7256362d85b34,31,15dac5ac262d49809699c16dd75ac693e3f5005216a43411819af5089a764fd8
"(3,1,0,0)","(3,1,0,0):iso-00067",83bb03a5fbc61aaa7482465ca076c9e471c4fa17437b89347dd7256362d85b34,31,995df7e4e5eba2b85c440a36942f8fc922cf90e1144b892ec42e623ff2ad4d47
"(3,1,0,0)","(3,1,0,0):iso-00068",1fab4210e8b1ce95e3ebd1d4fcb8fa75412bfe4582d001db858167b83ce89f65,5,1fab4210e8b1ce95e3ebd1d4fcb8fa75412bfe4582d001db858167b83ce89f65
"(3,1,0,0)","(3,1,0,0):iso-00068",1fab4210e8b1ce95e3ebd1d4fcb8fa75412bfe4582d001db858167b83ce89f65,5,a7906a0b051babf300fa59a44ae9aedbe40b3d689a4fe589e3d1db2d9baaca52
"(3,1,0,0)","(3,1,0,0):iso-00068",1fab4210e8b1ce95e3ebd1d4fcb8fa75412bfe4582d001db858167b83ce89f65,5,13c042e5de308a9bfc5b5904ccd4851d83f31cdca045567678dc4938bbf614b9
"(3,1,0,0)","(3,1,0,0):iso-00068",1fab4210e8b1ce95e3ebd1d4fcb8fa75412bfe4582d001db858167b83ce89f65,5,b9fa134025b1b2067b92f8fb7797bd30c8b4bb8ac51d2f55d0c4da860be26f3e
"(3,1,0,0)","(3,1,0,0):iso-00068",1fab4210e8b1ce95e3ebd1d4fcb8fa75412bfe4582d001db858167b83ce89f65,5,9df01009aec01a073c70225c150ba3cada54ea64e8ac1858f492756317596fac
"(3,1,0,0)","(3,1,0,0):iso-00069",318ab89a81edbe21b4b7cf195f6d6f2f7e1c2e1e71392644a76477767f087971,2,318ab89a81edbe21b4b7cf195f6d6f2f7e1c2e1e71392644a76477767f087971
"(3,1,0,0)","(3,1,0,0):iso-00069",318ab89a81edbe21b4b7cf195f6d6f2f7e1c2e1e71392644a76477767f087971,2,a3bda30d0d2369f4c5e4a6020b754d5c2095cf4bf3d49ca7eab3a193e8cedefd
"(3,1,0,0)","(3,1,0,0):iso-00070",d17702ef222b9ece292b2064400464fee4023d56ef1f64dbb091570db1f98db0,1,d17702ef222b9ece292b2064400464fee4023d56ef1f64dbb091570db1f98db0
"(3,1,0,0)","(3,1,0,0):iso-00071",14f089dea7b8500791124e255a763cbab3fb089c5388a5ba9913f6a885b90a1b,82,14f089dea7b8500791124e255a763cbab3fb089c5388a5ba9913f6a885b90a1b
"(3,1,0,0)","(3,1,0,0):iso-00071",14f089dea7b8500791124e255a763cbab3fb089c5388a5ba9913f6a885b90a1b,82,22e5f9f98fcbd4c2b0804680bb01bfae428f65b8a27122cfdbf58a00ad27a2c4
"(3,1,0,0)","(3,1,0,0):iso-00071",14f089dea7b8500791124e255a763cbab3fb089c5388a5ba9913f6a885b90a1b,82,e18e13d6a00d6ed36101de38248ad05aff67fb925f8e71af7e1ca88a2b3e7d40
"(3,1,0,0)","(3,1,0,0):iso-00071",14f089dea7b8500791124e255a763cbab3fb089c5388a5ba9913f6a885b90a1b,82,d5d440d386fda3368e4c97af8ae8b5519f68db99141f6d370115180769264690
"(3,1,0,0)","(3,1,0,0):iso-00071",14f089dea7b8500791124e255a763cbab3fb089c5388a5ba9913f6a885b90a1b,82,ad7c2f5b072656e6897d9779e6e554cd2008636c632ccb4c20d6c0af705e39c4
"(3,1,0,0)","(3,1,0,0):iso-00071",14f089dea7b8500791124e255a763cbab3fb089c5388a5ba9913f6a885b90a1b,82,601adcc97b43564427f6d20f2cf714b9a3d47110a5226899b2754c1e9ed09fa0
"(3,1,0,0)","(3,1,0,0):iso-00071",14f089dea7b8500791124e255a763cbab3fb089c5388a5ba9913f6a885b90a1b,82,0510088b340c4f55cf698ba692dcc3eaeb92a249eb7af864025de3e350716be3
"(3,1,0,0)","(3,1,0,0):iso-00071",14f089dea7b8500791124e255a763cbab3fb089c5388a5ba9913f6a885b90a1b,82,0fff2a495a1b07b92674719d4006c90a759049eaf89bacba59c5898ad33c129a
"(3,1,0,0)","(3,1,0,0):iso-00071",14f089dea7b8500791124e255a763cbab3fb089c5388a5ba9913f6a885b90a1b,82,e64f4ec07c24c5dfbe8c3fa23220d6cd278cb9e20054d9a10f5a63b2cbae7c80
"(3,1,0,0)","(3,1,0,0):iso-00071",14f089dea7b8500791124e255a763cbab3fb089c5388a5ba9913f6a885b90a1b,82,e8e53b85ed3f647631f8931a8a369c312cb29f6a47a373dfb63d9b2729533317
"(3,1,0,0)","(3,1,0,0):iso-00071",14f089dea7b8500791124e255a763cbab3fb089c5388a5ba9913f6a885b90a1b,82,2b4deb6efa61567a23cb92b05fe52831a6de152963011fdac4862091d861990d
"(3,1,0,0)","(3,1,0,0):iso-00071",14f089dea7b8500791124e255a763cbab3fb089c5388a5ba9913f6a885b90a1b,82,cae086a76766d42e4c88fb33dadd713c62ef80c2418ed1d588bf0eca0b43df8f
"(3,1,0,0)","(3,1,0,0):iso-00071",14f089dea7b8500791124e255a763cbab3fb089c5388a5ba9913f6a885b90a1b,82,e3de2ad4139aba10b59061b08ec498efb993226aa29acf0e9720afb9fc3bdb58
"(3,1,0,0)","(3,1,0,0):iso-00071",14f089dea7b8500791124e255a763cbab3fb089c5388a5ba9913f6a885b90a1b,82,ba01d64f8a96392d3232d5fece740d00d74a8e4a6db5252094c8aa35bd4b9e3d
"(3,1,0,0)","(3,1,0,0):iso-00071",14f089dea7b8500791124e255a763cbab3fb089c5388a5ba9913f6a885b90a1b,82,661324104346a86da0d581a0b4d7f29d93ae65e308653d41fb78a7e863d8096a
"(3,1,0,0)","(3,1,0,0):iso-00071",14f089dea7b8500791124e255a763cbab3fb089c5388a5ba9913f6a885b90a1b,82,cbb02bc5352cc6423a88b38eeb42cefaa07acafbf2f126305f25bc2b0fc1564f
"(3,1,0,0)","(3,1,0,0):iso-00071",14f089dea7b8500791124e255a763cbab3fb089c5388a5ba9913f6a885b90a1b,82,362035db8061fa4496f99a2347d29689d54f08aa571eebd435b28fea0107b260
"(3,1,0,0)","(3,1,0,0):iso-00071",14f089dea7b8500791124e255a763cbab3fb089c5388a5ba9913f6a885b90a1b,82,d93731536b416cae3be414a771d5b04981fa5a77fd49e2f499755a4bba261639
"(3,1,0,0)","(3,1,0,0):iso-00071",14f089dea7b8500791124e255a763cbab3fb089c5388a5ba9913f6a885b90a1b,82,f553ccc0075002cf5abe215eb7406fda90ae964cd51a3597b45f018492269d79
"(3,1,0,0)","(3,1,0,0):iso-00071",14f089dea7b8500791124e255a763cbab3fb089c5388a5ba9913f6a885b90a1b,82,22d87fd0bbf4719bacb56b8ef9ec774e21d0b0299e8b0482bed08b832b89aca4
"(3,1,0,0)","(3,1,0,0):iso-00071",14f089dea7b8500791124e255a763cbab3fb089c5388a5ba9913f6a885b90a1b,82,c8eb81a3942087da8305719a5d952b4f8dc0e18e283ba2a12527a3c0016ca2f3
"(3,1,0,0)","(3,1,0,0):iso-00071",14f089dea7b8500791124e255a763cbab3fb089c5388a5ba9913f6a885b90a1b,82,d1797e43df1b27e3d1d72d0238cc702dda2f71befa2ebd4465b05359cf3adba0
"(3,1,0,0)","(3,1,0,0):iso-00071",14f089dea7b8500791124e255a763cbab3fb089c5388a5ba9913f6a885b90a1b,82,12538c57d0cc7c58db583d8401aa7ffda67c49db2a4636034510872ac4296d58
"(3,1,0,0)","(3,1,0,0):iso-00071",14f089dea7b8500791124e255a763cbab3fb089c5388a5ba9913f6a885b90a1b,82,41667bac67a98841e8e91d770be78c1c1442def81b47dbf1f24559e1fef63558
"(3,1,0,0)","(3,1,0,0):iso-00071",14f089dea7b8500791124e255a763cbab3fb089c5388a5ba9913f6a885b90a1b,82,0190792d098406ac8d951b2d2cbc08c133d66ea2a01ee61bf78e8cbf442ed47d
"(3,1,0,0)","(3,1,0,0):iso-00071",14f089dea7b8500791124e255a763cbab3fb089c5388a5ba9913f6a885b90a1b,82,054448f09825df187e5023da51f6f0c48b50df48f0d1848b2817218b8a3c7b6f
"(3,1,0,0)","(3,1,0,0):iso-00071",14f089dea7b8500791124e255a763cbab3fb089c5388a5ba9913f6a885b90a1b,82,9f9efc27ef2a833cc8f7222ee7564b15d0d253523115e6170562afb059062572
"(3,1,0,0)","(3,1,0,0):iso-00071",14f089dea7b8500791124e255a763cbab3fb089c5388a5ba9913f6a885b90a1b,82,67343c86ca684380015c92c78d629bc2beba7d671d27cc1c3af407c514057523
"(3,1,0,0)","(3,1,0,0):iso-00071",14f089dea7b8500791124e255a763cbab3fb089c5388a5ba9913f6a885b90a1b,82,477dace8e6b09d56a338bd9477b0073c869a3f4b49edc69029d4e512af022304
"(3,1,0,0)","(3,1,0,0):iso-00071",14f089dea7b8500791124e255a763cbab3fb089c5388a5ba9913f6a885b90a1b,82,fb0cda4d6d834ec89814de3c6e64364772151dd8cc1409af6727e4b136c45de0
"(3,1,0,0)","(3,1,0,0):iso-00071",14f089dea7b8500791124e255a763cbab3fb089c5388a5ba9913f6a885b90a1b,82,f43d340f610c9a20022ad37a22448cc91ebbe5781d2901a51c417c5fb9290a79
"(3,1,0,0)","(3,1,0,0):iso-00071",14f089dea7b8500791124e255a763cbab3fb089c5388a5ba9913f6a885b90a1b,82,a2b94a2d698502ae80e962c1aa82449b381570682735b7430f68225bfa68fea9
"(3,1,0,0)","(3,1,0,0):iso-00071",14f089dea7b8500791124e255a763cbab3fb089c5388a5ba9913f6a885b90a1b,82,8bd9f9b7137fbeb5fa3de2abee54b0f0e087294a2d0d1168d60035f1b09fe27b
"(3,1,0,0)","(3,1,0,0):iso-00071",14f089dea7b8500791124e255a763cbab3fb089c5388a5ba9913f6a885b90a1b,82,ef1ab7647ed2cdedbe174c61ba66eaeddedbb7728ce177912f71e959337348a4
"(3,1,0,0)","(3,1,0,0):iso-00071",14f089dea7b8500791124e255a763cbab3fb089c5388a5ba9913f6a885b90a1b,82,1aedfa8654be4d57faa60dd2f1eae68b28080c1e7e735c967d4490d672e80b26
"(3,1,0,0)","(3,1,0,0):iso-00071",14f089dea7b8500791124e255a763cbab3fb089c5388a5ba9913f6a885b90a1b,82,c11d463f88281b17c8b6031c9de1d0db140ba5443524ec15f43171dad9157761
"(3,1,0,0)","(3,1,0,0):iso-00071",14f089dea7b8500791124e255a763cbab3fb089c5388a5ba9913f6a885b90a1b,82,de1365f30497a4eb01c820e1abfbe69132782c6e077b9be15579c25932eaa413
"(3,1,0,0)","(3,1,0,0):iso-00071",14f089dea7b8500791124e255a763cbab3fb089c5388a5ba9913f6a885b90a1b,82,7750e3bc25fbaf6a12a885adc9be39974be11e066650a671e9516b08612abc9a
"(3,1,0,0)","(3,1,0,0):iso-00071",14f089dea7b8500791124e255a763cbab3fb089c5388a5ba9913f6a885b90a1b,82,b91f44ef2cddd37e9182b4b4e291d3d3d2030652ba0ca1eb28393bc8418c8c1a
"(3,1,0,0)","(3,1,0,0):iso-00071",14f089dea7b8500791124e255a763cbab3fb089c5388a5ba9913f6a885b90a1b,82,a0f879f15aff43f7e8259865f79467f9f5aa106de5cc145a8f9dbf6ca2b007e4
"(3,1,0,0)","(3,1,0,0):iso-00071",14f089dea7b8500791124e255a763cbab3fb089c5388a5ba9913f6a885b90a1b,82,39bd4a2a41b6e907b9ea352b1b84b90f304419db8e427d4d0853584c3be8b04a
"(3,1,0,0)","(3,1,0,0):iso-00071",14f089dea7b8500791124e255a763cbab3fb089c5388a5ba9913f6a885b90a1b,82,010fddf01eaa9a8e21d0de328e4505b0d8cc496454fb515c4c47169cc1202a8a
"(3,1,0,0)","(3,1,0,0):iso-00071",14f089dea7b8500791124e255a763cbab3fb089c5388a5ba9913f6a885b90a1b,82,a8917583996dc2d2484c0fb65ea006d253cedbc4642a55765e6345e65badb65f
"(3,1,0,0)","(3,1,0,0):iso-00071",14f089dea7b8500791124e255a763cbab3fb089c5388a5ba9913f6a885b90a1b,82,49410f010e16e4ff4ebec122a7bd7b905888a49b1df62e830947a5e040e10525
"(3,1,0,0)","(3,1,0,0):iso-00071",14f089dea7b8500791124e255a763cbab3fb089c5388a5ba9913f6a885b90a1b,82,822643e1d4ccdfbb1c4f53bd668ca3d2caa22223987113243f89b6c8af436da5
"(3,1,0,0)","(3,1,0,0):iso-00071",14f089dea7b8500791124e255a763cbab3fb089c5388a5ba9913f6a885b90a1b,82,5ae4d22ca09685fa1869967bb52693af4308a4e5ac9dedbca138add2d4bdc3b8
"(3,1,0,0)","(3,1,0,0):iso-00071",14f089dea7b8500791124e255a763cbab3fb089c5388a5ba9913f6a885b90a1b,82,cf8dc93cb97989f44ea4c767217affcb12bfac766c0ac445b758d3b7d9e19693
"(3,1,0,0)","(3,1,0,0):iso-00071",14f089dea7b8500791124e255a763cbab3fb089c5388a5ba9913f6a885b90a1b,82,57f7c0cc5dada8fc70109439604c918aa017f2c496bd4cb178a25082c06078e7
"(3,1,0,0)","(3,1,0,0):iso-00071",14f089dea7b8500791124e255a763cbab3fb089c5388a5ba9913f6a885b90a1b,82,a4c150ab75cf53a5116a38cbd44a79d9e8663227d88c681422072f90925c2990
"(3,1,0,0)","(3,1,0,0):iso-00071",14f089dea7b8500791124e255a763cbab3fb089c5388a5ba9913f6a885b90a1b,82,9c8a9f7c3517f7b9e9c3e9f02821e91c1143b1efc47a2b632526dd06d44f9ae8
"(3,1,0,0)","(3,1,0,0):iso-00071",14f089dea7b8500791124e255a763cbab3fb089c5388a5ba9913f6a885b90a1b,82,c86bca08dc6a445fe0e3bd54cf8563013a2ecbd090be72ff0b1add6695fd833b
"(3,1,0,0)","(3,1,0,0):iso-00071",14f089dea7b8500791124e255a763cbab3fb089c5388a5ba9913f6a885b90a1b,82,fa901e0280d4c31d093b7b73d355caf5ddc8870e63ab7bd90384f74f2b93a09d
"(3,1,0,0)","(3,1,0,0):iso-00071",14f089dea7b8500791124e255a763cbab3fb089c5388a5ba9913f6a885b90a1b,82,6c22773816b055324f8abee952f838a190b993a42d8b4424af2dec7fbfab83cc
"(3,1,0,0)","(3,1,0,0):iso-00071",14f089dea7b8500791124e255a763cbab3fb089c5388a5ba9913f6a885b90a1b,82,81a0a7b6e307a16961c6fbbebb696be1ef4fc8f70124ba6a8043dfe9b724a213
"(3,1,0,0)","(3,1,0,0):iso-00071",14f089dea7b8500791124e255a763cbab3fb089c5388a5ba9913f6a885b90a1b,82,779456ac0f83a331e0bdb27e04bab0ab5931d70e021b239862cf06b44732e5bb
"(3,1,0,0)","(3,1,0,0):iso-00071",14f089dea7b8500791124e255a763cbab3fb089c5388a5ba9913f6a885b90a1b,82,bf6ac1c295864b16cc5aeffa81a55afa561d4cf892ca9e1a84007140e49f8659
"(3,1,0,0)","(3,1,0,0):iso-00071",14f089dea7b8500791124e255a763cbab3fb089c5388a5ba9913f6a885b90a1b,82,995e24f1cfc34756a4d817b7c691c12be44491d2766cc1961aad94de742e14ff
"(3,1,0,0)","(3,1,0,0):iso-00071",14f089dea7b8500791124e255a763cbab3fb089c5388a5ba9913f6a885b90a1b,82,d1c863c0a5e6b4333e9937275c4472daa5296262a14d736478e0803e6fddf0c3
"(3,1,0,0)","(3,1,0,0):iso-00071",14f089dea7b8500791124e255a763cbab3fb089c5388a5ba9913f6a885b90a1b,82,61438843827d1221438d76aebff23bf7de4b27b99f26adb826cbe74cf453eb1b
"(3,1,0,0)","(3,1,0,0):iso-00071",14f089dea7b8500791124e255a763cbab3fb089c5388a5ba9913f6a885b90a1b,82,fcf1c885fccc0e3374bd3b3772ee12564c7a8ad223d383d47ebf5940f7c6ccf8
"(3,1,0,0)","(3,1,0,0):iso-00071",14f089dea7b8500791124e255a763cbab3fb089c5388a5ba9913f6a885b90a1b,82,af8436270c85264a66ba5ab5d2fe1be45ad6cba9c70e0cd2fa57f299a4d2c2d2
"(3,1,0,0)","(3,1,0,0):iso-00071",14f089dea7b8500791124e255a763cbab3fb089c5388a5ba9913f6a885b90a1b,82,be159889a83ff69be690a9b3744bbb1e5f624ecff2d569277e6a76e22ef226a7
"(3,1,0,0)","(3,1,0,0):iso-00071",14f089dea7b8500791124e255a763cbab3fb089c5388a5ba9913f6a885b90a1b,82,18d04b83767b3b2a7f0a9554ba1a86610b1224ca07e04dd08324aa56617c901e
"(3,1,0,0)","(3,1,0,0):iso-00071",14f089dea7b8500791124e255a763cbab3fb089c5388a5ba9913f6a885b90a1b,82,5eac346cc06199ec86c95ffa92663e5a32211895f168b0f1928135fce18738c4
"(3,1,0,0)","(3,1,0,0):iso-00071",14f089dea7b8500791124e255a763cbab3fb089c5388a5ba9913f6a885b90a1b,82,4d87cbec76015a8dd43f2a5bfa0c60b9a2e42633ce9cbdf3e96af02b944abd84
"(3,1,0,0)","(3,1,0,0):iso-00071",14f089dea7b8500791124e255a763cbab3fb089c5388a5ba9913f6a885b90a1b,82,4d183af406324f0671af77987799b59e897d6bd55d3a0eeff8da9323fe89bf12
"(3,1,0,0)","(3,1,0,0):iso-00071",14f089dea7b8500791124e255a763cbab3fb089c5388a5ba9913f6a885b90a1b,82,c16466712c239375fa23008bb52c18f8f2ad27ef22908d4c9b3adab0c4d810be
"(3,1,0,0)","(3,1,0,0):iso-00071",14f089dea7b8500791124e255a763cbab3fb089c5388a5ba9913f6a885b90a1b,82,c4189c9f5d8b29d3b5a0ee0ac6ad213cc877f3a4afc8df7ff73ace9ecb013ea5
"(3,1,0,0)","(3,1,0,0):iso-00071",14f089dea7b8500791124e255a763cbab3fb089c5388a5ba9913f6a885b90a1b,82,93911f2833daf32ddc06e08657a25bb04d8789858c1c062a612d5631862070ed
"(3,1,0,0)","(3,1,0,0):iso-00071",14f089dea7b8500791124e255a763cbab3fb089c5388a5ba9913f6a885b90a1b,82,e661bdd78ec243a7e78adfdb9a7e5310143d91f51f41d5722f15b7ac131e82a3
"(3,1,0,0)","(3,1,0,0):iso-00071",14f089dea7b8500791124e255a763cbab3fb089c5388a5ba9913f6a885b90a1b,82,401f5b75a90fbc48538a69da317982ee77d4a8531985324ed7c60ea7c926cff2
"(3,1,0,0)","(3,1,0,0):iso-00071",14f089dea7b8500791124e255a763cbab3fb089c5388a5ba9913f6a885b90a1b,82,36f86ae9cd391be660f17ca49420a0bfbcb43c78b89ce3dc15bb81e9a42eaa03
"(3,1,0,0)","(3,1,0,0):iso-00071",14f089dea7b8500791124e255a763cbab3fb089c5388a5ba9913f6a885b90a1b,82,c2bce0c4c018e783511795f030771d71eee6b2ae0f20088c5653103d589eaf3a
"(3,1,0,0)","(3,1,0,0):iso-00071",14f089dea7b8500791124e255a763cbab3fb089c5388a5ba9913f6a885b90a1b,82,ff1959a1e1611b5ea04b55b47644c609127d282932cdac3083220625afbf4391
"(3,1,0,0)","(3,1,0,0):iso-00071",14f089dea7b8500791124e255a763cbab3fb089c5388a5ba9913f6a885b90a1b,82,6b68825024bdcda611219dae56840e502a1b3b2bcbbca532c674596ae3e5ed79
"(3,1,0,0)","(3,1,0,0):iso-00071",14f089dea7b8500791124e255a763cbab3fb089c5388a5ba9913f6a885b90a1b,82,a2ec0f51df82eaa600d110955281ae8d8aa895cfd0ca29601da0323ea99be6f3
"(3,1,0,0)","(3,1,0,0):iso-00071",14f089dea7b8500791124e255a763cbab3fb089c5388a5ba9913f6a885b90a1b,82,7391cede2309c7794714de83a765964c1f320318e87dfb09c085ac7567aa3259
"(3,1,0,0)","(3,1,0,0):iso-00071",14f089dea7b8500791124e255a763cbab3fb089c5388a5ba9913f6a885b90a1b,82,25e164f44c27e25d899323e505d10201f55faeef6990e79acc646bc17e91cf2c
"(3,1,0,0)","(3,1,0,0):iso-00071",14f089dea7b8500791124e255a763cbab3fb089c5388a5ba9913f6a885b90a1b,82,604cd99a5c8300c951f6e06e31b20f191cbc6b45331f1c3732473df1c914ded0
"(3,1,0,0)","(3,1,0,0):iso-00071",14f089dea7b8500791124e255a763cbab3fb089c5388a5ba9913f6a885b90a1b,82,8057d70d6ad87299df559e1e454a47aef324e69c6f9cd62f43cca1297a85c1a6
"(3,1,0,0)","(3,1,0,0):iso-00071",14f089dea7b8500791124e255a763cbab3fb089c5388a5ba9913f6a885b90a1b,82,65a5a627572092cffd459787ce0e2669fac48cdfa48105a174d74d35b5266c61
"(3,1,0,0)","(3,1,0,0):iso-00071",14f089dea7b8500791124e255a763cbab3fb089c5388a5ba9913f6a885b90a1b,82,9eb97d56623b14e35fa42624ec1f88128f30eb7020b8a04142a3b03154374c15
"(3,1,0,0)","(3,1,0,0):iso-00072",e66fabf22296eafca5a86a1514e715de51a4e6d478515a19b64fc2bdb0a0dfc7,2,e66fabf22296eafca5a86a1514e715de51a4e6d478515a19b64fc2bdb0a0dfc7
"(3,1,0,0)","(3,1,0,0):iso-00072",e66fabf22296eafca5a86a1514e715de51a4e6d478515a19b64fc2bdb0a0dfc7,2,9b2817ef39b57285d66d902d6be4ec33749ef586e32a3755fa531495ff4dd63e
"(3,1,0,0)","(3,1,0,0):iso-00073",0486df9b01ae545b3ab4446380039daee3248553a2fabd62dc9f70b8d7763bc7,38,0486df9b01ae545b3ab4446380039daee3248553a2fabd62dc9f70b8d7763bc7
"(3,1,0,0)","(3,1,0,0):iso-00073",0486df9b01ae545b3ab4446380039daee3248553a2fabd62dc9f70b8d7763bc7,38,fcda0793cf1a6b24de2d12118e7e0686ce05709f0c1fd9d799aeb878eed53726
"(3,1,0,0)","(3,1,0,0):iso-00073",0486df9b01ae545b3ab4446380039daee3248553a2fabd62dc9f70b8d7763bc7,38,0fe94080374837ede447775ebac88865d0ccd79f98ee71a68aad2caebf8bbfd7
"(3,1,0,0)","(3,1,0,0):iso-00073",0486df9b01ae545b3ab4446380039daee3248553a2fabd62dc9f70b8d7763bc7,38,76a939c49373df3ba01bcd60fa40af764894df6ad1aae42d7a1e36ded9113dcf
"(3,1,0,0)","(3,1,0,0):iso-00073",0486df9b01ae545b3ab4446380039daee3248553a2fabd62dc9f70b8d7763bc7,38,42ccf2baa11f7ad352795e0fa756bbde86116158a9a36b952c5cf192f1ea7902
"(3,1,0,0)","(3,1,0,0):iso-00073",0486df9b01ae545b3ab4446380039daee3248553a2fabd62dc9f70b8d7763bc7,38,aefab3011325eb73dd0c85afa2129e7b13f82a0509015c1f74144230e5e5d583
"(3,1,0,0)","(3,1,0,0):iso-00073",0486df9b01ae545b3ab4446380039daee3248553a2fabd62dc9f70b8d7763bc7,38,140f7d3d7d1ec879ad02ae01729af6245ddf51db3dc025d915e74e36c96f2e3e
"(3,1,0,0)","(3,1,0,0):iso-00073",0486df9b01ae545b3ab4446380039daee3248553a2fabd62dc9f70b8d7763bc7,38,10e29b240b6583ec78ac879f1bfeb3da6c572df0c0c876d7692f6f486e5c7311
"(3,1,0,0)","(3,1,0,0):iso-00073",0486df9b01ae545b3ab4446380039daee3248553a2fabd62dc9f70b8d7763bc7,38,27bf8de5a57a44952e82132a31455b8ebd465ea6f08aab5d380b574f2446980e
"(3,1,0,0)","(3,1,0,0):iso-00073",0486df9b01ae545b3ab4446380039daee3248553a2fabd62dc9f70b8d7763bc7,38,2569045aee851b8cde2c7c71093398c25780ce2eb636a737af65aed8ffa0d0ea
"(3,1,0,0)","(3,1,0,0):iso-00073",0486df9b01ae545b3ab4446380039daee3248553a2fabd62dc9f70b8d7763bc7,38,53f1b9cc02d54fb5ff67e8f66d2e078d88c29287901d49be8b4435f23deaafd8
"(3,1,0,0)","(3,1,0,0):iso-00073",0486df9b01ae545b3ab4446380039daee3248553a2fabd62dc9f70b8d7763bc7,38,d3e4de4c6105de7a67483bcfe371365d3e6bfcc42c3d38e268074759f81932c5
"(3,1,0,0)","(3,1,0,0):iso-00073",0486df9b01ae545b3ab4446380039daee3248553a2fabd62dc9f70b8d7763bc7,38,5e3d3557a0d8b7b45859cbda572d7ce5a0b1e0065127455fa39b96d842581617
"(3,1,0,0)","(3,1,0,0):iso-00073",0486df9b01ae545b3ab4446380039daee3248553a2fabd62dc9f70b8d7763bc7,38,c4305f7f0807abbd8669790e31bcb9417f46e1f125f462c1dfcee6eafb9b4ba8
"(3,1,0,0)","(3,1,0,0):iso-00073",0486df9b01ae545b3ab4446380039daee3248553a2fabd62dc9f70b8d7763bc7,38,b9d902298ad1b6d98d5aae8482c3c477243058cb12bd8f85f86cf1a92ca9850f
"(3,1,0,0)","(3,1,0,0):iso-00073",0486df9b01ae545b3ab4446380039daee3248553a2fabd62dc9f70b8d7763bc7,38,4dbd093cbb5627ce3784b033823ecb592b88c018c9226f68eb1fcf2333775618
"(3,1,0,0)","(3,1,0,0):iso-00073",0486df9b01ae545b3ab4446380039daee3248553a2fabd62dc9f70b8d7763bc7,38,53ec7b39d4479ae10d0d509bdd5832489f4e1bfdb1711ea11ae003ab05f79da3
"(3,1,0,0)","(3,1,0,0):iso-00073",0486df9b01ae545b3ab4446380039daee3248553a2fabd62dc9f70b8d7763bc7,38,d436fc0e1ea74d1b3e5f369833daccc22d681049c41d950cad65e1cddd5a56de
"(3,1,0,0)","(3,1,0,0):iso-00073",0486df9b01ae545b3ab4446380039daee3248553a2fabd62dc9f70b8d7763bc7,38,4877189079231e692e03107b855cd1ec8df356c43e47baa2d45018b9e288704c
"(3,1,0,0)","(3,1,0,0):iso-00073",0486df9b01ae545b3ab4446380039daee3248553a2fabd62dc9f70b8d7763bc7,38,a0c6a901d0c3d629c0119cb9e7af18a9d70aaa857370dcfd9aeb0cafb748033b
"(3,1,0,0)","(3,1,0,0):iso-00073",0486df9b01ae545b3ab4446380039daee3248553a2fabd62dc9f70b8d7763bc7,38,b4112485e1f1ee2f45a0e38dc459d80629ac3a89bc77c5dcfdd8c071de20a050
"(3,1,0,0)","(3,1,0,0):iso-00073",0486df9b01ae545b3ab4446380039daee3248553a2fabd62dc9f70b8d7763bc7,38,e7d1b0b03b76b2c2d752e8672c7cf23b939f18ab6dd291ee493a51a44d834b66
"(3,1,0,0)","(3,1,0,0):iso-00073",0486df9b01ae545b3ab4446380039daee3248553a2fabd62dc9f70b8d7763bc7,38,af7af99cebe746d6a6d94cef319776c996cbdb1127cf448df4cfa2d20989b2aa
"(3,1,0,0)","(3,1,0,0):iso-00073",0486df9b01ae545b3ab4446380039daee3248553a2fabd62dc9f70b8d7763bc7,38,1d7bdc477e22a36f785d5f7187e7c663245b6c4d43f29a665eb272e657e9cb99
"(3,1,0,0)","(3,1,0,0):iso-00073",0486df9b01ae545b3ab4446380039daee3248553a2fabd62dc9f70b8d7763bc7,38,6398970016539620d1ea4fcc8f690afce18d8128d4c489ca0dc00a8e51f82195
"(3,1,0,0)","(3,1,0,0):iso-00073",0486df9b01ae545b3ab4446380039daee3248553a2fabd62dc9f70b8d7763bc7,38,03ddb55cbcbfe4b6bd8f7765bf819f050237b4cc5defc3aaef70e599533483a1
"(3,1,0,0)","(3,1,0,0):iso-00073",0486df9b01ae545b3ab4446380039daee3248553a2fabd62dc9f70b8d7763bc7,38,a8ddcbfb8c818d37fe85809c94f2edb0a68fcc19e2e9b0e1c0092eaabde43f78
"(3,1,0,0)","(3,1,0,0):iso-00073",0486df9b01ae545b3ab4446380039daee3248553a2fabd62dc9f70b8d7763bc7,38,513eea9d8ee31f177cf8530c660a0a509544b186798004aacf2064ecfb9afba8
"(3,1,0,0)","(3,1,0,0):iso-00073",0486df9b01ae545b3ab4446380039daee3248553a2fabd62dc9f70b8d7763bc7,38,271493f30fc4aebca3f5a765426ee4489882b9cca01c30eceabdb8aefbdded6f
"(3,1,0,0)","(3,1,0,0):iso-00073",0486df9b01ae545b3ab4446380039daee3248553a2fabd62dc9f70b8d7763bc7,38,2c40afa162d47df6451e0d866e5a139251ae8a09a677cc34ec3967fbcee10cff
"(3,1,0,0)","(3,1,0,0):iso-00073",0486df9b01ae545b3ab4446380039daee3248553a2fabd62dc9f70b8d7763bc7,38,c11468080a766fe02ead2447ce3c5f67ea62d9a22c66b649f32a857cc3d294ab
"(3,1,0,0)","(3,1,0,0):iso-00073",0486df9b01ae545b3ab4446380039daee3248553a2fabd62dc9f70b8d7763bc7,38,08af7e2cb115cf748051fb2f726decfe29084c7d57580bd27e22c5e1875a8570
"(3,1,0,0)","(3,1,0,0):iso-00073",0486df9b01ae545b3ab4446380039daee3248553a2fabd62dc9f70b8d7763bc7,38,d7b3b8cbb83d1974e60fbd6ecdfe5edf61040371e05b87e20aaf7a43d8a1fbe0
"(3,1,0,0)","(3,1,0,0):iso-00073",0486df9b01ae545b3ab4446380039daee3248553a2fabd62dc9f70b8d7763bc7,38,542294441603a742cfa6c9f15a365b4d6b098377aa854e1a6d62fe1e7e92cad4
"(3,1,0,0)","(3,1,0,0):iso-00073",0486df9b01ae545b3ab4446380039daee3248553a2fabd62dc9f70b8d7763bc7,38,d5e33470a2a6c0f238b74359aa1478afff6af1fa54fabea3b463c3de484fb4dd
"(3,1,0,0)","(3,1,0,0):iso-00073",0486df9b01ae545b3ab4446380039daee3248553a2fabd62dc9f70b8d7763bc7,38,1560cdaa506849a4368cac10474e386d7f70443a30f617c7132166151b4e15b2
"(3,1,0,0)","(3,1,0,0):iso-00073",0486df9b01ae545b3ab4446380039daee3248553a2fabd62dc9f70b8d7763bc7,38,b5d6d1f2de92e9966b02b456b3839d8379a67961ab26f4a4259dce47b02f0be7
"(3,1,0,0)","(3,1,0,0):iso-00073",0486df9b01ae545b3ab4446380039daee3248553a2fabd62dc9f70b8d7763bc7,38,9ca4bc24bdc5314cac9230fd00cfafb258669fc63eb29790a06ba0aff76adc1b
"(3,1,0,0)","(3,1,0,0):iso-00074",99c8e9c42b4f22e5858428cfd09dae804bea2a59260a31349c20967863b44d70,41,99c8e9c42b4f22e5858428cfd09dae804bea2a59260a31349c20967863b44d70
"(3,1,0,0)","(3,1,0,0):iso-00074",99c8e9c42b4f22e5858428cfd09dae804bea2a59260a31349c20967863b44d70,41,9316389ea44841df626f43aa3be5524f0b8bedf7d20fd838b276293930e10a03
"(3,1,0,0)","(3,1,0,0):iso-00074",99c8e9c42b4f22e5858428cfd09dae804bea2a59260a31349c20967863b44d70,41,cad9418d4648988ec62a89ab3405bc136e588ce82b498b3eb4161df6a5f6b35d
"(3,1,0,0)","(3,1,0,0):iso-00074",99c8e9c42b4f22e5858428cfd09dae804bea2a59260a31349c20967863b44d70,41,7c7bd6f972457be16e3aaefce792d26f8d948246581014312def96d267b35e0e
"(3,1,0,0)","(3,1,0,0):iso-00074",99c8e9c42b4f22e5858428cfd09dae804bea2a59260a31349c20967863b44d70,41,8ea0feceb54f8bcd72e9fc71c5d4222909cab38e0bc7ed8b6b02ce590b12de55
"(3,1,0,0)","(3,1,0,0):iso-00074",99c8e9c42b4f22e5858428cfd09dae804bea2a59260a31349c20967863b44d70,41,39280cf8d665b78f7f8bdfbcbcc54d9aa99ce33a668f4d99480be0119ff6508d
"(3,1,0,0)","(3,1,0,0):iso-00074",99c8e9c42b4f22e5858428cfd09dae804bea2a59260a31349c20967863b44d70,41,795be84d759c27d869ba09c89c3e285e9147f9eee3046f2149224cb9e5f2639b
"(3,1,0,0)","(3,1,0,0):iso-00074",99c8e9c42b4f22e5858428cfd09dae804bea2a59260a31349c20967863b44d70,41,6bc5d6e798f5a5ff626df92319fd053f53830dbb7d0a9ea558899e97f10d5d00
"(3,1,0,0)","(3,1,0,0):iso-00074",99c8e9c42b4f22e5858428cfd09dae804bea2a59260a31349c20967863b44d70,41,7b675fa774136bb1ef3c82d0184fce1ceb57c488d7c451ea99605a808e9a97e8
"(3,1,0,0)","(3,1,0,0):iso-00074",99c8e9c42b4f22e5858428cfd09dae804bea2a59260a31349c20967863b44d70,41,48e6c53c04fd9dd81108710f750379a0e8b0d28fb599bbd374fb0d1933ed2899
"(3,1,0,0)","(3,1,0,0):iso-00074",99c8e9c42b4f22e5858428cfd09dae804bea2a59260a31349c20967863b44d70,41,ab1191c684f6af22fdbf3836baf81610c3c45194b66dbb88f95886aefd266194
"(3,1,0,0)","(3,1,0,0):iso-00074",99c8e9c42b4f22e5858428cfd09dae804bea2a59260a31349c20967863b44d70,41,d757d02c22a707249429ad657cd585074c06082ea89398eda92dbe4f379ed05b
"(3,1,0,0)","(3,1,0,0):iso-00074",99c8e9c42b4f22e5858428cfd09dae804bea2a59260a31349c20967863b44d70,41,adb8a2d7f6b891e465d12cc2b889fe7ad5bb30bc41b4a4cc52c4db48a4fa89b2
"(3,1,0,0)","(3,1,0,0):iso-00074",99c8e9c42b4f22e5858428cfd09dae804bea2a59260a31349c20967863b44d70,41,70260acd155fb59848f5599ad07198a3b4f528a7ef8d63792fb984476d0407a6
"(3,1,0,0)","(3,1,0,0):iso-00074",99c8e9c42b4f22e5858428cfd09dae804bea2a59260a31349c20967863b44d70,41,1f2c7c356bad01f886fb18f2afd0582864ec3bd8b5f0f4ba570366f9c434d359
"(3,1,0,0)","(3,1,0,0):iso-00074",99c8e9c42b4f22e5858428cfd09dae804bea2a59260a31349c20967863b44d70,41,6f6556c71e55d4fe6774204a606e79b3ca3a72782d5afa5fa2ceb029d725707d
"(3,1,0,0)","(3,1,0,0):iso-00074",99c8e9c42b4f22e5858428cfd09dae804bea2a59260a31349c20967863b44d70,41,8d385dab24394e0e90ad8a68986a267898a366115b952d4038d6a380c444235f
"(3,1,0,0)","(3,1,0,0):iso-00074",99c8e9c42b4f22e5858428cfd09dae804bea2a59260a31349c20967863b44d70,41,d351d1c427f0e5f93d4f7b883699e1a50d09fbfe8c17bec8f91ed0fbcd10f801
"(3,1,0,0)","(3,1,0,0):iso-00074",99c8e9c42b4f22e5858428cfd09dae804bea2a59260a31349c20967863b44d70,41,b562845d10d4c030bc435476ddd3100ede064229d7ede588ceeb3c52fe617713
"(3,1,0,0)","(3,1,0,0):iso-00074",99c8e9c42b4f22e5858428cfd09dae804bea2a59260a31349c20967863b44d70,41,f32094afee42b57ae59f0217904232e5c59ffd94bf206abbce706a3f17ab99b0
"(3,1,0,0)","(3,1,0,0):iso-00074",99c8e9c42b4f22e5858428cfd09dae804bea2a59260a31349c20967863b44d70,41,945ea8ccc32e46ab13c8c5ff979815a0ee916c11de888953fe4c2d7faec82583
"(3,1,0,0)","(3,1,0,0):iso-00074",99c8e9c42b4f22e5858428cfd09dae804bea2a59260a31349c20967863b44d70,41,aeb7ad22c1af62cebc09be6b3dddb7c035f9e0f46e6dea386d29918a1771a70e
"(3,1,0,0)","(3,1,0,0):iso-00074",99c8e9c42b4f22e5858428cfd09dae804bea2a59260a31349c20967863b44d70,41,c84cf1e8f158ffa0148c1bef1f5af2fe9c68cb5cd39234501bc93d9857267990
"(3,1,0,0)","(3,1,0,0):iso-00074",99c8e9c42b4f22e5858428cfd09dae804bea2a59260a31349c20967863b44d70,41,053ecac32f9271d6da0d231eb976fab1e9fa45df3d91c66924ed2385f9c4f945
"(3,1,0,0)","(3,1,0,0):iso-00074",99c8e9c42b4f22e5858428cfd09dae804bea2a59260a31349c20967863b44d70,41,00bf1a170bb9fe708a54d4979ad26690536ba3bcb5dc7281f145d2aa16b290ab
"(3,1,0,0)","(3,1,0,0):iso-00074",99c8e9c42b4f22e5858428cfd09dae804bea2a59260a31349c20967863b44d70,41,9e05fdec1d35e35c468c1404f94fb11b1e4d8599436c9b934d1b58630d94215b
"(3,1,0,0)","(3,1,0,0):iso-00074",99c8e9c42b4f22e5858428cfd09dae804bea2a59260a31349c20967863b44d70,41,337da4ba61a88d123ff0310c1a00dffa887f2a89fd3d7eec18a8ac9764cb7dda
"(3,1,0,0)","(3,1,0,0):iso-00074",99c8e9c42b4f22e5858428cfd09dae804bea2a59260a31349c20967863b44d70,41,5e9f00634c1148cfdcaf35b7556775c4a2ba1286287d226acaeb9ef094e7500e
"(3,1,0,0)","(3,1,0,0):iso-00074",99c8e9c42b4f22e5858428cfd09dae804bea2a59260a31349c20967863b44d70,41,bfc7f995da5a8edef26fc408b7b8daa4b5b68a0893c5b5e1adacf326e60c0d68
"(3,1,0,0)","(3,1,0,0):iso-00074",99c8e9c42b4f22e5858428cfd09dae804bea2a59260a31349c20967863b44d70,41,d9b5c31ab63d29e2267a831a384942a03b06fa1cf1149b0def884756d16e16f7
"(3,1,0,0)","(3,1,0,0):iso-00074",99c8e9c42b4f22e5858428cfd09dae804bea2a59260a31349c20967863b44d70,41,11c07ec89c67c7c9ece8a5f5421b07d1e79889e6a36a17e2a8806f3a65412018
"(3,1,0,0)","(3,1,0,0):iso-00074",99c8e9c42b4f22e5858428cfd09dae804bea2a59260a31349c20967863b44d70,41,794b7ea6e87ce2c258e600de526e79d15b5c82b718a90db1fd1b19eb83631f22
"(3,1,0,0)","(3,1,0,0):iso-00074",99c8e9c42b4f22e5858428cfd09dae804bea2a59260a31349c20967863b44d70,41,1b2dc1e7db4404281183c5771b59162478f41edb869edffac1b6fe3eb1f40b6a
"(3,1,0,0)","(3,1,0,0):iso-00074",99c8e9c42b4f22e5858428cfd09dae804bea2a59260a31349c20967863b44d70,41,ffb13c912120b9f22de26b8a3ecf3b72dee4d1f1b7fa6f98644df308a65d8974
"(3,1,0,0)","(3,1,0,0):iso-00074",99c8e9c42b4f22e5858428cfd09dae804bea2a59260a31349c20967863b44d70,41,136e9a4c7674eee157012a457d100174f5f988a562e69b369b96f16ff6eb2ea3
"(3,1,0,0)","(3,1,0,0):iso-00074",99c8e9c42b4f22e5858428cfd09dae804bea2a59260a31349c20967863b44d70,41,bce557211a3ae6f45ef89e47fee48b96d338dddc05aa07ef7c70173a1d766576
"(3,1,0,0)","(3,1,0,0):iso-00074",99c8e9c42b4f22e5858428cfd09dae804bea2a59260a31349c20967863b44d70,41,057bb02c77a14cb5f5f0301ed6bc00aae5d8e37b1ab4dc6bebeed094afadf2d8
"(3,1,0,0)","(3,1,0,0):iso-00074",99c8e9c42b4f22e5858428cfd09dae804bea2a59260a31349c20967863b44d70,41,6d114724528d53d9820cfceb41393b063253b53e22be92f075de296845f50863
"(3,1,0,0)","(3,1,0,0):iso-00074",99c8e9c42b4f22e5858428cfd09dae804bea2a59260a31349c20967863b44d70,41,374abe5aa11441e04edde5a3809ed844580252eecea99f1844aa233744066820
"(3,1,0,0)","(3,1,0,0):iso-00074",99c8e9c42b4f22e5858428cfd09dae804bea2a59260a31349c20967863b44d70,41,92b0c1bd8f78379756128704a5b6006818ae0eb0b65e0abbff073e83329a98b2
"(3,1,0,0)","(3,1,0,0):iso-00074",99c8e9c42b4f22e5858428cfd09dae804bea2a59260a31349c20967863b44d70,41,61607829fabdf54a66d41d1e5dca8e76719d53f9397c9afa4723d887ff0767d3
"(3,1,0,0)","(3,1,0,0):iso-00075",46aa39e142e9cb7ec3bf86a85f1964761e7ab596a7f2037a05e203a9255d7302,9,46aa39e142e9cb7ec3bf86a85f1964761e7ab596a7f2037a05e203a9255d7302
"(3,1,0,0)","(3,1,0,0):iso-00075",46aa39e142e9cb7ec3bf86a85f1964761e7ab596a7f2037a05e203a9255d7302,9,247db671744d762df3585a0c1b3df0731135c4092efd7fd6e29c27ecb3dcf20f
"(3,1,0,0)","(3,1,0,0):iso-00075",46aa39e142e9cb7ec3bf86a85f1964761e7ab596a7f2037a05e203a9255d7302,9,281346ac35ba2896aae47122d81319bbbab297db94365a0326e76992c8912c99
"(3,1,0,0)","(3,1,0,0):iso-00075",46aa39e142e9cb7ec3bf86a85f1964761e7ab596a7f2037a05e203a9255d7302,9,a8e43262fcee2362e2005098dda82b7001b9abf7e844e71cbff4dd7dc355d7ad
"(3,1,0,0)","(3,1,0,0):iso-00075",46aa39e142e9cb7ec3bf86a85f1964761e7ab596a7f2037a05e203a9255d7302,9,7b29d3477227a97c36d1377556e422a1c864db434cc7bd7d841014de72930b2e
"(3,1,0,0)","(3,1,0,0):iso-00075",46aa39e142e9cb7ec3bf86a85f1964761e7ab596a7f2037a05e203a9255d7302,9,a45c68d9e3847b311fdbfee76674793ac2177eab9e7a0a7afc15f34da1751e39
"(3,1,0,0)","(3,1,0,0):iso-00075",46aa39e142e9cb7ec3bf86a85f1964761e7ab596a7f2037a05e203a9255d7302,9,85c870fd7bdd0166ab3ab3db5fc6d1b1ffd8f797b22b9933fdbd5c4b2aed8c75
"(3,1,0,0)","(3,1,0,0):iso-00075",46aa39e142e9cb7ec3bf86a85f1964761e7ab596a7f2037a05e203a9255d7302,9,f5c6291180244faf0d07fea4e838d1c2ae76dcb5e5049da32b990df7855d66b3
"(3,1,0,0)","(3,1,0,0):iso-00075",46aa39e142e9cb7ec3bf86a85f1964761e7ab596a7f2037a05e203a9255d7302,9,0988ed53a59e762552b0900ebb70bf7328328f9eabb5a843d794939d25de198d
"(3,1,0,0)","(3,1,0,0):iso-00076",2377b78a977a5a283ffdfb7d2f9404a3fcace102f4767a2a56b107382e547f54,2,2377b78a977a5a283ffdfb7d2f9404a3fcace102f4767a2a56b107382e547f54
"(3,1,0,0)","(3,1,0,0):iso-00076",2377b78a977a5a283ffdfb7d2f9404a3fcace102f4767a2a56b107382e547f54,2,d9725231082848c0a8fb4ec92f75bb039c15d4c2b7abf0cb73913e5cbb4e9ba3
"(3,1,0,0)","(3,1,0,0):iso-00077",a56c832e6f430e50ab6edb7b8704ecc499ffdd216d36e88d95a157b40ca65ea7,9,a56c832e6f430e50ab6edb7b8704ecc499ffdd216d36e88d95a157b40ca65ea7
"(3,1,0,0)","(3,1,0,0):iso-00077",a56c832e6f430e50ab6edb7b8704ecc499ffdd216d36e88d95a157b40ca65ea7,9,a312bbdae1165ada5882c2deac7d200d887582a629896764604c3ebde33c0044
"(3,1,0,0)","(3,1,0,0):iso-00077",a56c832e6f430e50ab6edb7b8704ecc499ffdd216d36e88d95a157b40ca65ea7,9,0023754d3638cbf5bc08ff2e9dab58b0ae8bf20a83104dca6a4ab14b7cc4a26b
"(3,1,0,0)","(3,1,0,0):iso-00077",a56c832e6f430e50ab6edb7b8704ecc499ffdd216d36e88d95a157b40ca65ea7,9,e36f07872c8541450645c4168a7abf40e454abfdf07ec5b372a2f6bf52770ea7
"(3,1,0,0)","(3,1,0,0):iso-00077",a56c832e6f430e50ab6edb7b8704ecc499ffdd216d36e88d95a157b40ca65ea7,9,c067a5a11c257bb3f71cfe98c7026c2eb6850c6e3d60daef6eac48d6835ee49a
"(3,1,0,0)","(3,1,0,0):iso-00077",a56c832e6f430e50ab6edb7b8704ecc499ffdd216d36e88d95a157b40ca65ea7,9,37dd2a5a5d2d1ae447fd73582d124d3a57ac6cb6816c67e7a1011db2c1232d98
"(3,1,0,0)","(3,1,0,0):iso-00077",a56c832e6f430e50ab6edb7b8704ecc499ffdd216d36e88d95a157b40ca65ea7,9,d9671739642f4b0dd90a4f9496275d3abad185754cc1437dc332a614050e6a98
"(3,1,0,0)","(3,1,0,0):iso-00077",a56c832e6f430e50ab6edb7b8704ecc499ffdd216d36e88d95a157b40ca65ea7,9,5cf1d2a07b4da1d08d0b54631ec080fe418ec5a866a1193874f8de1cc7ca9d98
"(3,1,0,0)","(3,1,0,0):iso-00077",a56c832e6f430e50ab6edb7b8704ecc499ffdd216d36e88d95a157b40ca65ea7,9,12b5c6fea316269e0cf2680c6c5269bd747cc53aeac195c52ba14e34c6ae4874
"(3,1,0,0)","(3,1,0,0):iso-00078",f3a6f60b5f880e2b80bdcde783cd7b5ed0b9a89975dc36064543eaab5750713f,9,f3a6f60b5f880e2b80bdcde783cd7b5ed0b9a89975dc36064543eaab5750713f
"(3,1,0,0)","(3,1,0,0):iso-00078",f3a6f60b5f880e2b80bdcde783cd7b5ed0b9a89975dc36064543eaab5750713f,9,5cad5e7debd22b9f800639d83fc23d88ac9f50a14ad407a8cccdc6eceb2ceb80
"(3,1,0,0)","(3,1,0,0):iso-00078",f3a6f60b5f880e2b80bdcde783cd7b5ed0b9a89975dc36064543eaab5750713f,9,9da7fc72bf3f3e2fe6aa44e6760545cbbb59f892663baaca7af931e2f8de06c0
"(3,1,0,0)","(3,1,0,0):iso-00078",f3a6f60b5f880e2b80bdcde783cd7b5ed0b9a89975dc36064543eaab5750713f,9,ac6e50bfa5cfc26bd4eca0a0942d25cb72b940b57d2f0b09214a6ab57ff0e640
"(3,1,0,0)","(3,1,0,0):iso-00078",f3a6f60b5f880e2b80bdcde783cd7b5ed0b9a89975dc36064543eaab5750713f,9,92d60d606185606623ea5a5664e0d8d96d0bb8d0f0e30fc6b6bdc2d5886fc479
"(3,1,0,0)","(3,1,0,0):iso-00078",f3a6f60b5f880e2b80bdcde783cd7b5ed0b9a89975dc36064543eaab5750713f,9,e148f17f607362f73f0ad50100c4cb017f310821e5524b2f25ab30bd252f08e2
"(3,1,0,0)","(3,1,0,0):iso-00078",f3a6f60b5f880e2b80bdcde783cd7b5ed0b9a89975dc36064543eaab5750713f,9,651ab5065e896f7a524f3285f30ad1292d17e4efccd7856b75735ee8836d115f
"(3,1,0,0)","(3,1,0,0):iso-00078",f3a6f60b5f880e2b80bdcde783cd7b5ed0b9a89975dc36064543eaab5750713f,9,b0e5c7f67ba51e39538d9ec24538217ede81b61b2564fa66787f856b77317a0a
"(3,1,0,0)","(3,1,0,0):iso-00078",f3a6f60b5f880e2b80bdcde783cd7b5ed0b9a89975dc36064543eaab5750713f,9,1b3dd25d065c485a68ca03b80bcc147ee4dc837fc6d3b7d9fa7bfa4577aa9a3b
"(3,1,0,0)","(3,1,0,0):iso-00079",56cd46945a11bd4214a4af076065c805c7b4de5a2f7f07cbf1436f09104a22f0,6,56cd46945a11bd4214a4af076065c805c7b4de5a2f7f07cbf1436f09104a22f0
"(3,1,0,0)","(3,1,0,0):iso-00079",56cd46945a11bd4214a4af076065c805c7b4de5a2f7f07cbf1436f09104a22f0,6,0202053c6ce5b51cce5a1256c7847141778ec2ce683f9302e53ef747204d142f
"(3,1,0,0)","(3,1,0,0):iso-00079",56cd46945a11bd4214a4af076065c805c7b4de5a2f7f07cbf1436f09104a22f0,6,28c831ebf78fcd01022fa994c06a2932f19392d423a5d9f3f29a012aea807d07
"(3,1,0,0)","(3,1,0,0):iso-00079",56cd46945a11bd4214a4af076065c805c7b4de5a2f7f07cbf1436f09104a22f0,6,dbcbfbe3d90a382da3f95e277b1aa11d8aa216152f10a19ad433e83b3f3abdc1
"(3,1,0,0)","(3,1,0,0):iso-00079",56cd46945a11bd4214a4af076065c805c7b4de5a2f7f07cbf1436f09104a22f0,6,7f5b83f844e7d8a0f8e1fdd76b2b304d855635ada788a696b553faa611644bad
"(3,1,0,0)","(3,1,0,0):iso-00079",56cd46945a11bd4214a4af076065c805c7b4de5a2f7f07cbf1436f09104a22f0,6,f7dc0d72a4049d22826e28a043920eaab41d13cee4326d6aa7ecebd05952067e
"(3,1,0,0)","(3,1,0,0):iso-00080",800416847ec0c8c00342410ae8f5fc39b4228d67c33ed5fb2191b42e5cd7d7e1,1,800416847ec0c8c00342410ae8f5fc39b4228d67c33ed5fb2191b42e5cd7d7e1
"(3,1,0,0)","(3,1,0,0):iso-00081",726aa81c0baf538c13a5e292667db36363da97991c9dbc6a3bc70aa3a9cc4664,3,726aa81c0baf538c13a5e292667db36363da97991c9dbc6a3bc70aa3a9cc4664
"(3,1,0,0)","(3,1,0,0):iso-00081",726aa81c0baf538c13a5e292667db36363da97991c9dbc6a3bc70aa3a9cc4664,3,6065055475e3c068e16220631c994631b0d3463d1a2af6e82cfa9bb40e46e3e8
"(3,1,0,0)","(3,1,0,0):iso-00081",726aa81c0baf538c13a5e292667db36363da97991c9dbc6a3bc70aa3a9cc4664,3,029934c1bc994a5864f0eb93e4f27866e9b16f8d211a4e7c48ada04a95b03e6f
"(3,1,0,0)","(3,1,0,0):iso-00082",f747be9669caf5aecb7d314abc4dc7092f8452519a7c15345009c6ab9fa1ac42,3,f747be9669caf5aecb7d314abc4dc7092f8452519a7c15345009c6ab9fa1ac42
"(3,1,0,0)","(3,1,0,0):iso-00082",f747be9669caf5aecb7d314abc4dc7092f8452519a7c15345009c6ab9fa1ac42,3,2e4d995beae686bbaa2b019f7dc1e04ceb3049464084de3c3414d092de91de71
"(3,1,0,0)","(3,1,0,0):iso-00082",f747be9669caf5aecb7d314abc4dc7092f8452519a7c15345009c6ab9fa1ac42,3,d589edb770ec6ebfa669ce1e6bddfc88e6071939d617f38f41f479427dbb279e
"(3,1,0,0)","(3,1,0,0):iso-00083",74c1c74cde710165e0d65e2752aa5430e8a6c52770efbd84977866f371a7f27d,5,74c1c74cde710165e0d65e2752aa5430e8a6c52770efbd84977866f371a7f27d
"(3,1,0,0)","(3,1,0,0):iso-00083",74c1c74cde710165e0d65e2752aa5430e8a6c52770efbd84977866f371a7f27d,5,b7ad45dace59dde2eeb837b8d8bf9f07a77d4500e2d6296f0120d7ffd39e8fdd
"(3,1,0,0)","(3,1,0,0):iso-00083",74c1c74cde710165e0d65e2752aa5430e8a6c52770efbd84977866f371a7f27d,5,e61d52d69645c8871b1bea56ea1c527b1a3bc64969a93fb0aa4a18092d328955
"(3,1,0,0)","(3,1,0,0):iso-00083",74c1c74cde710165e0d65e2752aa5430e8a6c52770efbd84977866f371a7f27d,5,b62669b9b9075cfaad4750fc45e08c72bcbec0e2842a4e5f5343331733d05e67
"(3,1,0,0)","(3,1,0,0):iso-00083",74c1c74cde710165e0d65e2752aa5430e8a6c52770efbd84977866f371a7f27d,5,081867a104b1b3a3edbad4eb40e6c79d92dbb9bed6fe9c152a4081f287d1e9bb
"(3,1,0,0)","(3,1,0,0):iso-00084",b050255ea16906fc1981288829245cf802e937ec37814362bf0b3cb513885033,7,b050255ea16906fc1981288829245cf802e937ec37814362bf0b3cb513885033
"(3,1,0,0)","(3,1,0,0):iso-00084",b050255ea16906fc1981288829245cf802e937ec37814362bf0b3cb513885033,7,47828350c5d5ff3a83ea23121cd6e4a4a746148ba60dcc42f54066b980201d9d
"(3,1,0,0)","(3,1,0,0):iso-00084",b050255ea16906fc1981288829245cf802e937ec37814362bf0b3cb513885033,7,cd67a8a0e1a3e5a4ec2e9e2bcc239df6f1275b79416d4798c5bc152f7f9b4f2e
"(3,1,0,0)","(3,1,0,0):iso-00084",b050255ea16906fc1981288829245cf802e937ec37814362bf0b3cb513885033,7,c3620b13a274b021bc21c191347b9d8d905d271610a4a1bb7b4e1f241f8401b5
"(3,1,0,0)","(3,1,0,0):iso-00084",b050255ea16906fc1981288829245cf802e937ec37814362bf0b3cb513885033,7,3e761705327a868f9183e15f807fc4c744525d483bb88075a4c3f6d3f3eca21e
"(3,1,0,0)","(3,1,0,0):iso-00084",b050255ea16906fc1981288829245cf802e937ec37814362bf0b3cb513885033,7,ff0db86eab1aa2cca471c92a61398cae3bd2eb051f7c792e52cc428fb6001614
"(3,1,0,0)","(3,1,0,0):iso-00084",b050255ea16906fc1981288829245cf802e937ec37814362bf0b3cb513885033,7,20201497060723ea49fcb260dc9e49f2dabb83985dd9292a6cb8afefeac420d7
"(3,1,0,0)","(3,1,0,0):iso-00085",0b4860734b457318b4fe9849233a71c763370844c5bba7a09ca7cc498211fc1e,14,0b4860734b457318b4fe9849233a71c763370844c5bba7a09ca7cc498211fc1e
"(3,1,0,0)","(3,1,0,0):iso-00085",0b4860734b457318b4fe9849233a71c763370844c5bba7a09ca7cc498211fc1e,14,a5cdd9bc284e6e8a9b6ce4b7346559174eaf7cf1c8931ec2c83f870c41df2d09
"(3,1,0,0)","(3,1,0,0):iso-00085",0b4860734b457318b4fe9849233a71c763370844c5bba7a09ca7cc498211fc1e,14,494cbcce5c55334e77ace022d0859f6954cf414087bc21c4ae27e49232c020e2
"(3,1,0,0)","(3,1,0,0):iso-00085",0b4860734b457318b4fe9849233a71c763370844c5bba7a09ca7cc498211fc1e,14,82d9f4ac47c7041251288807e4eb87e6f506657a5d8dda92d3367293a164d75a
"(3,1,0,0)","(3,1,0,0):iso-00085",0b4860734b457318b4fe9849233a71c763370844c5bba7a09ca7cc498211fc1e,14,34f95baeb31e2cde4ce09b5adfabc181ea7b5b699d5dd1f6a6075ebb99faa445
"(3,1,0,0)","(3,1,0,0):iso-00085",0b4860734b457318b4fe9849233a71c763370844c5bba7a09ca7cc498211fc1e,14,d4532d0cbdc6fb4f56dd67aa8e7ea79e63869214c9c0eec08b8bd10ce7bb7656
"(3,1,0,0)","(3,1,0,0):iso-00085",0b4860734b457318b4fe9849233a71c763370844c5bba7a09ca7cc498211fc1e,14,de03fe6588cacbeea1244c24022a9534492682fba7469b124d7b3629e1f6bda7
"(3,1,0,0)","(3,1,0,0):iso-00085",0b4860734b457318b4fe9849233a71c763370844c5bba7a09ca7cc498211fc1e,14,6f49da367fdda636ae0bb3112a32a35baa90c03bc9ff2adedd9a5fa5f84959e9
"(3,1,0,0)","(3,1,0,0):iso-00085",0b4860734b457318b4fe9849233a71c763370844c5bba7a09ca7cc498211fc1e,14,889925ce9d02c4eeb42d3e6aca236aacb4381298dddabc675349aa3f44ed81c9
"(3,1,0,0)","(3,1,0,0):iso-00085",0b4860734b457318b4fe9849233a71c763370844c5bba7a09ca7cc498211fc1e,14,9f88feffdacc4510dbf1cdaa53b666ac726ab702710443074aa926c44e4480ce
"(3,1,0,0)","(3,1,0,0):iso-00085",0b4860734b457318b4fe9849233a71c763370844c5bba7a09ca7cc498211fc1e,14,baccdfc716b34c5e30b89d1c01182f0004f074bd29df4305336b9cd7f1bbd691
"(3,1,0,0)","(3,1,0,0):iso-00085",0b4860734b457318b4fe9849233a71c763370844c5bba7a09ca7cc498211fc1e,14,ae82c0399152af9469baea1dc5e72f958d86c879a9d1380c252e1920c073b5f6
"(3,1,0,0)","(3,1,0,0):iso-00085",0b4860734b457318b4fe9849233a71c763370844c5bba7a09ca7cc498211fc1e,14,96dc232ee25d03ac48c8cba5c4f004b0623a4ab4d5dfbd721086adbefc3f730b
"(3,1,0,0)","(3,1,0,0):iso-00085",0b4860734b457318b4fe9849233a71c763370844c5bba7a09ca7cc498211fc1e,14,83caf964edfb220c85108c3a3e1ab1208caa03351df9e88ed46b36f1fcf1d01b
"(3,1,0,0)","(3,1,0,0):iso-00086",27bcecf91b92c65f3860f15ebafda6144f910b18e30fa862cea0af7bf01f0e3e,4,27bcecf91b92c65f3860f15ebafda6144f910b18e30fa862cea0af7bf01f0e3e
"(3,1,0,0)","(3,1,0,0):iso-00086",27bcecf91b92c65f3860f15ebafda6144f910b18e30fa862cea0af7bf01f0e3e,4,8442b63a20d37d9553cfcd85f42eee212963fa2799eecfd93f7b46826394ecc9
"(3,1,0,0)","(3,1,0,0):iso-00086",27bcecf91b92c65f3860f15ebafda6144f910b18e30fa862cea0af7bf01f0e3e,4,47cfab3cfd8d8b1037cdcd44e2eb60f1249696ababa25f6d3e3e88cbe117bd62
"(3,1,0,0)","(3,1,0,0):iso-00086",27bcecf91b92c65f3860f15ebafda6144f910b18e30fa862cea0af7bf01f0e3e,4,f2c059e10909695a05278b834f25d84aee9c590d132a25802e9971600bd5943c
"(3,1,0,0)","(3,1,0,0):iso-00087",f9da870d01ea8dc1f5e3199be13df1798ac058b1af2a1501251006b903991869,26,f9da870d01ea8dc1f5e3199be13df1798ac058b1af2a1501251006b903991869
"(3,1,0,0)","(3,1,0,0):iso-00087",f9da870d01ea8dc1f5e3199be13df1798ac058b1af2a1501251006b903991869,26,0c44876f78abaa00bbf48051ad15ebd905d36e69b4400367cb766bdffefe98df
"(3,1,0,0)","(3,1,0,0):iso-00087",f9da870d01ea8dc1f5e3199be13df1798ac058b1af2a1501251006b903991869,26,06d5454c38fd201737af0198f105b0f4eb039dd419774711180fa74ff874945b
"(3,1,0,0)","(3,1,0,0):iso-00087",f9da870d01ea8dc1f5e3199be13df1798ac058b1af2a1501251006b903991869,26,896071982935cf1a2b773558829073a3c6315ea315ec2e7d5619f25a9e53e4f8
"(3,1,0,0)","(3,1,0,0):iso-00087",f9da870d01ea8dc1f5e3199be13df1798ac058b1af2a1501251006b903991869,26,ef2597ae6237990fb97db3afd8b0c289e6c1c821078173fe9d885b72d99d707d
"(3,1,0,0)","(3,1,0,0):iso-00087",f9da870d01ea8dc1f5e3199be13df1798ac058b1af2a1501251006b903991869,26,4064fe60ff298f36d72a871df4aefade53d96e33c4d4db06cc92ed329b48986a
"(3,1,0,0)","(3,1,0,0):iso-00087",f9da870d01ea8dc1f5e3199be13df1798ac058b1af2a1501251006b903991869,26,c3a78f51f369b5a3b3c0be8100d5ba90fad6af0b76a02126b19b323e4a21dd23
"(3,1,0,0)","(3,1,0,0):iso-00087",f9da870d01ea8dc1f5e3199be13df1798ac058b1af2a1501251006b903991869,26,39af78b5fc28de7e597cbd0e670cba305b6e1fbb61fe2df99cc1205f96d67a60
"(3,1,0,0)","(3,1,0,0):iso-00087",f9da870d01ea8dc1f5e3199be13df1798ac058b1af2a1501251006b903991869,26,2d9ee7829706dee6686fad0cecad5212f0d2f7c532a55d9dcad37d0127838bcd
"(3,1,0,0)","(3,1,0,0):iso-00087",f9da870d01ea8dc1f5e3199be13df1798ac058b1af2a1501251006b903991869,26,0a8e22bfa683c2281e9716033fe52a4df0f868c8ac851d0113d6f1554a8c1faf
"(3,1,0,0)","(3,1,0,0):iso-00087",f9da870d01ea8dc1f5e3199be13df1798ac058b1af2a1501251006b903991869,26,856f9d2e4892e624a9a8adead62feaba1fd64080f253176a8d482572bd3b011f
"(3,1,0,0)","(3,1,0,0):iso-00087",f9da870d01ea8dc1f5e3199be13df1798ac058b1af2a1501251006b903991869,26,ed91b8f937e0a0af6b0382ac3d00bf0ca3e58f06239a8cdfc6ee0a0414b1939f
"(3,1,0,0)","(3,1,0,0):iso-00087",f9da870d01ea8dc1f5e3199be13df1798ac058b1af2a1501251006b903991869,26,7bb4ad16b238e79813d05bd5a329cade4009e3d429ea4f9a9b2e861f340ec2ab
"(3,1,0,0)","(3,1,0,0):iso-00087",f9da870d01ea8dc1f5e3199be13df1798ac058b1af2a1501251006b903991869,26,1f40c22d114849ee620e9c132493329dbe75e754cda1b4e0ca5a0e0cb3b07913
"(3,1,0,0)","(3,1,0,0):iso-00087",f9da870d01ea8dc1f5e3199be13df1798ac058b1af2a1501251006b903991869,26,32528930e90bad21968aa7a7746490e4e009926ec6699a3970d53089112d7dc2
"(3,1,0,0)","(3,1,0,0):iso-00087",f9da870d01ea8dc1f5e3199be13df1798ac058b1af2a1501251006b903991869,26,c0abb078b075e3570bb84a025b3cb099b527db30708563a9ce089cfcd0a5e825
"(3,1,0,0)","(3,1,0,0):iso-00087",f9da870d01ea8dc1f5e3199be13df1798ac058b1af2a1501251006b903991869,26,b3caa9eb04fbffa59ca67c58b37df9251ee8c6bbd652447e5615628a1853bbdf
"(3,1,0,0)","(3,1,0,0):iso-00087",f9da870d01ea8dc1f5e3199be13df1798ac058b1af2a1501251006b903991869,26,cf51531ac0f7169f7aba6fbdab7460d1e943bef44d442e24c7573fa2dcda37f5
"(3,1,0,0)","(3,1,0,0):iso-00087",f9da870d01ea8dc1f5e3199be13df1798ac058b1af2a1501251006b903991869,26,6e478b50f0359a075d0806dcadf65eb2b5ebfc63b8b5dfcc3c2f8596f2f30904
"(3,1,0,0)","(3,1,0,0):iso-00087",f9da870d01ea8dc1f5e3199be13df1798ac058b1af2a1501251006b903991869,26,f423d18f80c9d23f8f9fe64b70645e6a0a8a8391067e609f5f135e25b30c4fd4
"(3,1,0,0)","(3,1,0,0):iso-00087",f9da870d01ea8dc1f5e3199be13df1798ac058b1af2a1501251006b903991869,26,cc862a848d76dce63e1115ee25014da35489cd4ef3658af10f6e01bc13cc2f2e
"(3,1,0,0)","(3,1,0,0):iso-00087",f9da870d01ea8dc1f5e3199be13df1798ac058b1af2a1501251006b903991869,26,449ed93aa2467d138dc5d4baaecafd15c1a9438f298aead5b31f52ffb53cfe1f
"(3,1,0,0)","(3,1,0,0):iso-00087",f9da870d01ea8dc1f5e3199be13df1798ac058b1af2a1501251006b903991869,26,db68052b2ed278c3082dde3b6bfb974bdb3df039ecd8c6862607a490a68df0ea
"(3,1,0,0)","(3,1,0,0):iso-00087",f9da870d01ea8dc1f5e3199be13df1798ac058b1af2a1501251006b903991869,26,ee86e73af5a37239488eafa78543f8621e47d713f93751b56c0a2a513954f7c7
"(3,1,0,0)","(3,1,0,0):iso-00087",f9da870d01ea8dc1f5e3199be13df1798ac058b1af2a1501251006b903991869,26,f4f0d9cfc483afb332cd0ae0fc71f6fe636bc88495a9e227dfac96dbe4cf9f44
"(3,1,0,0)","(3,1,0,0):iso-00087",f9da870d01ea8dc1f5e3199be13df1798ac058b1af2a1501251006b903991869,26,06ab5b24b652e87e9c1156f2ae637255feb2b90de221dfdfa668c6bfa93e9a70
"(3,1,0,0)","(3,1,0,0):iso-00088",6517e1c05842f9ee241805462d74187e85236d821e5a8e11852c1aaf4da858f7,5,6517e1c05842f9ee241805462d74187e85236d821e5a8e11852c1aaf4da858f7
"(3,1,0,0)","(3,1,0,0):iso-00088",6517e1c05842f9ee241805462d74187e85236d821e5a8e11852c1aaf4da858f7,5,52b53ca32a5cf2582ddfc69b4397c0dc6140a8982342614298aff96c262ae431
"(3,1,0,0)","(3,1,0,0):iso-00088",6517e1c05842f9ee241805462d74187e85236d821e5a8e11852c1aaf4da858f7,5,84c98eceb88f24e65adc3fd59716780d9785a897d88890d92060024057ec3d9d
"(3,1,0,0)","(3,1,0,0):iso-00088",6517e1c05842f9ee241805462d74187e85236d821e5a8e11852c1aaf4da858f7,5,d7a61dc75f154116b6e09063494fa2c7855ab5575efc7ac902655c9e06859864
"(3,1,0,0)","(3,1,0,0):iso-00088",6517e1c05842f9ee241805462d74187e85236d821e5a8e11852c1aaf4da858f7,5,39342afe5e6ad2cbc8b25c757cbf0f7e196418e3ccbf940256caff2508ea3c64
"(3,1,0,0)","(3,1,0,0):iso-00089",d9b6f1b8ab084acc2cb6a13b90054c85d7584976c3decbf9345c74c60fbeb26b,1,d9b6f1b8ab084acc2cb6a13b90054c85d7584976c3decbf9345c74c60fbeb26b
"(3,1,0,0)","(3,1,0,0):iso-00090",36feeb8d8ed143253b5d7b8caecd2135e7ae250683e729dc68eaf7d763a3ae28,1,36feeb8d8ed143253b5d7b8caecd2135e7ae250683e729dc68eaf7d763a3ae28
"(3,1,0,0)","(3,1,0,0):iso-00091",d9549403a30260da6099ed50e5de2a8eb13b45856dee158ce6389988fac2f4d5,2,d9549403a30260da6099ed50e5de2a8eb13b45856dee158ce6389988fac2f4d5
"(3,1,0,0)","(3,1,0,0):iso-00091",d9549403a30260da6099ed50e5de2a8eb13b45856dee158ce6389988fac2f4d5,2,65743ad1afa75c70de237b5d6149b7311f479f26cb5b622a34a99fddf6388722
"(3,1,0,0)","(3,1,0,0):iso-00092",bdd39756f57ffe008064c7e5e0b5dc19bf58c79b24c4a044f4c83d17962a77b0,1,bdd39756f57ffe008064c7e5e0b5dc19bf58c79b24c4a044f4c83d17962a77b0
"(3,1,0,0)","(3,1,0,0):iso-00093",fd9438b0bcfc1525b4ad3aa11cbb2aac9951449f188baf04c7951616e61a2ff1,1,fd9438b0bcfc1525b4ad3aa11cbb2aac9951449f188baf04c7951616e61a2ff1
"(3,1,0,0)","(3,1,0,0):iso-00094",91de4c2d995e86a34813bbf4954b197e18fb590d673832292e8a70a62f51b70e,2,91de4c2d995e86a34813bbf4954b197e18fb590d673832292e8a70a62f51b70e
"(3,1,0,0)","(3,1,0,0):iso-00094",91de4c2d995e86a34813bbf4954b197e18fb590d673832292e8a70a62f51b70e,2,55b00ee99645364cb6d9e1a4c12f90c8cdf12085b53e2860b17f51a77ffab44b
"(3,1,0,0)","(3,1,0,0):iso-00095",b664198f0f0f0c1f74e9d77f9618206109075dfc8e38d0b837790ae6a9343ce1,4,b664198f0f0f0c1f74e9d77f9618206109075dfc8e38d0b837790ae6a9343ce1
"(3,1,0,0)","(3,1,0,0):iso-00095",b664198f0f0f0c1f74e9d77f9618206109075dfc8e38d0b837790ae6a9343ce1,4,faf15e203c3c79d7b3ba67d1d1253fded7fa94f7fb370c7bd7c238f4ff18ca38
"(3,1,0,0)","(3,1,0,0):iso-00095",b664198f0f0f0c1f74e9d77f9618206109075dfc8e38d0b837790ae6a9343ce1,4,69ca85ab0d854cb71668d058557395201c50f5531210a53baae2dbb4b23d5701
"(3,1,0,0)","(3,1,0,0):iso-00095",b664198f0f0f0c1f74e9d77f9618206109075dfc8e38d0b837790ae6a9343ce1,4,2a4128fdce16db31c3754321a35b1b2c49e7d2dbc0f4e2af4158cb31c34f196a
"(3,1,0,0)","(3,1,0,0):iso-00096",5193e1ee376ec6883b7300bd7ac071452e2c23ab2fc66246c969d7e4cee2f943,2,5193e1ee376ec6883b7300bd7ac071452e2c23ab2fc66246c969d7e4cee2f943
"(3,1,0,0)","(3,1,0,0):iso-00096",5193e1ee376ec6883b7300bd7ac071452e2c23ab2fc66246c969d7e4cee2f943,2,b9bc967214d2c6c91de5af39005d57e17e54fb2311519e0b166b42b4af5b955d
"(3,1,0,0)","(3,1,0,0):iso-00097",cdb5a4b419534021fbac51b00fb75319f27333f7bbc15ba7556483fea02e0f54,2,cdb5a4b419534021fbac51b00fb75319f27333f7bbc15ba7556483fea02e0f54
"(3,1,0,0)","(3,1,0,0):iso-00097",cdb5a4b419534021fbac51b00fb75319f27333f7bbc15ba7556483fea02e0f54,2,9612a971e065796370abd4e9b3a96d3018b588d474953c476b0db6a42968d7af
"(3,1,0,0)","(3,1,0,0):iso-00098",f3f329fb2bcdc045dc1208617433c8ef9675e2185ed52c62ac8af7549c6adb98,3,f3f329fb2bcdc045dc1208617433c8ef9675e2185ed52c62ac8af7549c6adb98
"(3,1,0,0)","(3,1,0,0):iso-00098",f3f329fb2bcdc045dc1208617433c8ef9675e2185ed52c62ac8af7549c6adb98,3,ced1787046e8d4386e274196e7f80a2b3a2a705c48b3e090ba3892383826d1a6
"(3,1,0,0)","(3,1,0,0):iso-00098",f3f329fb2bcdc045dc1208617433c8ef9675e2185ed52c62ac8af7549c6adb98,3,7737292f3c554ef06f89867f3114ad5593d07dcb8589edd67634ae521bdb0310
"(3,1,0,0)","(3,1,0,0):iso-00099",8a822d842ecde5b36620f2d709f12ee4acc58987dc71d943606a97a85f6b2272,5,8a822d842ecde5b36620f2d709f12ee4acc58987dc71d943606a97a85f6b2272
"(3,1,0,0)","(3,1,0,0):iso-00099",8a822d842ecde5b36620f2d709f12ee4acc58987dc71d943606a97a85f6b2272,5,9f7a0990e11acfb6602199d576a390955b73a3916f24ccf9fbfc42e0399e1e06
"(3,1,0,0)","(3,1,0,0):iso-00099",8a822d842ecde5b36620f2d709f12ee4acc58987dc71d943606a97a85f6b2272,5,422e9fe0589145968306e79b25ec484d59dcb0899efb6ea9796bc4cfe6ca7346
"(3,1,0,0)","(3,1,0,0):iso-00099",8a822d842ecde5b36620f2d709f12ee4acc58987dc71d943606a97a85f6b2272,5,10f83bc1e8f7422b670359423f2e9299e5415975f4017c3d71a6f65644c05ab2
"(3,1,0,0)","(3,1,0,0):iso-00099",8a822d842ecde5b36620f2d709f12ee4acc58987dc71d943606a97a85f6b2272,5,82844f7bff03c11163a510ee7cd51c59c33ac7aec7820d2ad686cd0576b6e260
"(3,1,0,0)","(3,1,0,0):iso-00100",fcc9300249c9a7244ddfd0a0ece56ff25b12c02e72ed60daee06bfa9076c84ca,3,fcc9300249c9a7244ddfd0a0ece56ff25b12c02e72ed60daee06bfa9076c84ca
"(3,1,0,0)","(3,1,0,0):iso-00100",fcc9300249c9a7244ddfd0a0ece56ff25b12c02e72ed60daee06bfa9076c84ca,3,07d211ca44c7e2378b25a4b4426f1fa4086f5419e1585fac6f145d6bdf411716
"(3,1,0,0)","(3,1,0,0):iso-00100",fcc9300249c9a7244ddfd0a0ece56ff25b12c02e72ed60daee06bfa9076c84ca,3,e15f146f497d0bb866af9da3df7a84bc0bb4eb3007967d1627d6c7426997a130
"(3,1,0,0)","(3,1,0,0):iso-00101",9061caf2be154b5de6bf783c2a4a7b7cea91520832cc322e585eb72970edda18,10,9061caf2be154b5de6bf783c2a4a7b7cea91520832cc322e585eb72970edda18
"(3,1,0,0)","(3,1,0,0):iso-00101",9061caf2be154b5de6bf783c2a4a7b7cea91520832cc322e585eb72970edda18,10,d5aba116d4e3a0c9e4b6cb5d3793587dd72188ea81f85d72155f475c6d36cb6a
"(3,1,0,0)","(3,1,0,0):iso-00101",9061caf2be154b5de6bf783c2a4a7b7cea91520832cc322e585eb72970edda18,10,8f54ce9e5d98b38f12802e1709cc8cd35b32d4f3e22beba160872fde296ab994
"(3,1,0,0)","(3,1,0,0):iso-00101",9061caf2be154b5de6bf783c2a4a7b7cea91520832cc322e585eb72970edda18,10,4336299d99efc5e43fe1d39ee3eb9bcdc5441ca8c12587d15f7a971fc6b43fef
"(3,1,0,0)","(3,1,0,0):iso-00101",9061caf2be154b5de6bf783c2a4a7b7cea91520832cc322e585eb72970edda18,10,a17eb608e30346d1c4f19069c0d13571df39e38d9a3ac0858ac848c3c4112c79
"(3,1,0,0)","(3,1,0,0):iso-00101",9061caf2be154b5de6bf783c2a4a7b7cea91520832cc322e585eb72970edda18,10,89f8b45a2cc767309813d9132e939cd75485451277f1c4bb2b4fd884b01f0e3e
"(3,1,0,0)","(3,1,0,0):iso-00101",9061caf2be154b5de6bf783c2a4a7b7cea91520832cc322e585eb72970edda18,10,55ccf5aac69370023814597bfd3551545dd05c4bbc5a4cc7c3ea38f8e0a27c40
"(3,1,0,0)","(3,1,0,0):iso-00101",9061caf2be154b5de6bf783c2a4a7b7cea91520832cc322e585eb72970edda18,10,ac320d840615f86cfb2bf1ad1dbca4a9e2d3d4422e8ff5930ed9be22c15fa157
"(3,1,0,0)","(3,1,0,0):iso-00101",9061caf2be154b5de6bf783c2a4a7b7cea91520832cc322e585eb72970edda18,10,26f92f564f594e02d92cfdb9e9e00ecc5bff71fa3d6c8a14e8899296ebe59f45
"(3,1,0,0)","(3,1,0,0):iso-00101",9061caf2be154b5de6bf783c2a4a7b7cea91520832cc322e585eb72970edda18,10,a41e9b83b496806a77759fbeba31cc63500a8cea3d44a7680bc4b662f0a57606
"(3,1,0,0)","(3,1,0,0):iso-00102",b9c203ff8aeb5bb4f22925f189fd4613a778b38842b8af1b42f75d0ec1dc6851,3,b9c203ff8aeb5bb4f22925f189fd4613a778b38842b8af1b42f75d0ec1dc6851
"(3,1,0,0)","(3,1,0,0):iso-00102",b9c203ff8aeb5bb4f22925f189fd4613a778b38842b8af1b42f75d0ec1dc6851,3,41836f05606ef92b92a34d5db8ea057b7207862740392763747da72fe49ee628
"(3,1,0,0)","(3,1,0,0):iso-00102",b9c203ff8aeb5bb4f22925f189fd4613a778b38842b8af1b42f75d0ec1dc6851,3,391e503d180afab13d9562a6c6a8745f406b3f4e57f39e81961a22bf39594fd7
"(3,1,0,0)","(3,1,0,0):iso-00103",202e25939552e17e7dc02fe22311befce9038b1c39d8938904f67102e6ba4a23,4,202e25939552e17e7dc02fe22311befce9038b1c39d8938904f67102e6ba4a23
"(3,1,0,0)","(3,1,0,0):iso-00103",202e25939552e17e7dc02fe22311befce9038b1c39d8938904f67102e6ba4a23,4,19c1d89528dd4a821370041262604eb24615a8616568f3cf3c1c4a802e151cec
"(3,1,0,0)","(3,1,0,0):iso-00103",202e25939552e17e7dc02fe22311befce9038b1c39d8938904f67102e6ba4a23,4,ed0917da6e1125c4b1b1fd19ab8ab3742acd728a65dadb57203300b31683fe5f
"(3,1,0,0)","(3,1,0,0):iso-00103",202e25939552e17e7dc02fe22311befce9038b1c39d8938904f67102e6ba4a23,4,3334986ae24d7d3ee7deaa509572e2474889f626963c7da74a7f2ae6c8a0fff4
"(3,1,0,0)","(3,1,0,0):iso-00104",5ccf05cacb43e4b8f28fc0c3a2a33b507c900299dcc9dac5af9d19a0b7803db8,4,5ccf05cacb43e4b8f28fc0c3a2a33b507c900299dcc9dac5af9d19a0b7803db8
"(3,1,0,0)","(3,1,0,0):iso-00104",5ccf05cacb43e4b8f28fc0c3a2a33b507c900299dcc9dac5af9d19a0b7803db8,4,48b3ca4ad56097f29278c9cd329181b7c58202885483d8f1c597a1b5d463ccee
"(3,1,0,0)","(3,1,0,0):iso-00104",5ccf05cacb43e4b8f28fc0c3a2a33b507c900299dcc9dac5af9d19a0b7803db8,4,37f26de5342717a431053202f00fa0a9d5707150b9d10028b86d6223ee9ede4d
"(3,1,0,0)","(3,1,0,0):iso-00104",5ccf05cacb43e4b8f28fc0c3a2a33b507c900299dcc9dac5af9d19a0b7803db8,4,f08e3b6095ba7a575c4bbec79064381a76bca217057271a785a3c4d7b4adc652
"(3,1,0,0)","(3,1,0,0):iso-00105",f60056f2a097b28fda3799d26ade22cdb2370cecdb2b7d3b8bd7fd41e71416c0,2,f60056f2a097b28fda3799d26ade22cdb2370cecdb2b7d3b8bd7fd41e71416c0
"(3,1,0,0)","(3,1,0,0):iso-00105",f60056f2a097b28fda3799d26ade22cdb2370cecdb2b7d3b8bd7fd41e71416c0,2,a02dd731982872ba047ea5941e322f07ab37e874617c13b60f12d1cc0ad279e7
"(3,1,0,0)","(3,1,0,0):iso-00106",4db5e503d41d8e5adc9600f61011acba45dfff96aed5014106111e6e15ac735d,2,4db5e503d41d8e5adc9600f61011acba45dfff96aed5014106111e6e15ac735d
"(3,1,0,0)","(3,1,0,0):iso-00106",4db5e503d41d8e5adc9600f61011acba45dfff96aed5014106111e6e15ac735d,2,db2bd91360170608a7c4486438bd0ab3f6ff3f535eda9aa156c9f02cf414c56e
"(3,1,0,0)","(3,1,0,0):iso-00107",8fb2ad36caeddab64810688529ce2d3b56c3d9f672cc6f131f54adab8c5f1b50,1,8fb2ad36caeddab64810688529ce2d3b56c3d9f672cc6f131f54adab8c5f1b50
"(3,1,0,0)","(3,1,0,0):iso-00108",bc9895865b08cdacf5744c8d3077b318a6f9961dac4822d8ceaf470b62d9cf2b,1,bc9895865b08cdacf5744c8d3077b318a6f9961dac4822d8ceaf470b62d9cf2b
"(3,1,0,0)","(3,1,0,0):iso-00109",673c406fc03a8f3a24e3c92e62d8003fde1d2c1afd293552a548deac496cf179,8,673c406fc03a8f3a24e3c92e62d8003fde1d2c1afd293552a548deac496cf179
"(3,1,0,0)","(3,1,0,0):iso-00109",673c406fc03a8f3a24e3c92e62d8003fde1d2c1afd293552a548deac496cf179,8,10a956c4e4b8234dcaac9caa290239bc9b52f97cbb2144900912302f698f8f83
"(3,1,0,0)","(3,1,0,0):iso-00109",673c406fc03a8f3a24e3c92e62d8003fde1d2c1afd293552a548deac496cf179,8,9a356a500f53f18c3cb26b0d1e88da8c08c870ec1c3c4232b52a06f06b59f3a7
"(3,1,0,0)","(3,1,0,0):iso-00109",673c406fc03a8f3a24e3c92e62d8003fde1d2c1afd293552a548deac496cf179,8,5f0fa33e6f21f51f19cbd491d796d252687eafa0ad005de48679f951242b730b
"(3,1,0,0)","(3,1,0,0):iso-00109",673c406fc03a8f3a24e3c92e62d8003fde1d2c1afd293552a548deac496cf179,8,d0b800a793089f8351e4feeb5e06a0d5fc0d87f06484987a70b84a6878f935ef
"(3,1,0,0)","(3,1,0,0):iso-00109",673c406fc03a8f3a24e3c92e62d8003fde1d2c1afd293552a548deac496cf179,8,2dc4237d5128c8e3a4ff828960e1f31e172508e737fb34a0de5fa75b42a41891
"(3,1,0,0)","(3,1,0,0):iso-00109",673c406fc03a8f3a24e3c92e62d8003fde1d2c1afd293552a548deac496cf179,8,9374d145b33bde21ea7d045b3cb383861f300339571eca4dab8204f3b79b0f09
"(3,1,0,0)","(3,1,0,0):iso-00109",673c406fc03a8f3a24e3c92e62d8003fde1d2c1afd293552a548deac496cf179,8,eccdf7a92e6c9d0b3226f256de2e62506131d7438a56d6e4fc8b6bf1041fe9ef
"(3,1,0,0)","(3,1,0,0):iso-00110",803fa93ea12c1ca10fd4e93cdde7cd85202dc7742a61ce5a90e5494754e3e189,9,803fa93ea12c1ca10fd4e93cdde7cd85202dc7742a61ce5a90e5494754e3e189
"(3,1,0,0)","(3,1,0,0):iso-00110",803fa93ea12c1ca10fd4e93cdde7cd85202dc7742a61ce5a90e5494754e3e189,9,4932b41c77bfd81810778c20a8eb513906b0e6e862ef92adf0882207a11ed21d
"(3,1,0,0)","(3,1,0,0):iso-00110",803fa93ea12c1ca10fd4e93cdde7cd85202dc7742a61ce5a90e5494754e3e189,9,eafd4d3ade5a7ecd3b84dc31e0964d865679ae6844622a8383da530146487bea
"(3,1,0,0)","(3,1,0,0):iso-00110",803fa93ea12c1ca10fd4e93cdde7cd85202dc7742a61ce5a90e5494754e3e189,9,3f7cd8f9f541ef62a8e938565fd35f6bc0faa83f0fb5bcf78f2781503046d924
"(3,1,0,0)","(3,1,0,0):iso-00110",803fa93ea12c1ca10fd4e93cdde7cd85202dc7742a61ce5a90e5494754e3e189,9,613ce7f66d5c97a6bcaafc3e7a8cde276cba4c14a1a7723e5f81c7d500e2ea1f
"(3,1,0,0)","(3,1,0,0):iso-00110",803fa93ea12c1ca10fd4e93cdde7cd85202dc7742a61ce5a90e5494754e3e189,9,2afaf49d64cf8b116d27b74c44a63877cc64451175ec962b2e015c7e3e2444b7
"(3,1,0,0)","(3,1,0,0):iso-00110",803fa93ea12c1ca10fd4e93cdde7cd85202dc7742a61ce5a90e5494754e3e189,9,af75c5d1b02f311b80f7f13b40119ec7d40d8d574f487247a765d6751275c232
"(3,1,0,0)","(3,1,0,0):iso-00110",803fa93ea12c1ca10fd4e93cdde7cd85202dc7742a61ce5a90e5494754e3e189,9,6b8d34108a51a27164171c21b4dc1b37b95d2fd61c8d25acd8fde1a9813d1896
"(3,1,0,0)","(3,1,0,0):iso-00110",803fa93ea12c1ca10fd4e93cdde7cd85202dc7742a61ce5a90e5494754e3e189,9,35854d3ff93e05b6bb372fe3e9300f1dacc20d1862981ebdb62229db43f6a8fb
"(3,1,0,0)","(3,1,0,0):iso-00111",d4c5fb450ef53ac9967a22d7d357761a485263211ceb73aff519c7e766c59f57,1,d4c5fb450ef53ac9967a22d7d357761a485263211ceb73aff519c7e766c59f57
"(3,1,0,0)","(3,1,0,0):iso-00112",267e0a598903e14a47494fa3108e5ea1106d8f8114406efec097d95385d0fdc9,1,267e0a598903e14a47494fa3108e5ea1106d8f8114406efec097d95385d0fdc9
"(3,1,0,0)","(3,1,0,0):iso-00113",3819d7f5dfa12fa374d33f513c46499c1c8e59019e5ac6aa972aedbe55ef081e,6,3819d7f5dfa12fa374d33f513c46499c1c8e59019e5ac6aa972aedbe55ef081e
"(3,1,0,0)","(3,1,0,0):iso-00113",3819d7f5dfa12fa374d33f513c46499c1c8e59019e5ac6aa972aedbe55ef081e,6,73a208f159b0656a8fe6a0bfcb7e43c4bd908e93b52dad232a89e3608ae87641
"(3,1,0,0)","(3,1,0,0):iso-00113",3819d7f5dfa12fa374d33f513c46499c1c8e59019e5ac6aa972aedbe55ef081e,6,1e1397281b8cf47df469a1f6f63942c22295154ac5295910646281507bf125b2
"(3,1,0,0)","(3,1,0,0):iso-00113",3819d7f5dfa12fa374d33f513c46499c1c8e59019e5ac6aa972aedbe55ef081e,6,63414a241ce01ed13d05da345e1e858f1376597ec2d988414ed2a8478d399eec
"(3,1,0,0)","(3,1,0,0):iso-00113",3819d7f5dfa12fa374d33f513c46499c1c8e59019e5ac6aa972aedbe55ef081e,6,f476008b12e6fc5bb37bdb1ca95de9be4276db1c45af5f6a4af66981a48c667a
"(3,1,0,0)","(3,1,0,0):iso-00113",3819d7f5dfa12fa374d33f513c46499c1c8e59019e5ac6aa972aedbe55ef081e,6,80c61ddd8815521bc6cf2a9dcb55aaf20a71a65845e99358d2b03fafbc07559c
"(3,1,0,0)","(3,1,0,0):iso-00114",9022ff4ed5597163490b2a54940fbdae58fa21e07a21ec9df765932d55785a49,1,9022ff4ed5597163490b2a54940fbdae58fa21e07a21ec9df765932d55785a49
"(3,1,0,0)","(3,1,0,0):iso-00115",845f450ab990e704119d0d0b0443d30456bd36444256153ed40019b76070cd80,1,845f450ab990e704119d0d0b0443d30456bd36444256153ed40019b76070cd80
"(3,1,0,0)","(3,1,0,0):iso-00116",873f084eb4734e269eab529220d2f47449d39a8a17bc5b8de6067792ce3d383a,1,873f084eb4734e269eab529220d2f47449d39a8a17bc5b8de6067792ce3d383a
"(3,1,0,0)","(3,1,0,0):iso-00117",42e47c68fa940af747759293baa7d6ca17bca8743475698c3dfbb49ba67b395f,1,42e47c68fa940af747759293baa7d6ca17bca8743475698c3dfbb49ba67b395f
"(3,1,0,0)","(3,1,0,0):iso-00118",3458bdd7afe0649021e4643d3491f7e59da822d130e5f129ca5ef946e3aaff34,3,3458bdd7afe0649021e4643d3491f7e59da822d130e5f129ca5ef946e3aaff34
"(3,1,0,0)","(3,1,0,0):iso-00118",3458bdd7afe0649021e4643d3491f7e59da822d130e5f129ca5ef946e3aaff34,3,9dfcf1e826e7e2069588db87f3e13e126867cd5fb3229ae6c63bb2e2f8dd3abf
"(3,1,0,0)","(3,1,0,0):iso-00118",3458bdd7afe0649021e4643d3491f7e59da822d130e5f129ca5ef946e3aaff34,3,a4b9b09b56d6cdedc1289c802273921f47e755a61010a77655be10ec0033a1a6
"(3,1,0,0)","(3,1,0,0):iso-00119",998e79ae383a5811df3fe7d493bf98f97be5c920fed8423ac9b4f624a0d87464,4,998e79ae383a5811df3fe7d493bf98f97be5c920fed8423ac9b4f624a0d87464
"(3,1,0,0)","(3,1,0,0):iso-00119",998e79ae383a5811df3fe7d493bf98f97be5c920fed8423ac9b4f624a0d87464,4,e8ffff287cb40dda744626dc7107b866c21390b84a85c948365736ecc6719057
"(3,1,0,0)","(3,1,0,0):iso-00119",998e79ae383a5811df3fe7d493bf98f97be5c920fed8423ac9b4f624a0d87464,4,369c51678fff7d5c71fd20c39a40dc98388e6dc7adc5fd662a3f6fbf927ddfcc
"(3,1,0,0)","(3,1,0,0):iso-00119",998e79ae383a5811df3fe7d493bf98f97be5c920fed8423ac9b4f624a0d87464,4,7d8a7b83a354e6d3f8c64b939490ef52334dc8945d8597b64cf68bc8e0406874
"(3,1,0,0)","(3,1,0,0):iso-00120",f86982b7470d06f1ccc89b186791cdecb68a843412174a0c867a8c713e3d06df,4,f86982b7470d06f1ccc89b186791cdecb68a843412174a0c867a8c713e3d06df
"(3,1,0,0)","(3,1,0,0):iso-00120",f86982b7470d06f1ccc89b186791cdecb68a843412174a0c867a8c713e3d06df,4,1976e04b3718910bc8bd0772e6a2f635763311fc57b27d6c4aa895860abccb81
"(3,1,0,0)","(3,1,0,0):iso-00120",f86982b7470d06f1ccc89b186791cdecb68a843412174a0c867a8c713e3d06df,4,972dd763bd9ddcf9f36e856d2d4f4f66c3522376b69c4aee1f40e75862139c58
"(3,1,0,0)","(3,1,0,0):iso-00120",f86982b7470d06f1ccc89b186791cdecb68a843412174a0c867a8c713e3d06df,4,430335773d2469d84f083dea256a331673f9d0f26050eb0fb05ee5b1e314a4b8
"(3,1,0,0)","(3,1,0,0):iso-00121",1d6d21a12869f182767781cb16159ac3b417962978625cc81b0a0518eda5ca1e,2,1d6d21a12869f182767781cb16159ac3b417962978625cc81b0a0518eda5ca1e
"(3,1,0,0)","(3,1,0,0):iso-00121",1d6d21a12869f182767781cb16159ac3b417962978625cc81b0a0518eda5ca1e,2,bbb1fc79727d26ffd40d80143360b25f56c72016c5083b0095d61a6cf2b0bd25
"(3,1,0,0)","(3,1,0,0):iso-00122",391073573687ec70982a0bd3867f54f6297d83dc4e36fc7470e18d9e74490e4e,4,391073573687ec70982a0bd3867f54f6297d83dc4e36fc7470e18d9e74490e4e
"(3,1,0,0)","(3,1,0,0):iso-00122",391073573687ec70982a0bd3867f54f6297d83dc4e36fc7470e18d9e74490e4e,4,29b789e9c50a168782b4ac15db4687b8a1e34aa9620f31f7bc421375f648dd59
"(3,1,0,0)","(3,1,0,0):iso-00122",391073573687ec70982a0bd3867f54f6297d83dc4e36fc7470e18d9e74490e4e,4,3ffc93577b4ac6e34b802c32addd5290a804b07642bec461a38a19ddbac60b89
"(3,1,0,0)","(3,1,0,0):iso-00122",391073573687ec70982a0bd3867f54f6297d83dc4e36fc7470e18d9e74490e4e,4,762afe995269d6abe979eebc9d44094076e4681a0c2aa6e4e1dad0bc0581db18
"(3,1,0,0)","(3,1,0,0):iso-00123",7fe01f2196362b95705c915a531af20b9c19953fc125b630091b6147abe10567,2,7fe01f2196362b95705c915a531af20b9c19953fc125b630091b6147abe10567
"(3,1,0,0)","(3,1,0,0):iso-00123",7fe01f2196362b95705c915a531af20b9c19953fc125b630091b6147abe10567,2,60a5846afa3750d65973e9938cd386349be990660ea430a23f1de8bac1f6ccbc
"(3,1,0,0)","(3,1,0,0):iso-00124",f810c62ece44d1a125eeab8a3b038705702290d709beb0c38bbc3b762f991bc1,13,f810c62ece44d1a125eeab8a3b038705702290d709beb0c38bbc3b762f991bc1
"(3,1,0,0)","(3,1,0,0):iso-00124",f810c62ece44d1a125eeab8a3b038705702290d709beb0c38bbc3b762f991bc1,13,fd7de337e9dd8cd512ae90ffbce6de27344bf9f1c072b6982a1027ab9e8de5b1
"(3,1,0,0)","(3,1,0,0):iso-00124",f810c62ece44d1a125eeab8a3b038705702290d709beb0c38bbc3b762f991bc1,13,f9208cbb247cf5055c9d1a290b565e1418dd73f0b68870a7a92144f672b80e5f
"(3,1,0,0)","(3,1,0,0):iso-00124",f810c62ece44d1a125eeab8a3b038705702290d709beb0c38bbc3b762f991bc1,13,a755106ea9c94f32872ff1789cd36c8a42ae0f3cacb2ea71febda5ba2dd75c22
"(3,1,0,0)","(3,1,0,0):iso-00124",f810c62ece44d1a125eeab8a3b038705702290d709beb0c38bbc3b762f991bc1,13,fa2f78e060c1229280f329f3b72a6ed701c7753bf15d4481d8fd805881ff6b8e
"(3,1,0,0)","(3,1,0,0):iso-00124",f810c62ece44d1a125eeab8a3b038705702290d709beb0c38bbc3b762f991bc1,13,024ac1d39182f4ef6f6c90442efba50a97c75b10c853d7a35e863674b4fd3e3f
"(3,1,0,0)","(3,1,0,0):iso-00124",f810c62ece44d1a125eeab8a3b038705702290d709beb0c38bbc3b762f991bc1,13,9d2a44fdc06447ea06e3337a47e00bfebb6359dc4218250854aa449d3424353a
"(3,1,0,0)","(3,1,0,0):iso-00124",f810c62ece44d1a125eeab8a3b038705702290d709beb0c38bbc3b762f991bc1,13,96ff96a7583f457f3456745c521ff4a4438b1f2987a01963e85c205333c95d06
"(3,1,0,0)","(3,1,0,0):iso-00124",f810c62ece44d1a125eeab8a3b038705702290d709beb0c38bbc3b762f991bc1,13,7ac99b0b1b08fbc012348dd8d1883d5ff1cf95f2073fcf03d1b1b88d73070c2f
"(3,1,0,0)","(3,1,0,0):iso-00124",f810c62ece44d1a125eeab8a3b038705702290d709beb0c38bbc3b762f991bc1,13,a635b0e34973af64a51044e84468de3fb2283c01a69b8fa9d9ea2ee121c988c3
"(3,1,0,0)","(3,1,0,0):iso-00124",f810c62ece44d1a125eeab8a3b038705702290d709beb0c38bbc3b762f991bc1,13,300ab6bcdc04cb6709375095bb78c25d2f303119bdfb568f6020145b7c2cb1f6
"(3,1,0,0)","(3,1,0,0):iso-00124",f810c62ece44d1a125eeab8a3b038705702290d709beb0c38bbc3b762f991bc1,13,0f8eb192cd2c3b696d7d720fb23113837d6d21412871f607928da4529f32cec2
"(3,1,0,0)","(3,1,0,0):iso-00124",f810c62ece44d1a125eeab8a3b038705702290d709beb0c38bbc3b762f991bc1,13,be6a32addca2926dcdc6aa7a3a29ac56b68c56ec6e69cb1105beb6fda30e7804
"(3,1,0,0)","(3,1,0,0):iso-00125",1602612f891a0bb2ce7ee3a55043ac1fe9ac90308000311d5b5be75b17312999,6,1602612f891a0bb2ce7ee3a55043ac1fe9ac90308000311d5b5be75b17312999
"(3,1,0,0)","(3,1,0,0):iso-00125",1602612f891a0bb2ce7ee3a55043ac1fe9ac90308000311d5b5be75b17312999,6,1d63c75174367294cfa59bcac41fc881f85dce063718e3d9b238f21ae0dcba0d
"(3,1,0,0)","(3,1,0,0):iso-00125",1602612f891a0bb2ce7ee3a55043ac1fe9ac90308000311d5b5be75b17312999,6,56a5698cf6194dc196f571fef1fdd6ddca699b6dae8087e6cd22b143b926b670
"(3,1,0,0)","(3,1,0,0):iso-00125",1602612f891a0bb2ce7ee3a55043ac1fe9ac90308000311d5b5be75b17312999,6,55b1ba14ee0a5ced9fed6e7f06a06f4b9520e03a4b0a92cefb4eb2a89f881d77
"(3,1,0,0)","(3,1,0,0):iso-00125",1602612f891a0bb2ce7ee3a55043ac1fe9ac90308000311d5b5be75b17312999,6,f70f719f7bba02b07bcce3f2eda718d22e95c40d8647ba2433044222b14d40d2
"(3,1,0,0)","(3,1,0,0):iso-00125",1602612f891a0bb2ce7ee3a55043ac1fe9ac90308000311d5b5be75b17312999,6,812803caa591adea7bcd7cefac5fb25482c4b1c42445500c1065849b096de211
"(3,1,0,0)","(3,1,0,0):iso-00126",3ceb7b35e7008a369bc2b47513dc6f86da67143cd3d717bd2891f97d256983d4,1,3ceb7b35e7008a369bc2b47513dc6f86da67143cd3d717bd2891f97d256983d4
"(3,1,0,0)","(3,1,0,0):iso-00127",fc72f54fffac53cbe16d4940a47d2a2fa7f6822adb87882a9aef246157e5bcc1,1,fc72f54fffac53cbe16d4940a47d2a2fa7f6822adb87882a9aef246157e5bcc1
"(3,1,0,0)","(3,1,0,0):iso-00128",07e037a61c53f2cd3de6e84fa16bf8099fdd19f7ec1ce6906bf5fc4109786306,1,07e037a61c53f2cd3de6e84fa16bf8099fdd19f7ec1ce6906bf5fc4109786306
"(3,1,0,0)","(3,1,0,0):iso-00129",e422db5c4ee34de992500737ab25176b931349cad0e677528da3a041eec75646,1,e422db5c4ee34de992500737ab25176b931349cad0e677528da3a041eec75646
"(3,1,0,0)","(3,1,0,0):iso-00130",74e47dd7ea32830a53fdd32369956c4d8fe49b74b978645da058f2a5c5e4bd62,1,74e47dd7ea32830a53fdd32369956c4d8fe49b74b978645da058f2a5c5e4bd62
"(3,1,0,0)","(3,1,0,0):iso-00131",5c193c116cfaca92ee9f8dcaa657274f2ff8e8dba36f998b0803c77279a6c07e,3,5c193c116cfaca92ee9f8dcaa657274f2ff8e8dba36f998b0803c77279a6c07e
"(3,1,0,0)","(3,1,0,0):iso-00131",5c193c116cfaca92ee9f8dcaa657274f2ff8e8dba36f998b0803c77279a6c07e,3,3192b58250c42e703c585d8946ee3d372ad94718e07043ee1476fd14c413ba6d
"(3,1,0,0)","(3,1,0,0):iso-00131",5c193c116cfaca92ee9f8dcaa657274f2ff8e8dba36f998b0803c77279a6c07e,3,eba6b6ddc415127ec22e69dd69e7c655b56eeb1778872d582f697ef363e8c475
"(3,1,0,0)","(3,1,0,0):iso-00132",4b5183fb1f60f5d3d329dee5e72bff4ba0e286b8730a60b7363064fb46f906ff,3,4b5183fb1f60f5d3d329dee5e72bff4ba0e286b8730a60b7363064fb46f906ff
"(3,1,0,0)","(3,1,0,0):iso-00132",4b5183fb1f60f5d3d329dee5e72bff4ba0e286b8730a60b7363064fb46f906ff,3,77044a44577f331e6eb9e6463e98c0247e5afc59e9e7ec31aac10d89ba2517eb
"(3,1,0,0)","(3,1,0,0):iso-00132",4b5183fb1f60f5d3d329dee5e72bff4ba0e286b8730a60b7363064fb46f906ff,3,b5ce85286aabd218c5978b2635729b1b32e73595268bc4e8513d4a98439c2010
"(3,1,0,0)","(3,1,0,0):iso-00133",4c6210b00b255b8473d65100424364ab8a16f6b1ddac541fbe050a076a0c39c2,1,4c6210b00b255b8473d65100424364ab8a16f6b1ddac541fbe050a076a0c39c2
"(3,1,0,0)","(3,1,0,0):iso-00134",c02bb1de4d791e54537cd276c66bf4b98a0c8fd03d996857232d4497679f3579,1,c02bb1de4d791e54537cd276c66bf4b98a0c8fd03d996857232d4497679f3579
"(3,1,0,0)","(3,1,0,0):iso-00135",669e7a9b99c4fe08d84b9acaa4ef89024c32987efa1053b0b4e2dcd02521b0c2,1,669e7a9b99c4fe08d84b9acaa4ef89024c32987efa1053b0b4e2dcd02521b0c2
"(3,1,0,0)","(3,1,0,0):iso-00136",9e71b9897cb9885e4d1407b2f3f8f7c5dd6db5f36dee9ff2bf37bf8ba5fd289b,7,9e71b9897cb9885e4d1407b2f3f8f7c5dd6db5f36dee9ff2bf37bf8ba5fd289b
"(3,1,0,0)","(3,1,0,0):iso-00136",9e71b9897cb9885e4d1407b2f3f8f7c5dd6db5f36dee9ff2bf37bf8ba5fd289b,7,85364eaa931968d3a5ade56e5e73e228265f7fc0e979117d6e3d097eead7983d
"(3,1,0,0)","(3,1,0,0):iso-00136",9e71b9897cb9885e4d1407b2f3f8f7c5dd6db5f36dee9ff2bf37bf8ba5fd289b,7,a8156ee25da1a3408cd75b55d1f06afb1a401faa74ee64e6bd33acb373adbd6f
"(3,1,0,0)","(3,1,0,0):iso-00136",9e71b9897cb9885e4d1407b2f3f8f7c5dd6db5f36dee9ff2bf37bf8ba5fd289b,7,b1cce71fedfc3d8a19c65e2b8522c4e4deb636d135ea707beb40075d9ec471d8
"(3,1,0,0)","(3,1,0,0):iso-00136",9e71b9897cb9885e4d1407b2f3f8f7c5dd6db5f36dee9ff2bf37bf8ba5fd289b,7,751a6dd3eb7cbad0d4ef3e07f0e4af3a8bb2f4c95a1f2bd6760a1ecca4532860
"(3,1,0,0)","(3,1,0,0):iso-00136",9e71b9897cb9885e4d1407b2f3f8f7c5dd6db5f36dee9ff2bf37bf8ba5fd289b,7,f86963d1a6b6ed0938b9afb9261d34744583baf5c6cfa56b9f3c2e3b0ea3d622
"(3,1,0,0)","(3,1,0,0):iso-00136",9e71b9897cb9885e4d1407b2f3f8f7c5dd6db5f36dee9ff2bf37bf8ba5fd289b,7,73f933ac56b110b89e4c8e5def1a0dbda449eefe99e2da6decd6bea50d69b29b
"(3,1,0,0)","(3,1,0,0):iso-00137",54732e2ed62f09a88d596721caeef5d194453c4fb8c42a16c4ff3b4f279a12bf,2,54732e2ed62f09a88d596721caeef5d194453c4fb8c42a16c4ff3b4f279a12bf
"(3,1,0,0)","(3,1,0,0):iso-00137",54732e2ed62f09a88d596721caeef5d194453c4fb8c42a16c4ff3b4f279a12bf,2,08166cd411c7b3bcda2afc28202b748d6514c1e619a81729503cfd1059bd6f34
"(3,1,0,0)","(3,1,0,0):iso-00138",2c4e320a70e51b87f4c0ace3a561a6594dc8d9b6bf6ea341f574d72debf65a6c,1,2c4e320a70e51b87f4c0ace3a561a6594dc8d9b6bf6ea341f574d72debf65a6c
"(3,1,0,0)","(3,1,0,0):iso-00139",b0c13c05ecaa28b0af8893d3b43536987c035f07372155a1668271b25d7e0f74,1,b0c13c05ecaa28b0af8893d3b43536987c035f07372155a1668271b25d7e0f74
"(3,1,0,0)","(3,1,0,0):iso-00140",8afacbd40ce322da9800fc0f5c17ba8920e0938141bbfff7fed18088cd644017,1,8afacbd40ce322da9800fc0f5c17ba8920e0938141bbfff7fed18088cd644017
"(3,1,0,0)","(3,1,0,0):iso-00141",c7ff22c806650a7778c51b45f2594c97fa901e7b41c620cf77ecf08db4aae08c,1,c7ff22c806650a7778c51b45f2594c97fa901e7b41c620cf77ecf08db4aae08c
"(3,1,0,0)","(3,1,0,0):iso-00142",a450af921b413681a828315e2675cda0014ee26ba44f3dc77636fd8fad897f2c,1,a450af921b413681a828315e2675cda0014ee26ba44f3dc77636fd8fad897f2c
"(3,1,0,0)","(3,1,0,0):iso-00143",b041b84ae0c25bbf41847079a6c70b92fd2bb42d35a0a148eb589d871e7a4bff,1,b041b84ae0c25bbf41847079a6c70b92fd2bb42d35a0a148eb589d871e7a4bff
"(3,1,0,0)","(3,1,0,0):iso-00144",bbd98b09f1657f15cea9b84a057690c7f4600d00426a7a20e95773e4599fe581,1,bbd98b09f1657f15cea9b84a057690c7f4600d00426a7a20e95773e4599fe581
"(3,1,0,0)","(3,1,0,0):iso-00145",16cd56fc4ae29dc4eb567925187ec1cef9b193f501ad4a245e5b66f6da8fdec1,1,16cd56fc4ae29dc4eb567925187ec1cef9b193f501ad4a245e5b66f6da8fdec1
"(3,1,0,0)","(3,1,0,0):iso-00146",e6b9c692f2fd15ff833d044f2f719e392427a2677a3aaa48ba726355f879f428,1,e6b9c692f2fd15ff833d044f2f719e392427a2677a3aaa48ba726355f879f428
"(3,1,0,0)","(3,1,0,0):iso-00147",59a5fb095c353430e9c0ad31aac85a8b386162de8fa5dee4651c2a44f0bf131d,1,59a5fb095c353430e9c0ad31aac85a8b386162de8fa5dee4651c2a44f0bf131d
"(3,1,0,0)","(3,1,0,0):iso-00148",661ecf88e7ff9eff7e560da6c6214f541a96a71c30832a6e110a4ffc2cce3917,1,661ecf88e7ff9eff7e560da6c6214f541a96a71c30832a6e110a4ffc2cce3917
